# Extracted from breakfast_room.obj; see ../license.txt
o ParticleTeapot
v -0.0458095 0.2268163 0.0213581
v -0.0485954 0.2174884 0.0267030
v -0.0485954 0.2174884 0.0267030
v -0.0424123 0.2174896 0.0293919
v -0.0405106 0.2268163 0.0236637
v -0.0407459 0.2372115 0.0243938
v -0.0461575 0.2372115 0.0220360
v -0.0512042 0.2372115 0.0188451
v -0.0507494 0.2268163 0.0182350
v -0.0543575 0.2174896 0.0230597
v -0.0490344 0.2483005 0.0275739
v -0.0427034 0.2483005 0.0303343
v -0.0427034 0.2483005 0.0303343
v -0.0454505 0.2595617 0.0386616
v -0.0530695 0.2595617 0.0353384
v -0.0601779 0.2595617 0.0308412
v -0.0549397 0.2483005 0.0238383
v -0.0568948 0.2704772 0.0426979
v -0.0480544 0.2704772 0.0465548
v -0.0495838 0.2805268 0.0511890
v -0.0591410 0.2805268 0.0470181
v -0.0680578 0.2805268 0.0413747
v -0.0651421 0.2704772 0.0374779
v -0.0651421 0.2704772 0.0374779
v -0.0584387 0.2891901 0.0456694
v -0.0491047 0.2891901 0.0497421
v -0.0460666 0.2958170 0.0405415
v -0.0545467 0.2956873 0.0381874
v -0.0613568 0.2958170 0.0324167
v -0.0613568 0.2958170 0.0324167
v -0.0671469 0.2891901 0.0401570
v -0.0472273 0.2992385 0.0241148
v -0.0399187 0.2997588 0.0219099
v -0.0291609 0.3028770 -0.0106257
v -0.0496348 0.2997588 0.0167456
v -0.0350431 0.2268163 0.0250681
v -0.0360304 0.2174896 0.0310292
v -0.0295647 0.2174896 0.0316308
v -0.0295041 0.2268163 0.0255848
v -0.0295077 0.2372115 0.0263598
v -0.0351620 0.2372115 0.0258298
v -0.0351620 0.2372115 0.0258298
v -0.0361735 0.2483005 0.0320165
v -0.0361735 0.2483005 0.0320165
v -0.0295623 0.2483005 0.0326374
v -0.0295623 0.2483005 0.0326374
v -0.0296411 0.2595617 0.0414366
v -0.0375949 0.2595617 0.0406883
v -0.0389424 0.2704772 0.0489064
v -0.0297163 0.2704772 0.0497760
v -0.0297600 0.2805268 0.0546723
v -0.0397332 0.2805268 0.0537323
v -0.0394845 0.2891901 0.0522272
v -0.0297454 0.2891901 0.0531453
v -0.0296569 0.2958170 0.0434268
v -0.0381128 0.2956873 0.0438744
v -0.0355307 0.2992385 0.0281609
v -0.0294786 0.2997588 0.0237498
v -0.0239917 0.2268163 0.0252282
v -0.0231282 0.2174896 0.0312148
v -0.0168372 0.2174896 0.0297958
v -0.0186031 0.2268163 0.0240130
v -0.0183799 0.2372115 0.0247552
v -0.0238814 0.2372115 0.0259960
v -0.0229851 0.2483005 0.0322142
v -0.0165546 0.2483005 0.0307624
v -0.0139931 0.2595617 0.0391807
v -0.0217286 0.2595617 0.0409272
v -0.0205376 0.2704772 0.0491854
v -0.0115662 0.2704772 0.0471600
v -0.0101411 0.2805268 0.0518439
v -0.0198390 0.2805268 0.0540355
v -0.0200573 0.2891901 0.0525219
v -0.0105862 0.2891901 0.0503837
v -0.0134170 0.2958170 0.0410849
v -0.0212665 0.2956873 0.0441315
v -0.0212665 0.2956873 0.0441315
v -0.0212665 0.2956873 0.0441315
v -0.0235430 0.2992385 0.0283440
v -0.0191465 0.2997588 0.0222604
v -0.0134352 0.2268163 0.0219524
v -0.0108046 0.2174896 0.0273919
v -0.0051455 0.2174896 0.0240190
v -0.0085875 0.2268163 0.0190609
v -0.0081557 0.2372115 0.0196953
v -0.0131053 0.2372115 0.0226497
v -0.0103873 0.2483005 0.0282991
v -0.0103873 0.2483005 0.0282991
v -0.0045997 0.2483005 0.0248413
v 0.0003875 0.2595617 0.0320541
v 0.0003875 0.2595617 0.0320541
v -0.0065754 0.2595617 0.0362165
v -0.0029611 0.2704772 0.0437191
v 0.0051151 0.2704772 0.0388896
v 0.0078913 0.2805268 0.0429029
v -0.0008399 0.2805268 0.0481254
v -0.0015033 0.2891901 0.0467512
v 0.0070229 0.2891901 0.0416513
v 0.0015094 0.2958170 0.0336817
v -0.0051794 0.2956873 0.0391273
v -0.0120938 0.2992385 0.0247831
v -0.0096499 0.2997588 0.0175473
v -0.0041558 0.2268163 0.0153533
v -0.0041558 0.2268163 0.0153533
v -0.0041558 0.2268163 0.0153533
v 0.0000261 0.2174896 0.0196940
v 0.0045257 0.2174896 0.0145710
v -0.0002990 0.2268163 0.0109628
v 0.0003099 0.2372115 0.0114176
v -0.0036294 0.2372115 0.0159051
v 0.0006931 0.2483005 0.0204048
v 0.0053031 0.2483005 0.0151532
v 0.0053031 0.2483005 0.0151532
v 0.0123061 0.2595617 0.0203914
v 0.0067585 0.2595617 0.0267140
v 0.0125062 0.2704772 0.0326920
v 0.0189439 0.2704772 0.0253556
v 0.0189439 0.2704772 0.0253556
v 0.0189439 0.2704772 0.0253556
v 0.0228408 0.2805268 0.0282712
v 0.0158815 0.2805268 0.0362032
v 0.0148263 0.2891901 0.0351068
v 0.0148263 0.2891901 0.0351068
v 0.0148263 0.2891901 0.0351068
v 0.0216231 0.2891901 0.0273604
v 0.0138827 0.2958170 0.0215703
v 0.0089805 0.2956873 0.0290293
v 0.0089805 0.2956873 0.0290293
v -0.0020163 0.2992385 0.0175971
v -0.0017883 0.2997588 0.0098482
v -0.0611446 0.2268163 -0.0272743
v -0.0664896 0.2174884 -0.0300602
v -0.0664896 0.2174884 -0.0300602
v -0.0691784 0.2174896 -0.0238771
v -0.0634502 0.2268163 -0.0219766
v -0.0641803 0.2372115 -0.0222107
v -0.0618226 0.2372115 -0.0276236
v -0.0586304 0.2372115 -0.0326702
v -0.0580215 0.2268163 -0.0322142
v -0.0580215 0.2268163 -0.0322142
v -0.0628462 0.2174896 -0.0358236
v -0.0673604 0.2483005 -0.0304992
v -0.0701208 0.2483005 -0.0241682
v -0.0784481 0.2595617 -0.0269165
v -0.0751250 0.2595617 -0.0345355
v -0.0706278 0.2595617 -0.0416440
v -0.0636248 0.2483005 -0.0364057
v -0.0636248 0.2483005 -0.0364057
v -0.0824844 0.2704772 -0.0383608
v -0.0863413 0.2704772 -0.0295205
v -0.0909755 0.2805268 -0.0310498
v -0.0868046 0.2805268 -0.0406070
v -0.0868046 0.2805268 -0.0406070
v -0.0811612 0.2805268 -0.0495238
v -0.0772644 0.2704772 -0.0466081
v -0.0772644 0.2704772 -0.0466081
v -0.0854559 0.2891901 -0.0399036
v -0.0895286 0.2891901 -0.0305708
v -0.0803280 0.2958170 -0.0275326
v -0.0779739 0.2956873 -0.0360128
v -0.0722032 0.2958170 -0.0428229
v -0.0799436 0.2891901 -0.0486129
v -0.0639001 0.2992385 -0.0286933
v -0.0616964 0.2997588 -0.0213847
v -0.0565322 0.2997588 -0.0311008
v -0.0648546 0.2268163 -0.0165091
v -0.0708157 0.2174896 -0.0174964
v -0.0714173 0.2174896 -0.0110295
v -0.0653713 0.2268163 -0.0109701
v -0.0661463 0.2372115 -0.0109738
v -0.0656163 0.2372115 -0.0166280
v -0.0656163 0.2372115 -0.0166280
v -0.0718030 0.2483005 -0.0176395
v -0.0724240 0.2483005 -0.0110283
v -0.0724240 0.2483005 -0.0110283
v -0.0812231 0.2595617 -0.0111072
v -0.0804748 0.2595617 -0.0190609
v -0.0886930 0.2704772 -0.0204084
v -0.0895626 0.2704772 -0.0111824
v -0.0944588 0.2805268 -0.0112260
v -0.0935188 0.2805268 -0.0211992
v -0.0920137 0.2891901 -0.0209505
v -0.0920137 0.2891901 -0.0209505
v -0.0929318 0.2891901 -0.0112115
v -0.0832134 0.2958170 -0.0111229
v -0.0836609 0.2956873 -0.0195776
v -0.0679474 0.2992385 -0.0169967
v -0.0635363 0.2997588 -0.0109434
v -0.0650147 0.2268163 -0.0054578
v -0.0710013 0.2174896 -0.0045942
v -0.0695823 0.2174896 0.0016968
v -0.0637995 0.2268163 -0.0000679
v -0.0645417 0.2372115 0.0001540
v -0.0657825 0.2372115 -0.0053462
v -0.0720007 0.2483005 -0.0044499
v -0.0705489 0.2483005 0.0019794
v -0.0789672 0.2595617 0.0045409
v -0.0807137 0.2595617 -0.0031934
v -0.0889719 0.2704772 -0.0020036
v -0.0869453 0.2704772 0.0069677
v -0.0916305 0.2805268 0.0083928
v -0.0938221 0.2805268 -0.0013050
v -0.0923084 0.2891901 -0.0015221
v -0.0923084 0.2891901 -0.0015221
v -0.0901690 0.2891901 0.0079477
v -0.0808714 0.2958170 0.0051182
v -0.0839180 0.2956873 -0.0027325
v -0.0681305 0.2992385 -0.0050078
v -0.0620469 0.2997588 -0.0006113
v -0.0617389 0.2268163 0.0050988
v -0.0671784 0.2174896 0.0077294
v -0.0638055 0.2174896 0.0133885
v -0.0588475 0.2268163 0.0099477
v -0.0594818 0.2372115 0.0103782
v -0.0594818 0.2372115 0.0103782
v -0.0624363 0.2372115 0.0054287
v -0.0680856 0.2483005 0.0081466
v -0.0646278 0.2483005 0.0139343
v -0.0718406 0.2595617 0.0189215
v -0.0718406 0.2595617 0.0189215
v -0.0718406 0.2595617 0.0189215
v -0.0760030 0.2595617 0.0119586
v -0.0835057 0.2704772 0.0155728
v -0.0786761 0.2704772 0.0236503
v -0.0826894 0.2805268 0.0264265
v -0.0879119 0.2805268 0.0176941
v -0.0865378 0.2891901 0.0170307
v -0.0865378 0.2891901 0.0170307
v -0.0814378 0.2891901 0.0255581
v -0.0734682 0.2958170 0.0200446
v -0.0789139 0.2956873 0.0133558
v -0.0645684 0.2992385 0.0064414
v -0.0573326 0.2997588 0.0088840
v -0.0551398 0.2268163 0.0143782
v -0.0551398 0.2268163 0.0143782
v -0.0551398 0.2268163 0.0143782
v -0.0594806 0.2174896 0.0185613
v -0.0556917 0.2372115 0.0149046
v -0.0601913 0.2483005 0.0192283
v -0.0665005 0.2595617 0.0252925
v -0.0724785 0.2704772 0.0310401
v -0.0759897 0.2805268 0.0344155
v -0.0748933 0.2891901 0.0333603
v -0.0688158 0.2956873 0.0275144
v -0.0688158 0.2956873 0.0275144
v -0.0573824 0.2992385 0.0165176
v -0.0125122 0.2268163 -0.0426106
v -0.0125122 0.2268163 -0.0426106
v -0.0125122 0.2268163 -0.0426106
v -0.0097263 0.2174884 -0.0479556
v -0.0159094 0.2174896 -0.0506432
v -0.0178099 0.2268163 -0.0449162
v -0.0175758 0.2372115 -0.0456451
v -0.0175758 0.2372115 -0.0456451
v -0.0121629 0.2372115 -0.0432886
v -0.0071163 0.2372115 -0.0400964
v -0.0075723 0.2268163 -0.0394876
v -0.0039629 0.2174896 -0.0443122
v -0.0092873 0.2483005 -0.0488264
v -0.0156183 0.2483005 -0.0515868
v -0.0156183 0.2483005 -0.0515868
v -0.0128700 0.2595617 -0.0599142
v -0.0052510 0.2595617 -0.0565910
v 0.0018575 0.2595617 -0.0520926
v -0.0033808 0.2483005 -0.0450896
v -0.0033808 0.2483005 -0.0450896
v -0.0033808 0.2483005 -0.0450896
v -0.0014257 0.2704772 -0.0639493
v -0.0102661 0.2704772 -0.0678073
v -0.0087367 0.2805268 -0.0724416
v 0.0008205 0.2805268 -0.0682706
v 0.0097373 0.2805268 -0.0626273
v 0.0068216 0.2704772 -0.0587304
v 0.0068216 0.2704772 -0.0587304
v 0.0001170 0.2891901 -0.0669207
v -0.0092157 0.2891901 -0.0709946
v -0.0122539 0.2958170 -0.0617928
v -0.0037737 0.2956873 -0.0594399
v 0.0030363 0.2958170 -0.0536693
v 0.0088264 0.2891901 -0.0614096
v 0.0088264 0.2891901 -0.0614096
v -0.0110932 0.2992385 -0.0453662
v -0.0184018 0.2997588 -0.0431624
v -0.0086857 0.2997588 -0.0379982
v -0.0232774 0.2268163 -0.0463195
v -0.0222901 0.2174896 -0.0522806
v -0.0287570 0.2174896 -0.0528833
v -0.0288164 0.2268163 -0.0468373
v -0.0288164 0.2268163 -0.0468373
v -0.0288128 0.2372115 -0.0476111
v -0.0231585 0.2372115 -0.0470823
v -0.0231585 0.2372115 -0.0470823
v -0.0221470 0.2483005 -0.0532690
v -0.0287582 0.2483005 -0.0538900
v -0.0286794 0.2595617 -0.0626891
v -0.0207256 0.2595617 -0.0619408
v -0.0193781 0.2704772 -0.0701590
v -0.0286042 0.2704772 -0.0710286
v -0.0285605 0.2805268 -0.0759248
v -0.0185873 0.2805268 -0.0749849
v -0.0188360 0.2891901 -0.0734785
v -0.0285750 0.2891901 -0.0743979
v -0.0286636 0.2958170 -0.0646782
v -0.0202089 0.2956873 -0.0651269
v -0.0227898 0.2992385 -0.0494134
v -0.0288431 0.2997588 -0.0450023
v -0.0288431 0.2997588 -0.0450023
v -0.0343287 0.2268163 -0.0464808
v -0.0351923 0.2174896 -0.0524673
v -0.0414833 0.2174896 -0.0510483
v -0.0397186 0.2268163 -0.0452655
v -0.0399405 0.2372115 -0.0460078
v -0.0399405 0.2372115 -0.0460078
v -0.0344403 0.2372115 -0.0472485
v -0.0353366 0.2483005 -0.0534655
v -0.0417659 0.2483005 -0.0520137
v -0.0443274 0.2595617 -0.0604332
v -0.0365919 0.2595617 -0.0621797
v -0.0377829 0.2704772 -0.0704379
v -0.0467543 0.2704772 -0.0684113
v -0.0481793 0.2805268 -0.0730965
v -0.0384815 0.2805268 -0.0752869
v -0.0382644 0.2891901 -0.0737745
v -0.0477342 0.2891901 -0.0716350
v -0.0449035 0.2958170 -0.0623374
v -0.0370540 0.2956873 -0.0653828
v -0.0370540 0.2956873 -0.0653828
v -0.0347787 0.2992385 -0.0495965
v -0.0391752 0.2997588 -0.0435117
v -0.0448853 0.2268163 -0.0432049
v -0.0448853 0.2268163 -0.0432049
v -0.0475159 0.2174896 -0.0486445
v -0.0531750 0.2174896 -0.0452716
v -0.0497342 0.2268163 -0.0403135
v -0.0501648 0.2372115 -0.0409478
v -0.0501648 0.2372115 -0.0409478
v -0.0452152 0.2372115 -0.0439023
v -0.0479331 0.2483005 -0.0495517
v -0.0479331 0.2483005 -0.0495517
v -0.0479331 0.2483005 -0.0495517
v -0.0537208 0.2483005 -0.0460939
v -0.0587080 0.2595617 -0.0533066
v -0.0587080 0.2595617 -0.0533066
v -0.0587080 0.2595617 -0.0533066
v -0.0517451 0.2595617 -0.0574691
v -0.0553593 0.2704772 -0.0649717
v -0.0634368 0.2704772 -0.0601422
v -0.0662130 0.2805268 -0.0641554
v -0.0574806 0.2805268 -0.0693779
v -0.0568172 0.2891901 -0.0680038
v -0.0653446 0.2891901 -0.0629038
v -0.0598311 0.2958170 -0.0549342
v -0.0531423 0.2956873 -0.0603787
v -0.0462279 0.2992385 -0.0460344
v -0.0486705 0.2997588 -0.0387987
v -0.0541647 0.2268163 -0.0366059
v -0.0541647 0.2268163 -0.0366059
v -0.0541647 0.2268163 -0.0366059
v -0.0583478 0.2174896 -0.0409454
v -0.0546911 0.2372115 -0.0371577
v -0.0590148 0.2483005 -0.0416573
v -0.0650790 0.2595617 -0.0479653
v -0.0708267 0.2704772 -0.0539446
v -0.0742020 0.2805268 -0.0574557
v -0.0731468 0.2891901 -0.0563593
v -0.0731468 0.2891901 -0.0563593
v -0.0731468 0.2891901 -0.0563593
v -0.0673009 0.2956873 -0.0502818
v -0.0673009 0.2956873 -0.0502818
v -0.0563041 0.2992385 -0.0388484
v 0.0028241 0.2268163 0.0060229
v 0.0028241 0.2268163 0.0060229
v 0.0081691 0.2174884 0.0088088
v 0.0108579 0.2174896 0.0026258
v 0.0051297 0.2268163 0.0007241
v 0.0058598 0.2372115 0.0009594
v 0.0035021 0.2372115 0.0063710
v 0.0090399 0.2483005 0.0092479
v 0.0118003 0.2483005 0.0029169
v 0.0118003 0.2483005 0.0029169
v 0.0201276 0.2595617 0.0056639
v 0.0168045 0.2595617 0.0132830
v 0.0241627 0.2704772 0.0171083
v 0.0280208 0.2704772 0.0082691
v 0.0326550 0.2805268 0.0097973
v 0.0284841 0.2805268 0.0193545
v 0.0284841 0.2805268 0.0193545
v 0.0271342 0.2891901 0.0186522
v 0.0312081 0.2891901 0.0093182
v 0.0312081 0.2891901 0.0093182
v 0.0220063 0.2958170 0.0062801
v 0.0196534 0.2956873 0.0147602
v 0.0055797 0.2992385 0.0074408
v 0.0033759 0.2997588 0.0001322
v 0.0065329 0.2268163 -0.0047434
v 0.0124940 0.2174896 -0.0037562
v 0.0130968 0.2174896 -0.0102218
v 0.0070508 0.2268163 -0.0102824
v 0.0078246 0.2372115 -0.0102788
v 0.0072958 0.2372115 -0.0046245
v 0.0072958 0.2372115 -0.0046245
v 0.0134825 0.2483005 -0.0036118
v 0.0141035 0.2483005 -0.0102242
v 0.0229026 0.2595617 -0.0101454
v 0.0221543 0.2595617 -0.0021916
v 0.0303725 0.2704772 -0.0008441
v 0.0312421 0.2704772 -0.0100702
v 0.0361383 0.2805268 -0.0100265
v 0.0351984 0.2805268 -0.0000534
v 0.0336920 0.2891901 -0.0003020
v 0.0346113 0.2891901 -0.0100411
v 0.0248917 0.2958170 -0.0101296
v 0.0253404 0.2956873 -0.0016737
v 0.0096269 0.2992385 -0.0042546
v 0.0052158 0.2997588 -0.0103079
v 0.0052158 0.2997588 -0.0103079
v 0.0066943 0.2268163 -0.0157948
v 0.0126808 0.2174896 -0.0166583
v 0.0112618 0.2174896 -0.0229493
v 0.0054790 0.2268163 -0.0211834
v 0.0062212 0.2372115 -0.0214066
v 0.0074620 0.2372115 -0.0159051
v 0.0136790 0.2483005 -0.0168014
v 0.0122272 0.2483005 -0.0232319
v 0.0206467 0.2595617 -0.0257922
v 0.0223932 0.2595617 -0.0180579
v 0.0306514 0.2704772 -0.0192489
v 0.0286248 0.2704772 -0.0282203
v 0.0333100 0.2805268 -0.0296454
v 0.0355003 0.2805268 -0.0199475
v 0.0339879 0.2891901 -0.0197292
v 0.0318485 0.2891901 -0.0292003
v 0.0225509 0.2958170 -0.0263695
v 0.0255975 0.2956873 -0.0185200
v 0.0255975 0.2956873 -0.0185200
v 0.0255975 0.2956873 -0.0185200
v 0.0098100 0.2992385 -0.0162435
v 0.0037252 0.2997588 -0.0206401
v 0.0034184 0.2268163 -0.0263513
v 0.0088580 0.2174896 -0.0289820
v 0.0054851 0.2174896 -0.0346411
v 0.0005270 0.2268163 -0.0311990
v 0.0011613 0.2372115 -0.0316308
v 0.0011613 0.2372115 -0.0316308
v 0.0041158 0.2372115 -0.0266812
v 0.0097652 0.2483005 -0.0293980
v 0.0063074 0.2483005 -0.0351868
v 0.0135201 0.2595617 -0.0401740
v 0.0135201 0.2595617 -0.0401740
v 0.0135201 0.2595617 -0.0401740
v 0.0176826 0.2595617 -0.0332111
v 0.0251852 0.2704772 -0.0368242
v 0.0203557 0.2704772 -0.0449017
v 0.0203557 0.2704772 -0.0449017
v 0.0243689 0.2805268 -0.0476778
v 0.0295914 0.2805268 -0.0389466
v 0.0282173 0.2891901 -0.0382832
v 0.0282173 0.2891901 -0.0382832
v 0.0231173 0.2891901 -0.0468094
v 0.0231173 0.2891901 -0.0468094
v 0.0151477 0.2958170 -0.0412959
v 0.0205922 0.2956873 -0.0346071
v 0.0205922 0.2956873 -0.0346071
v 0.0205922 0.2956873 -0.0346071
v 0.0062479 0.2992385 -0.0276927
v -0.0009879 0.2997588 -0.0301366
v -0.0031807 0.2268163 -0.0356307
v 0.0011589 0.2174896 -0.0398126
v -0.0026288 0.2372115 -0.0361571
v 0.0018708 0.2483005 -0.0404797
v 0.0081788 0.2595617 -0.0465438
v 0.0141581 0.2704772 -0.0522927
v 0.0176692 0.2805268 -0.0556680
v 0.0165728 0.2891901 -0.0546128
v 0.0104953 0.2956873 -0.0487670
v 0.0104953 0.2956873 -0.0487670
v -0.0009381 0.2992385 -0.0377702
v -0.1391482 0.1661757 0.2006263
v -0.1391482 0.1661757 0.2006263
v -0.1433288 0.1590139 0.2086553
v -0.1070104 0.1590139 0.2244452
v -0.1041603 0.1661757 0.2158377
v -0.1002671 0.1728172 0.2040853
v -0.1334406 0.1728172 0.1896623
v -0.1643594 0.1728172 0.1701198
v -0.1717602 0.1661757 0.1800141
v -0.1771803 0.1590139 0.1872596
v -0.1246754 0.1784193 0.1728281
v -0.0942914 0.1784193 0.1860383
v -0.0868058 0.1833276 0.1634359
v -0.1136980 0.1833276 0.1517429
v -0.1387637 0.1833276 0.1359008
v -0.1529964 0.1784193 0.1549278
v -0.1013501 0.1878903 0.1280271
v -0.0783863 0.1878903 0.1380112
v -0.0696065 0.1924530 0.1115022
v -0.0884759 0.1924530 0.1032986
v -0.1060620 0.1924530 0.0921829
v -0.1227543 0.1878903 0.1144991
v -0.0759169 0.1973626 0.0791776
v -0.0610427 0.1973626 0.0856445
v -0.0532696 0.2029647 0.0621737
v -0.0645175 0.2029647 0.0572835
v -0.0750012 0.2029647 0.0506578
v -0.0897797 0.1973626 0.0704161
v -0.0551204 0.2096062 0.0392353
v -0.0468622 0.2096062 0.0428253
v -0.0628183 0.2096062 0.0343706
v -0.0680444 0.1661757 0.2251002
v -0.0695229 0.1590139 0.2340594
v -0.0315380 0.1590139 0.2375948
v -0.0314507 0.1661757 0.2285058
v -0.0313318 0.1728172 0.2160948
v -0.0660262 0.1728172 0.2128663
v -0.0629287 0.1784193 0.1940818
v -0.0629287 0.1784193 0.1940818
v -0.0311499 0.1784193 0.1970399
v -0.0309207 0.1833276 0.1731725
v -0.0590476 0.1833276 0.1705540
v -0.0546814 0.1878903 0.1440911
v -0.0306636 0.1878903 0.1463264
v -0.0303955 0.1924530 0.1183341
v -0.0501308 0.1924530 0.1164979
v -0.0456906 0.1973626 0.0895826
v -0.0301348 0.1973626 0.0910295
v -0.0298970 0.2029647 0.0662464
v -0.0416603 0.2029647 0.0651512
v -0.0383384 0.2096062 0.0450120
v -0.0297006 0.2096062 0.0458161
v 0.0049732 0.1661757 0.2261493
v 0.0062710 0.1590139 0.2351485
v 0.0432310 0.1590139 0.2268163
v 0.0405809 0.1661757 0.2181227
v 0.0369606 0.1728172 0.2062502
v 0.0032013 0.1728172 0.2138608
v 0.0032013 0.1728172 0.2138608
v 0.0004821 0.1784193 0.1949927
v 0.0314034 0.1784193 0.1880213
v 0.0244429 0.1833276 0.1651908
v -0.0029248 0.1833276 0.1713605
v -0.0067573 0.1878903 0.1447788
v 0.0166128 0.1878903 0.1395102
v 0.0084492 0.1924530 0.1127344
v -0.0107524 0.1924530 0.1170630
v -0.0146505 0.1973626 0.0900277
v 0.0004870 0.1973626 0.0866160
v -0.0067416 0.2029647 0.0629074
v -0.0181871 0.2029647 0.0654884
v -0.0211040 0.2096062 0.0452594
v -0.0127002 0.2096062 0.0433650
v 0.0747223 0.1661757 0.2045195
v 0.0786701 0.1590139 0.2126965
v 0.1119164 0.1590139 0.1928848
v 0.1067509 0.1661757 0.1854331
v 0.0996970 0.1728172 0.1752574
v 0.0693312 0.1728172 0.1933529
v 0.0610524 0.1784193 0.1762083
v 0.0610524 0.1784193 0.1762083
v 0.0888664 0.1784193 0.1596336
v 0.0753020 0.1833276 0.1400657
v 0.0506839 0.1833276 0.1547350
v 0.0390224 0.1878903 0.1305825
v 0.0600433 0.1878903 0.1180551
v 0.0441345 0.1924530 0.0951058
v 0.0268613 0.1924530 0.1053980
v 0.0150010 0.1973626 0.0808332
v 0.0286163 0.1973626 0.0727193
v 0.0145304 0.2029647 0.0523994
v 0.0042334 0.2029647 0.0585352
v -0.0046409 0.2096062 0.0401534
v 0.0029187 0.2096062 0.0356489
v 0.1360179 0.1661757 0.1609580
v 0.1422955 0.1590139 0.1674795
v 0.1687257 0.1590139 0.1373938
v 0.1614802 0.1661757 0.1319737
v 0.1515858 0.1728172 0.1245729
v 0.1274455 0.1728172 0.1520522
v 0.1142826 0.1784193 0.1383799
v 0.1363938 0.1784193 0.1132099
v 0.1173669 0.1833276 0.0989772
v 0.0977965 0.1833276 0.1212546
v 0.0792522 0.1878903 0.1019911
v 0.0959639 0.1878903 0.0829678
v 0.0736489 0.1924530 0.0662755
v 0.0599172 0.1924530 0.0819065
v 0.0410576 0.1973626 0.0623144
v 0.0518809 0.1973626 0.0499944
v 0.0321238 0.2029647 0.0352147
v 0.0239384 0.2029647 0.0445317
v 0.0098258 0.2096062 0.0298722
v 0.0098258 0.2096062 0.0298722
v 0.0158354 0.2096062 0.0230318
v -0.2404128 0.1661757 -0.1206142
v -0.2404128 0.1661757 -0.1206142
v -0.2484418 0.1590139 -0.1247949
v -0.2484418 0.1590139 -0.1247949
v -0.2642317 0.1590139 -0.0884765
v -0.2556242 0.1661757 -0.0856263
v -0.2438706 0.1728172 -0.0817331
v -0.2294488 0.1728172 -0.1149054
v -0.2099063 0.1728172 -0.1458255
v -0.2198007 0.1661757 -0.1532262
v -0.2270461 0.1590139 -0.1586464
v -0.2126146 0.1784193 -0.1061414
v -0.2258248 0.1784193 -0.0757562
v -0.2032224 0.1833276 -0.0682706
v -0.1915294 0.1833276 -0.0951641
v -0.1756873 0.1833276 -0.1202285
v -0.1947143 0.1784193 -0.1344612
v -0.1678136 0.1878903 -0.0828162
v -0.1777977 0.1878903 -0.0598511
v -0.1512887 0.1924530 -0.0510726
v -0.1430851 0.1924530 -0.0699407
v -0.1319694 0.1924530 -0.0875280
v -0.1542856 0.1878903 -0.1042203
v -0.1189642 0.1973626 -0.0573830
v -0.1254310 0.1973626 -0.0425087
v -0.1019602 0.2029647 -0.0347357
v -0.0970700 0.2029647 -0.0459835
v -0.0904443 0.2029647 -0.0564661
v -0.1102026 0.1973626 -0.0712457
v -0.0790218 0.2096062 -0.0365864
v -0.0790218 0.2096062 -0.0365864
v -0.0826118 0.2096062 -0.0283282
v -0.0741571 0.2096062 -0.0442831
v -0.2648867 0.1661757 -0.0495104
v -0.2738459 0.1590139 -0.0509889
v -0.2773813 0.1590139 -0.0130040
v -0.2682923 0.1661757 -0.0129167
v -0.2558814 0.1728172 -0.0127979
v -0.2526528 0.1728172 -0.0474923
v -0.2338684 0.1784193 -0.0443935
v -0.2338684 0.1784193 -0.0443935
v -0.2368265 0.1784193 -0.0126147
v -0.2129590 0.1833276 -0.0123867
v -0.2103405 0.1833276 -0.0405124
v -0.1838776 0.1878903 -0.0361474
v -0.1861129 0.1878903 -0.0121296
v -0.1581206 0.1924530 -0.0118615
v -0.1562844 0.1924530 -0.0315956
v -0.1293691 0.1973626 -0.0271554
v -0.1308160 0.1973626 -0.0115996
v -0.1060329 0.2029647 -0.0113619
v -0.1049377 0.2029647 -0.0231264
v -0.0847985 0.2096062 -0.0198032
v -0.0856014 0.2096062 -0.0111666
v -0.2659358 0.1661757 0.0235072
v -0.2749350 0.1590139 0.0248049
v -0.2666028 0.1590139 0.0617649
v -0.2579092 0.1661757 0.0591149
v -0.2460368 0.1728172 0.0554958
v -0.2536473 0.1728172 0.0217365
v -0.2536473 0.1728172 0.0217365
v -0.2347792 0.1784193 0.0190161
v -0.2278078 0.1784193 0.0499374
v -0.2049774 0.1833276 0.0429769
v -0.2111471 0.1833276 0.0156092
v -0.1845653 0.1878903 0.0117779
v -0.1792967 0.1878903 0.0351480
v -0.1525209 0.1924530 0.0269844
v -0.1568496 0.1924530 0.0077816
v -0.1298142 0.1973626 0.0038847
v -0.1264025 0.1973626 0.0190209
v -0.1026940 0.2029647 0.0117936
v -0.1052749 0.2029647 0.0003469
v -0.0850460 0.2096062 -0.0025700
v -0.0831515 0.2096062 0.0058350
v -0.2443060 0.1661757 0.0932563
v -0.2524830 0.1590139 0.0972053
v -0.2326713 0.1590139 0.1304503
v -0.2252196 0.1661757 0.1252849
v -0.2150439 0.1728172 0.1182310
v -0.2331394 0.1728172 0.0878652
v -0.2159948 0.1784193 0.0795864
v -0.2159948 0.1784193 0.0795864
v -0.1994201 0.1784193 0.1074004
v -0.1798522 0.1833276 0.0938360
v -0.1945215 0.1833276 0.0692190
v -0.1703691 0.1878903 0.0575564
v -0.1578417 0.1878903 0.0785773
v -0.1348924 0.1924530 0.0626685
v -0.1451845 0.1924530 0.0453965
v -0.1206197 0.1973626 0.0335349
v -0.1125058 0.1973626 0.0471503
v -0.0921859 0.2029647 0.0330644
v -0.0983217 0.2029647 0.0227686
v -0.0799399 0.2096062 0.0138930
v -0.0799399 0.2096062 0.0138930
v -0.0754354 0.2096062 0.0214527
v -0.2007446 0.1661757 0.1545518
v -0.2072660 0.1590139 0.1608307
v -0.1918387 0.1728172 0.1459795
v -0.1781664 0.1784193 0.1328166
v -0.1610399 0.1833276 0.1163305
v -0.1417776 0.1878903 0.0977874
v -0.1216930 0.1924530 0.0784524
v -0.1021009 0.1973626 0.0595915
v -0.0843183 0.2029647 0.0424723
v -0.0696587 0.2096062 0.0283610
v 0.0808277 0.1661757 -0.2218776
v 0.0808277 0.1661757 -0.2218776
v 0.0850084 0.1590139 -0.2299078
v 0.0850084 0.1590139 -0.2299078
v 0.0486900 0.1590139 -0.2456978
v 0.0458398 0.1661757 -0.2370903
v 0.0419466 0.1728172 -0.2253367
v 0.0751189 0.1728172 -0.2109148
v 0.1060390 0.1728172 -0.1913724
v 0.1134397 0.1661757 -0.2012667
v 0.1188599 0.1590139 -0.2085122
v 0.1188599 0.1590139 -0.2085122
v 0.0663549 0.1784193 -0.1940806
v 0.0359697 0.1784193 -0.2072908
v 0.0284841 0.1833276 -0.1846872
v 0.0553775 0.1833276 -0.1729955
v 0.0804420 0.1833276 -0.1571534
v 0.0946747 0.1784193 -0.1761804
v 0.0946747 0.1784193 -0.1761804
v 0.0430296 0.1878903 -0.1492796
v 0.0200646 0.1878903 -0.1592637
v 0.0112861 0.1924530 -0.1327547
v 0.0301542 0.1924530 -0.1245511
v 0.0477415 0.1924530 -0.1134354
v 0.0644338 0.1878903 -0.1357504
v 0.0175964 0.1973626 -0.1004302
v 0.0027222 0.1973626 -0.1068970
v -0.0050509 0.2029647 -0.0834262
v 0.0061970 0.2029647 -0.0785361
v 0.0166808 0.2029647 -0.0719103
v 0.0314592 0.1973626 -0.0916674
v -0.0032001 0.2096062 -0.0604878
v -0.0114583 0.2096062 -0.0640778
v 0.0044966 0.2096062 -0.0556219
v 0.0097239 0.1661757 -0.2463527
v 0.0112024 0.1590139 -0.2553119
v -0.0267825 0.1590139 -0.2588473
v -0.0268698 0.1661757 -0.2497583
v -0.0269887 0.1728172 -0.2373474
v 0.0077058 0.1728172 -0.2341188
v 0.0046070 0.1784193 -0.2153344
v 0.0046070 0.1784193 -0.2153344
v -0.0271706 0.1784193 -0.2182913
v -0.0273998 0.1833276 -0.1944239
v 0.0007259 0.1833276 -0.1918066
v -0.0036391 0.1878903 -0.1653425
v -0.0276569 0.1878903 -0.1675777
v -0.0279250 0.1924530 -0.1395866
v -0.0081909 0.1924530 -0.1377492
v -0.0126299 0.1973626 -0.1108339
v -0.0281869 0.1973626 -0.1122820
v -0.0284234 0.2029647 -0.0874977
v -0.0166601 0.2029647 -0.0864037
v -0.0199821 0.2096062 -0.0662634
v -0.0286199 0.2096062 -0.0670675
v -0.0632937 0.1661757 -0.2474006
v -0.0645915 0.1590139 -0.2563998
v -0.1015515 0.1590139 -0.2480689
v -0.0989014 0.1661757 -0.2393740
v -0.0952811 0.1728172 -0.2275016
v -0.0615230 0.1728172 -0.2351121
v -0.0615230 0.1728172 -0.2351121
v -0.0588026 0.1784193 -0.2162440
v -0.0897239 0.1784193 -0.2092738
v -0.0827634 0.1833276 -0.1864434
v -0.0553957 0.1833276 -0.1926119
v -0.0515632 0.1878903 -0.1660313
v -0.0749345 0.1878903 -0.1607628
v -0.0667709 0.1924530 -0.1339870
v -0.0475681 0.1924530 -0.1383156
v -0.0436712 0.1973626 -0.1112802
v -0.0588074 0.1973626 -0.1078685
v -0.0515789 0.2029647 -0.0841600
v -0.0401334 0.2029647 -0.0867409
v -0.0372165 0.2096062 -0.0665108
v -0.0456215 0.2096062 -0.0646163
v -0.1330428 0.1661757 -0.2257708
v -0.1369918 0.1590139 -0.2339478
v -0.1369918 0.1590139 -0.2339478
v -0.1702369 0.1590139 -0.2141373
v -0.1650714 0.1661757 -0.2066856
v -0.1580175 0.1728172 -0.1965099
v -0.1276517 0.1728172 -0.2146055
v -0.1193729 0.1784193 -0.1974608
v -0.1193729 0.1784193 -0.1974608
v -0.1471869 0.1784193 -0.1808862
v -0.1336225 0.1833276 -0.1613183
v -0.1090056 0.1833276 -0.1759875
v -0.0973429 0.1878903 -0.1518339
v -0.1183638 0.1878903 -0.1393077
v -0.1024550 0.1924530 -0.1163572
v -0.0851830 0.1924530 -0.1266505
v -0.0733215 0.1973626 -0.1020845
v -0.0869368 0.1973626 -0.0939718
v -0.0728509 0.2029647 -0.0736520
v -0.0625551 0.2029647 -0.0797877
v -0.0536796 0.2096062 -0.0614059
v -0.0536796 0.2096062 -0.0614059
v -0.0612392 0.2096062 -0.0569015
v -0.1943384 0.1661757 -0.1822094
v -0.2006172 0.1590139 -0.1887308
v -0.2006172 0.1590139 -0.1887308
v -0.1857660 0.1728172 -0.1733047
v -0.1726031 0.1784193 -0.1596312
v -0.1561170 0.1833276 -0.1425059
v -0.1375739 0.1878903 -0.1232437
v -0.1182389 0.1924530 -0.1031591
v -0.0993781 0.1973626 -0.0835669
v -0.0822589 0.2029647 -0.0657843
v -0.0681475 0.2096062 -0.0511247
v 0.1820923 0.1661757 0.0993617
v 0.1820923 0.1661757 0.0993617
v 0.1901213 0.1590139 0.1035423
v 0.2059112 0.1590139 0.0672239
v 0.1973037 0.1661757 0.0643738
v 0.1855501 0.1728172 0.0604806
v 0.1711283 0.1728172 0.0936541
v 0.1542941 0.1784193 0.0848889
v 0.1675043 0.1784193 0.0545049
v 0.1449007 0.1833276 0.0470193
v 0.1332089 0.1833276 0.0739115
v 0.1094931 0.1878903 0.0615636
v 0.1194772 0.1878903 0.0385998
v 0.0929682 0.1924530 0.0298200
v 0.0847646 0.1924530 0.0486893
v 0.0606437 0.1973626 0.0361304
v 0.0671105 0.1973626 0.0212562
v 0.0436397 0.2029647 0.0134831
v 0.0387495 0.2029647 0.0247310
v 0.0207013 0.2096062 0.0153339
v 0.0207013 0.2096062 0.0153339
v 0.0242913 0.2096062 0.0070757
v 0.2065662 0.1661757 0.0282579
v 0.2155254 0.1590139 0.0297363
v 0.2190608 0.1590139 -0.0082485
v 0.2099718 0.1661757 -0.0083358
v 0.1975609 0.1728172 -0.0084547
v 0.1943323 0.1728172 0.0262397
v 0.1755479 0.1784193 0.0231421
v 0.1755479 0.1784193 0.0231421
v 0.1785048 0.1784193 -0.0086366
v 0.1546373 0.1833276 -0.0088658
v 0.1520200 0.1833276 0.0192611
v 0.1255559 0.1878903 0.0148949
v 0.1277912 0.1878903 -0.0091230
v 0.0998001 0.1924530 -0.0093910
v 0.0979627 0.1924530 0.0103443
v 0.0710474 0.1973626 0.0059041
v 0.0724955 0.1973626 -0.0096518
v 0.0477112 0.2029647 -0.0098895
v 0.0466172 0.2029647 0.0018738
v 0.0264768 0.2096062 -0.0014481
v 0.0272810 0.2096062 -0.0100860
v 0.2076153 0.1661757 -0.0447598
v 0.2166133 0.1590139 -0.0460575
v 0.2082823 0.1590139 -0.0830175
v 0.1995875 0.1661757 -0.0803662
v 0.1877163 0.1728172 -0.0767471
v 0.1953256 0.1728172 -0.0429878
v 0.1764587 0.1784193 -0.0402686
v 0.1694873 0.1784193 -0.0711899
v 0.1466569 0.1833276 -0.0642294
v 0.1528266 0.1833276 -0.0368618
v 0.1262448 0.1878903 -0.0330292
v 0.1209763 0.1878903 -0.0563994
v 0.0942005 0.1924530 -0.0482357
v 0.0985291 0.1924530 -0.0290341
v 0.0714937 0.1973626 -0.0251361
v 0.0680808 0.1973626 -0.0402735
v 0.0443735 0.2029647 -0.0330450
v 0.0469544 0.2029647 -0.0215982
v 0.0267255 0.2096062 -0.0186825
v 0.0248298 0.2096062 -0.0270863
v 0.1859843 0.1661757 -0.1145088
v 0.1941613 0.1590139 -0.1184566
v 0.1941613 0.1590139 -0.1184566
v 0.1743508 0.1590139 -0.1517029
v 0.1668991 0.1661757 -0.1465374
v 0.1567234 0.1728172 -0.1394835
v 0.1748190 0.1728172 -0.1091165
v 0.1576743 0.1784193 -0.1008389
v 0.1410997 0.1784193 -0.1286529
v 0.1410997 0.1784193 -0.1286529
v 0.1215317 0.1833276 -0.1150885
v 0.1362010 0.1833276 -0.0904704
v 0.1120474 0.1878903 -0.0788077
v 0.0995212 0.1878903 -0.0998298
v 0.0765719 0.1924530 -0.0839211
v 0.0868640 0.1924530 -0.0666478
v 0.0622992 0.1973626 -0.0547863
v 0.0541853 0.1973626 -0.0684028
v 0.0338654 0.2029647 -0.0543169
v 0.0400012 0.2029647 -0.0440199
v 0.0216194 0.2096062 -0.0351456
v 0.0216194 0.2096062 -0.0351456
v 0.0171150 0.2096062 -0.0427052
v 0.0171150 0.2096062 -0.0427052
v 0.1424229 0.1661757 -0.1758044
v 0.1489443 0.1590139 -0.1820820
v 0.1335182 0.1728172 -0.1672321
v 0.1198447 0.1784193 -0.1540691
v 0.1027194 0.1833276 -0.1375830
v 0.0834571 0.1878903 -0.1190388
v 0.0633726 0.1924530 -0.0997037
v 0.0437804 0.1973626 -0.0808441
v 0.0259978 0.2029647 -0.0637249
v 0.0113382 0.2096062 -0.0496123
v -0.1591200 0.1650781 0.2389835
v -0.1620745 0.1529642 0.2446596
v -0.1197925 0.1529642 0.2630425
v -0.1177780 0.1650781 0.2569577
v -0.1165724 0.1703842 0.2533180
v -0.1573517 0.1703842 0.2355888
v -0.1953608 0.1703842 0.2115661
v -0.1976518 0.1650781 0.2146285
v -0.1976518 0.1650781 0.2146285
v -0.2014844 0.1529642 0.2197515
v -0.1555979 0.1741743 0.2322195
v -0.1153766 0.1741743 0.2497062
v -0.1142608 0.1764484 0.2463394
v -0.1142608 0.1764484 0.2463394
v -0.1539618 0.1764484 0.2290783
v -0.1539618 0.1764484 0.2290783
v -0.1909655 0.1764484 0.2056899
v -0.1930867 0.1741743 0.2085243
v -0.1525501 0.1772064 0.2263664
v -0.1525501 0.1772064 0.2263664
v -0.1132990 0.1772064 0.2434322
v -0.1132990 0.1772064 0.2434322
v -0.1132990 0.1772064 0.2434322
v -0.1125604 0.1764484 0.2412030
v -0.1125604 0.1764484 0.2412030
v -0.1514682 0.1764484 0.2242875
v -0.1514682 0.1764484 0.2242875
v -0.1514682 0.1764484 0.2242875
v -0.1877320 0.1764484 0.2013674
v -0.1877320 0.1764484 0.2013674
v -0.1891353 0.1772064 0.2032424
v -0.1891353 0.1772064 0.2032424
v -0.1508205 0.1741743 0.2230432
v -0.1121189 0.1741743 0.2398701
v -0.1120449 0.1703842 0.2396481
v -0.1507126 0.1703842 0.2228370
v -0.1867533 0.1703842 0.2000575
v -0.1868927 0.1741743 0.2002443
v -0.1868927 0.1741743 0.2002443
v -0.1512511 0.1650781 0.2238703
v -0.1124124 0.1650781 0.2407555
v -0.1129994 0.1590139 0.2425274
v -0.1521110 0.1590139 0.2255234
v -0.1521110 0.1590139 0.2255234
v -0.1885665 0.1590139 0.2024819
v -0.1874507 0.1650781 0.2009902
v -0.0751055 0.1650781 0.2679012
v -0.0761498 0.1529642 0.2742358
v -0.0319285 0.1529642 0.2783510
v -0.0318667 0.1650781 0.2719254
v -0.0318303 0.1703842 0.2680831
v -0.0744797 0.1703842 0.2641135
v -0.0744797 0.1703842 0.2641135
v -0.0738600 0.1741743 0.2603537
v -0.0738600 0.1741743 0.2603537
v -0.0738600 0.1741743 0.2603537
v -0.0317939 0.1741743 0.2642687
v -0.0317939 0.1741743 0.2642687
v -0.0317600 0.1764484 0.2607127
v -0.0732814 0.1764484 0.2568486
v -0.0732814 0.1764484 0.2568486
v -0.0727830 0.1772064 0.2538226
v -0.0317296 0.1772064 0.2576442
v -0.0317078 0.1764484 0.2552901
v -0.0723997 0.1764484 0.2515036
v -0.0721705 0.1741743 0.2501149
v -0.0316945 0.1741743 0.2538820
v -0.0316920 0.1703842 0.2536479
v -0.0721329 0.1703842 0.2498845
v -0.0723233 0.1650781 0.2510367
v -0.0317030 0.1650781 0.2548183
v -0.0317211 0.1590139 0.2566885
v -0.0726277 0.1590139 0.2528814
v 0.0111708 0.1650781 0.2691407
v 0.0120877 0.1529642 0.2755020
v 0.0551168 0.1529642 0.2658030
v 0.0532429 0.1650781 0.2596563
v 0.0521223 0.1703842 0.2559802
v 0.0106226 0.1703842 0.2653360
v 0.0100781 0.1741743 0.2615592
v 0.0510101 0.1741743 0.2523320
v 0.0510101 0.1741743 0.2523320
v 0.0510101 0.1741743 0.2523320
v 0.0499731 0.1764484 0.2489300
v 0.0499731 0.1764484 0.2489300
v 0.0095711 0.1764484 0.2580384
v 0.0091321 0.1772064 0.2549990
v 0.0490781 0.1772064 0.2459949
v 0.0483916 0.1764484 0.2437427
v 0.0087961 0.1764484 0.2526692
v 0.0087961 0.1764484 0.2526692
v 0.0087961 0.1764484 0.2526692
v 0.0085960 0.1741743 0.2512744
v 0.0479817 0.1741743 0.2423964
v 0.0479125 0.1703842 0.2421720
v 0.0085620 0.1703842 0.2510427
v 0.0085620 0.1703842 0.2510427
v 0.0087294 0.1650781 0.2522010
v 0.0482533 0.1650781 0.2432915
v 0.0487991 0.1590139 0.2450804
v 0.0089962 0.1590139 0.2540542
v 0.0935843 0.1650781 0.2435838
v 0.0963751 0.1529642 0.2493642
v 0.1350803 0.1529642 0.2262996
v 0.1314285 0.1650781 0.2210323
v 0.1292442 0.1703842 0.2178813
v 0.0919155 0.1703842 0.2401260
v 0.0919155 0.1703842 0.2401260
v 0.0919155 0.1703842 0.2401260
v 0.0902587 0.1741743 0.2366949
v 0.1270768 0.1741743 0.2147546
v 0.1250550 0.1764484 0.2118390
v 0.1250550 0.1764484 0.2118390
v 0.0887136 0.1764484 0.2334954
v 0.0873795 0.1772064 0.2307338
v 0.1233110 0.1772064 0.2093224
v 0.1219732 0.1764484 0.2073927
v 0.1219732 0.1764484 0.2073927
v 0.0863570 0.1764484 0.2286162
v 0.0857458 0.1741743 0.2273500
v 0.1211727 0.1741743 0.2062381
v 0.1210405 0.1703842 0.2060465
v 0.0856439 0.1703842 0.2271389
v 0.0856439 0.1703842 0.2271389
v 0.0861521 0.1650781 0.2281917
v 0.0861521 0.1650781 0.2281917
v 0.1217052 0.1650781 0.2070058
v 0.1227688 0.1590139 0.2085401
v 0.0869647 0.1590139 0.2298751
v 0.1660101 0.1650781 0.1921122
v 0.1704479 0.1529642 0.1967222
v 0.2012164 0.1529642 0.1616979
v 0.1960945 0.1650781 0.1578665
v 0.1960945 0.1650781 0.1578665
v 0.1930309 0.1703842 0.1555743
v 0.1633552 0.1703842 0.1893554
v 0.1607209 0.1741743 0.1866180
v 0.1899903 0.1741743 0.1533002
v 0.1871559 0.1764484 0.1511789
v 0.1582649 0.1764484 0.1840674
v 0.1561449 0.1772064 0.1818649
v 0.1847084 0.1772064 0.1493488
v 0.1828322 0.1764484 0.1479455
v 0.1828322 0.1764484 0.1479455
v 0.1545185 0.1764484 0.1801767
v 0.1535458 0.1741743 0.1791652
v 0.1817103 0.1741743 0.1471062
v 0.1815235 0.1703842 0.1469668
v 0.1533845 0.1703842 0.1789978
v 0.1533845 0.1703842 0.1789978
v 0.1541922 0.1650781 0.1798371
v 0.1824562 0.1650781 0.1476641
v 0.1824562 0.1650781 0.1476641
v 0.1839480 0.1590139 0.1487799
v 0.1554851 0.1590139 0.1811797
v -0.2787700 0.1650781 -0.1405848
v -0.2844461 0.1529642 -0.1435405
v -0.3028291 0.1529642 -0.1012586
v -0.2967443 0.1650781 -0.0992440
v -0.2931045 0.1703842 -0.0980385
v -0.2753753 0.1703842 -0.1388177
v -0.2513514 0.1703842 -0.1768268
v -0.2544150 0.1650781 -0.1791179
v -0.2544150 0.1650781 -0.1791179
v -0.2595381 0.1529642 -0.1829492
v -0.2720060 0.1741743 -0.1370639
v -0.2894927 0.1741743 -0.0968426
v -0.2861259 0.1764484 -0.0957268
v -0.2688648 0.1764484 -0.1354278
v -0.2454764 0.1764484 -0.1724315
v -0.2483108 0.1741743 -0.1745515
v -0.2661529 0.1772064 -0.1340161
v -0.2661529 0.1772064 -0.1340161
v -0.2832187 0.1772064 -0.0947638
v -0.2809895 0.1764484 -0.0940264
v -0.2640741 0.1764484 -0.1329342
v -0.2411527 0.1764484 -0.1691981
v -0.2411527 0.1764484 -0.1691981
v -0.2430289 0.1772064 -0.1706013
v -0.2430289 0.1772064 -0.1706013
v -0.2628297 0.1741743 -0.1322866
v -0.2628297 0.1741743 -0.1322866
v -0.2796566 0.1741743 -0.0935849
v -0.2794346 0.1703842 -0.0935110
v -0.2626235 0.1703842 -0.1321786
v -0.2398440 0.1703842 -0.1682193
v -0.2400308 0.1741743 -0.1683588
v -0.2636568 0.1650781 -0.1327159
v -0.2805420 0.1650781 -0.0938784
v -0.2823139 0.1590139 -0.0944642
v -0.2653099 0.1590139 -0.1335770
v -0.2422685 0.1590139 -0.1700313
v -0.2407767 0.1650781 -0.1689155
v -0.2407767 0.1650781 -0.1689155
v -0.2407767 0.1650781 -0.1689155
v -0.3076877 0.1650781 -0.0565704
v -0.3140223 0.1529642 -0.0576158
v -0.3181375 0.1529642 -0.0133946
v -0.3117119 0.1650781 -0.0133327
v -0.3078696 0.1703842 -0.0132963
v -0.3039000 0.1703842 -0.0559458
v -0.3039000 0.1703842 -0.0559458
v -0.3001402 0.1741743 -0.0553260
v -0.3001402 0.1741743 -0.0553260
v -0.3040552 0.1741743 -0.0132587
v -0.3004992 0.1764484 -0.0132248
v -0.2966351 0.1764484 -0.0547475
v -0.2936091 0.1772064 -0.0542490
v -0.2974307 0.1772064 -0.0131957
v -0.2950766 0.1764484 -0.0131738
v -0.2912901 0.1764484 -0.0538657
v -0.2899014 0.1741743 -0.0536365
v -0.2936685 0.1741743 -0.0131593
v -0.2934344 0.1703842 -0.0131581
v -0.2896710 0.1703842 -0.0535989
v -0.2908232 0.1650781 -0.0537893
v -0.2908232 0.1650781 -0.0537893
v -0.2946048 0.1650781 -0.0131690
v -0.2964750 0.1590139 -0.0131872
v -0.2926679 0.1590139 -0.0540937
v -0.3089272 0.1650781 0.0297048
v -0.3152885 0.1529642 0.0306229
v -0.3055895 0.1529642 0.0736520
v -0.2994428 0.1650781 0.0717781
v -0.2957667 0.1703842 0.0706575
v -0.3051225 0.1703842 0.0291566
v -0.3013458 0.1741743 0.0286120
v -0.2921185 0.1741743 0.0695453
v -0.2921185 0.1741743 0.0695453
v -0.2887165 0.1764484 0.0685071
v -0.2978249 0.1764484 0.0281051
v -0.2947855 0.1772064 0.0276672
v -0.2857802 0.1772064 0.0676120
v -0.2835292 0.1764484 0.0669256
v -0.2924557 0.1764484 0.0273313
v -0.2924557 0.1764484 0.0273313
v -0.2910609 0.1741743 0.0271300
v -0.2821829 0.1741743 0.0665156
v -0.2819586 0.1703842 0.0664477
v -0.2908293 0.1703842 0.0270960
v -0.2908293 0.1703842 0.0270960
v -0.2919875 0.1650781 0.0272634
v -0.2830780 0.1650781 0.0667885
v -0.2848669 0.1590139 0.0673343
v -0.2938407 0.1590139 0.0275302
v -0.2833703 0.1650781 0.1121183
v -0.2891507 0.1529642 0.1149103
v -0.2660862 0.1529642 0.1536143
v -0.2608188 0.1650781 0.1499625
v -0.2576679 0.1703842 0.1477781
v -0.2799125 0.1703842 0.1104494
v -0.2799125 0.1703842 0.1104494
v -0.2799125 0.1703842 0.1104494
v -0.2764814 0.1741743 0.1087927
v -0.2545412 0.1741743 0.1456108
v -0.2516255 0.1764484 0.1435902
v -0.2732819 0.1764484 0.1072476
v -0.2705203 0.1772064 0.1059146
v -0.2491089 0.1772064 0.1418449
v -0.2491089 0.1772064 0.1418449
v -0.2471792 0.1764484 0.1405084
v -0.2471792 0.1764484 0.1405084
v -0.2471792 0.1764484 0.1405084
v -0.2684027 0.1764484 0.1048922
v -0.2684027 0.1764484 0.1048922
v -0.2671365 0.1741743 0.1042797
v -0.2460246 0.1741743 0.1397079
v -0.2460246 0.1741743 0.1397079
v -0.2458330 0.1703842 0.1395745
v -0.2669254 0.1703842 0.1041791
v -0.2669254 0.1703842 0.1041791
v -0.2679782 0.1650781 0.1046860
v -0.2679782 0.1650781 0.1046860
v -0.2467911 0.1650781 0.1402391
v -0.2483254 0.1590139 0.1413028
v -0.2696616 0.1590139 0.1054999
v -0.2318987 0.1650781 0.1845441
v -0.2365087 0.1529642 0.1889819
v -0.2291419 0.1703842 0.1818904
v -0.2264046 0.1741743 0.1792549
v -0.2238540 0.1764484 0.1767989
v -0.2216514 0.1772064 0.1746789
v -0.2199620 0.1764484 0.1730537
v -0.2189517 0.1741743 0.1720810
v -0.2187843 0.1703842 0.1719185
v -0.2187843 0.1703842 0.1719185
v -0.2196236 0.1650781 0.1727262
v -0.2209662 0.1590139 0.1740191
v 0.1007983 0.1650781 -0.2602360
v 0.1037540 0.1529642 -0.2659121
v 0.0614720 0.1529642 -0.2842951
v 0.0594575 0.1650781 -0.2782103
v 0.0594575 0.1650781 -0.2782103
v 0.0582520 0.1703842 -0.2745706
v 0.0990312 0.1703842 -0.2568413
v 0.1370403 0.1703842 -0.2328174
v 0.1393313 0.1650781 -0.2358811
v 0.1431627 0.1529642 -0.2410029
v 0.0972774 0.1741743 -0.2534720
v 0.0570561 0.1741743 -0.2709587
v 0.0559403 0.1764484 -0.2675907
v 0.0559403 0.1764484 -0.2675907
v 0.0559403 0.1764484 -0.2675907
v 0.0956413 0.1764484 -0.2503296
v 0.1326450 0.1764484 -0.2269424
v 0.1347662 0.1741743 -0.2297769
v 0.0942296 0.1772064 -0.2476189
v 0.0942296 0.1772064 -0.2476189
v 0.0549773 0.1772064 -0.2646847
v 0.0542399 0.1764484 -0.2624555
v 0.0931477 0.1764484 -0.2455401
v 0.1294115 0.1764484 -0.2226187
v 0.1294115 0.1764484 -0.2226187
v 0.1294115 0.1764484 -0.2226187
v 0.1308148 0.1772064 -0.2244949
v 0.1308148 0.1772064 -0.2244949
v 0.0925001 0.1741743 -0.2442957
v 0.0925001 0.1741743 -0.2442957
v 0.0925001 0.1741743 -0.2442957
v 0.0537984 0.1741743 -0.2611214
v 0.0537244 0.1703842 -0.2609007
v 0.0923921 0.1703842 -0.2440883
v 0.1284328 0.1703842 -0.2213100
v 0.1285723 0.1741743 -0.2214968
v 0.0929294 0.1650781 -0.2451217
v 0.0540919 0.1650781 -0.2620080
v 0.0546777 0.1590139 -0.2637800
v 0.0937905 0.1590139 -0.2467748
v 0.1302460 0.1590139 -0.2237333
v 0.1291302 0.1650781 -0.2222427
v 0.0167838 0.1650781 -0.2891537
v 0.0178293 0.1529642 -0.2954872
v 0.0178293 0.1529642 -0.2954872
v -0.0263919 0.1529642 -0.2996035
v -0.0264538 0.1650781 -0.2931779
v -0.0264902 0.1703842 -0.2893356
v 0.0161592 0.1703842 -0.2853660
v 0.0161592 0.1703842 -0.2853660
v 0.0155395 0.1741743 -0.2816062
v 0.0155395 0.1741743 -0.2816062
v -0.0265278 0.1741743 -0.2855213
v -0.0265617 0.1764484 -0.2819652
v 0.0149610 0.1764484 -0.2781011
v 0.0144625 0.1772064 -0.2750751
v -0.0265908 0.1772064 -0.2788955
v -0.0265908 0.1772064 -0.2788955
v -0.0266127 0.1764484 -0.2765426
v 0.0140792 0.1764484 -0.2727549
v 0.0138500 0.1741743 -0.2713675
v -0.0266272 0.1741743 -0.2751345
v -0.0266284 0.1703842 -0.2749005
v 0.0138124 0.1703842 -0.2711370
v 0.0138124 0.1703842 -0.2711370
v 0.0140028 0.1650781 -0.2722892
v 0.0140028 0.1650781 -0.2722892
v -0.0266175 0.1650781 -0.2760696
v -0.0265993 0.1590139 -0.2779410
v 0.0143072 0.1590139 -0.2741339
v -0.0694913 0.1650781 -0.2903932
v -0.0704094 0.1529642 -0.2967546
v -0.1134385 0.1529642 -0.2870543
v -0.1115646 0.1650781 -0.2809089
v -0.1104440 0.1703842 -0.2772327
v -0.1104440 0.1703842 -0.2772327
v -0.1104440 0.1703842 -0.2772327
v -0.0689431 0.1703842 -0.2865874
v -0.0683986 0.1741743 -0.2828118
v -0.1093306 0.1741743 -0.2735845
v -0.1093306 0.1741743 -0.2735845
v -0.1082936 0.1764484 -0.2701825
v -0.1082936 0.1764484 -0.2701825
v -0.0678916 0.1764484 -0.2792909
v -0.0674538 0.1772064 -0.2762516
v -0.0674538 0.1772064 -0.2762516
v -0.1073985 0.1772064 -0.2672462
v -0.1073985 0.1772064 -0.2672462
v -0.1067121 0.1764484 -0.2649952
v -0.0671178 0.1764484 -0.2739217
v -0.0671178 0.1764484 -0.2739217
v -0.0669165 0.1741743 -0.2725269
v -0.1063021 0.1741743 -0.2636490
v -0.1062342 0.1703842 -0.2634246
v -0.0668825 0.1703842 -0.2722953
v -0.0668825 0.1703842 -0.2722953
v -0.0670499 0.1650781 -0.2734535
v -0.1065750 0.1650781 -0.2645428
v -0.1071208 0.1590139 -0.2663330
v -0.0673167 0.1590139 -0.2753055
v -0.1519048 0.1650781 -0.2648351
v -0.1546968 0.1529642 -0.2706155
v -0.1934008 0.1529642 -0.2475522
v -0.1897490 0.1650781 -0.2422836
v -0.1875647 0.1703842 -0.2391339
v -0.1502360 0.1703842 -0.2613785
v -0.1502360 0.1703842 -0.2613785
v -0.1485792 0.1741743 -0.2579462
v -0.1485792 0.1741743 -0.2579462
v -0.1853973 0.1741743 -0.2360060
v -0.1833767 0.1764484 -0.2330903
v -0.1833767 0.1764484 -0.2330903
v -0.1470341 0.1764484 -0.2547480
v -0.1457012 0.1772064 -0.2519863
v -0.1816315 0.1772064 -0.2305737
v -0.1816315 0.1772064 -0.2305737
v -0.1802937 0.1764484 -0.2286453
v -0.1802937 0.1764484 -0.2286453
v -0.1446787 0.1764484 -0.2498687
v -0.1440663 0.1741743 -0.2486013
v -0.1794944 0.1741743 -0.2274907
v -0.1794944 0.1741743 -0.2274907
v -0.1793610 0.1703842 -0.2272990
v -0.1439656 0.1703842 -0.2483915
v -0.1439656 0.1703842 -0.2483915
v -0.1444726 0.1650781 -0.2494430
v -0.1444726 0.1650781 -0.2494430
v -0.1800257 0.1650781 -0.2282572
v -0.1810893 0.1590139 -0.2297914
v -0.1452864 0.1590139 -0.2511264
v -0.2243306 0.1650781 -0.2133647
v -0.2287684 0.1529642 -0.2179747
v -0.2216757 0.1703842 -0.2106080
v -0.2190414 0.1741743 -0.2078706
v -0.2165854 0.1764484 -0.2053188
v -0.2165854 0.1764484 -0.2053188
v -0.2144654 0.1772064 -0.2031163
v -0.2144654 0.1772064 -0.2031163
v -0.2144654 0.1772064 -0.2031163
v -0.2128402 0.1764484 -0.2014280
v -0.2128402 0.1764484 -0.2014280
v -0.2118675 0.1741743 -0.2004177
v -0.2117050 0.1703842 -0.2002503
v -0.2117050 0.1703842 -0.2002503
v -0.2125127 0.1650781 -0.2010896
v -0.2138056 0.1590139 -0.2024322
v 0.2204495 0.1650781 0.1193335
v 0.2261256 0.1529642 0.1222879
v 0.2445086 0.1529642 0.0800060
v 0.2384238 0.1650781 0.0779915
v 0.2384238 0.1650781 0.0779915
v 0.2347840 0.1703842 0.0767859
v 0.2170548 0.1703842 0.1175652
v 0.2136855 0.1741743 0.1158114
v 0.2311722 0.1741743 0.0755901
v 0.2278042 0.1764484 0.0744743
v 0.2105431 0.1764484 0.1141753
v 0.2078324 0.1772064 0.1127635
v 0.2248982 0.1772064 0.0735125
v 0.2226690 0.1764484 0.0727739
v 0.2057536 0.1764484 0.1116817
v 0.2045092 0.1741743 0.1110340
v 0.2045092 0.1741743 0.1110340
v 0.2045092 0.1741743 0.1110340
v 0.2213349 0.1741743 0.0723324
v 0.2211142 0.1703842 0.0722584
v 0.2211142 0.1703842 0.0722584
v 0.2043030 0.1703842 0.1109261
v 0.2053351 0.1650781 0.1114646
v 0.2222215 0.1650781 0.0726259
v 0.2239934 0.1590139 0.0732129
v 0.2069882 0.1590139 0.1123245
v 0.2493672 0.1650781 0.0353190
v 0.2557006 0.1529642 0.0363633
v 0.2598170 0.1529642 -0.0078580
v 0.2533914 0.1650781 -0.0079198
v 0.2495491 0.1703842 -0.0079562
v 0.2455795 0.1703842 0.0346944
v 0.2418197 0.1741743 0.0340734
v 0.2418197 0.1741743 0.0340734
v 0.2457348 0.1741743 -0.0079926
v 0.2421787 0.1764484 -0.0080266
v 0.2383146 0.1764484 0.0334949
v 0.2352886 0.1772064 0.0329964
v 0.2391090 0.1772064 -0.0080557
v 0.2367561 0.1764484 -0.0080787
v 0.2329684 0.1764484 0.0326132
v 0.2315809 0.1741743 0.0323852
v 0.2353480 0.1741743 -0.0080920
v 0.2351139 0.1703842 -0.0080945
v 0.2313505 0.1703842 0.0323464
v 0.2325027 0.1650781 0.0325368
v 0.2325027 0.1650781 0.0325368
v 0.2362831 0.1650781 -0.0080836
v 0.2381545 0.1590139 -0.0080654
v 0.2343474 0.1590139 0.0328412
v 0.2506067 0.1650781 -0.0509574
v 0.2569681 0.1529642 -0.0518743
v 0.2472678 0.1529642 -0.0949033
v 0.2411223 0.1650781 -0.0930295
v 0.2374462 0.1703842 -0.0919088
v 0.2468021 0.1703842 -0.0504092
v 0.2430253 0.1741743 -0.0498646
v 0.2337980 0.1741743 -0.0907966
v 0.2303960 0.1764484 -0.0897597
v 0.2395044 0.1764484 -0.0493564
v 0.2364650 0.1772064 -0.0489186
v 0.2274597 0.1772064 -0.0888646
v 0.2252087 0.1764484 -0.0881781
v 0.2341352 0.1764484 -0.0485826
v 0.2341352 0.1764484 -0.0485826
v 0.2327404 0.1741743 -0.0483825
v 0.2238612 0.1741743 -0.0877682
v 0.2236381 0.1703842 -0.0876990
v 0.2325088 0.1703842 -0.0483485
v 0.2325088 0.1703842 -0.0483485
v 0.2336670 0.1650781 -0.0485159
v 0.2247563 0.1650781 -0.0880398
v 0.2265465 0.1590139 -0.0885868
v 0.2355190 0.1590139 -0.0487827
v 0.2250486 0.1650781 -0.1333709
v 0.2308290 0.1529642 -0.1361616
v 0.2077657 0.1529642 -0.1748669
v 0.2024971 0.1650781 -0.1712150
v 0.1993474 0.1703842 -0.1690307
v 0.2215920 0.1703842 -0.1317020
v 0.2215920 0.1703842 -0.1317020
v 0.2215920 0.1703842 -0.1317020
v 0.2181609 0.1741743 -0.1300453
v 0.2181609 0.1741743 -0.1300453
v 0.1962195 0.1741743 -0.1668633
v 0.1933038 0.1764484 -0.1648415
v 0.2149602 0.1764484 -0.1285001
v 0.2121998 0.1772064 -0.1271660
v 0.1907884 0.1772064 -0.1630975
v 0.1888588 0.1764484 -0.1617597
v 0.1888588 0.1764484 -0.1617597
v 0.2100822 0.1764484 -0.1261436
v 0.2088148 0.1741743 -0.1255323
v 0.1877041 0.1741743 -0.1609593
v 0.1875125 0.1703842 -0.1608271
v 0.1875125 0.1703842 -0.1608271
v 0.2086050 0.1703842 -0.1254304
v 0.2086050 0.1703842 -0.1254304
v 0.2096565 0.1650781 -0.1259386
v 0.1884706 0.1650781 -0.1614917
v 0.1900049 0.1590139 -0.1625541
v 0.2113399 0.1590139 -0.1267512
v 0.1735782 0.1650781 -0.2057966
v 0.1781882 0.1529642 -0.2102344
v 0.1708214 0.1703842 -0.2031417
v 0.1680841 0.1741743 -0.2005075
v 0.1680841 0.1741743 -0.2005075
v 0.1655323 0.1764484 -0.1980515
v 0.1633297 0.1772064 -0.1959302
v 0.1633297 0.1772064 -0.1959302
v 0.1616415 0.1764484 -0.1943050
v 0.1616415 0.1764484 -0.1943050
v 0.1606312 0.1741743 -0.1933323
v 0.1604638 0.1703842 -0.1931710
v 0.1604638 0.1703842 -0.1931710
v 0.1613031 0.1650781 -0.1939787
v 0.1626457 0.1590139 -0.1952716
v -0.2035753 -0.1029553 0.3243684
v -0.2039258 -0.1289149 0.3250428
v -0.1483306 -0.1289149 0.3492146
v -0.1480917 -0.1029553 0.3484906
v -0.1468934 -0.0758108 0.3448739
v -0.1468934 -0.0758108 0.3448739
v -0.2018191 -0.0758108 0.3209943
v -0.2530118 -0.0758108 0.2886383
v -0.2552895 -0.1029553 0.2916825
v -0.2557443 -0.1289149 0.2922913
v -0.1990078 -0.0479738 0.3155972
v -0.1449771 -0.0479738 0.3390886
v -0.1424326 -0.0195303 0.3314029
v -0.1952759 -0.0195303 0.3084281
v -0.1952759 -0.0195303 0.3084281
v -0.2445292 -0.0195303 0.2772982
v -0.2493684 -0.0479738 0.2837675
v -0.1907532 0.0094322 0.2997406
v -0.1393483 0.0094322 0.3220907
v -0.1358153 0.0388290 0.3114226
v -0.1855720 0.0388290 0.2897892
v -0.2319472 0.0388290 0.2604774
v -0.2386651 0.0094322 0.2694585
v -0.1798631 0.0685726 0.2788252
v -0.1319221 0.0685726 0.2996690
v -0.1277609 0.0985746 0.2871016
v -0.1737589 0.0985746 0.2671019
v -0.2166327 0.0985746 0.2400035
v -0.2245465 0.0685726 0.2505831
v -0.1673928 0.1287512 0.2548729
v -0.1234189 0.1287512 0.2739908
v -0.2083782 0.1287512 0.2289679
v -0.0908215 -0.1029553 0.3631792
v -0.0909464 -0.1289149 0.3639312
v -0.0328006 -0.1289149 0.3693429
v -0.0327933 -0.1029553 0.3685800
v -0.0327933 -0.1029553 0.3685800
v -0.0327557 -0.0758108 0.3647608
v -0.0902005 -0.0758108 0.3594146
v -0.0892072 -0.0479738 0.3533916
v -0.0326975 -0.0479738 0.3586505
v -0.0326975 -0.0479738 0.3586505
v -0.0326199 -0.0195303 0.3505354
v -0.0878876 -0.0195303 0.3453918
v -0.0862891 0.0094322 0.3356988
v -0.0325253 0.0094322 0.3407029
v -0.0324173 0.0388290 0.3294369
v -0.0844565 0.0388290 0.3245940
v -0.0824384 0.0685726 0.3123589
v -0.0322985 0.0685726 0.3170259
v -0.0321723 0.0985746 0.3037551
v -0.0802807 0.0985746 0.2992785
v -0.0780297 0.1287512 0.2856316
v -0.0320389 0.1287512 0.2899130
v 0.0249669 -0.1029553 0.3648420
v 0.0250760 -0.1289149 0.3655976
v 0.0816549 -0.1289149 0.3528434
v 0.0814317 -0.1029553 0.3521133
v 0.0803183 -0.0758108 0.3484602
v 0.0244223 -0.0758108 0.3610604
v 0.0235503 -0.0479738 0.3550108
v 0.0785355 -0.0479738 0.3426156
v 0.0761692 -0.0195303 0.3348522
v 0.0223920 -0.0195303 0.3469757
v 0.0209888 0.0094322 0.3372391
v 0.0733008 0.0094322 0.3254467
v 0.0700165 0.0388290 0.3146694
v 0.0193805 0.0388290 0.3260846
v 0.0176086 0.0685726 0.3137961
v 0.0663962 0.0685726 0.3027981
v 0.0625260 0.0985746 0.2901034
v 0.0157141 0.0985746 0.3006563
v 0.0137384 0.1287512 0.2869500
v 0.0584885 0.1287512 0.2768616
v 0.1355715 -0.1029553 0.3305418
v 0.1359039 -0.1289149 0.3312283
v 0.1867957 -0.1289149 0.3009025
v 0.1863615 -0.1029553 0.3002754
v 0.1841905 -0.0758108 0.2971451
v 0.1339136 -0.0758108 0.3271058
v 0.1312587 -0.0479738 0.3216092
v 0.1807182 -0.0479738 0.2921349
v 0.1761058 -0.0195303 0.2854825
v 0.1761058 -0.0195303 0.2854825
v 0.1277330 -0.0195303 0.3143080
v 0.1234614 0.0094334 0.3054603
v 0.1705170 0.0094334 0.2774195
v 0.1705170 0.0094334 0.2774195
v 0.1641145 0.0388290 0.2681838
v 0.1185676 0.0388290 0.2953246
v 0.1185676 0.0388290 0.2953246
v 0.1131765 0.0685726 0.2841593
v 0.1570606 0.0685726 0.2580081
v 0.1495192 0.0985746 0.2471277
v 0.1074119 0.0985746 0.2722201
v 0.1013974 0.1287512 0.2597655
v 0.1416515 0.1287512 0.2357792
v 0.2327720 -0.1029553 0.2614634
v 0.2332995 -0.1289149 0.2620116
v 0.2737574 -0.1289149 0.2159578
v 0.2731485 -0.1029553 0.2155030
v 0.2701043 -0.0758108 0.2132253
v 0.2301340 -0.0758108 0.2587236
v 0.2259134 -0.0479738 0.2543392
v 0.2652323 -0.0479738 0.2095819
v 0.2587631 -0.0195303 0.2047427
v 0.2203088 -0.0195303 0.2485164
v 0.2203088 -0.0195303 0.2485164
v 0.2135157 0.0094322 0.2414613
v 0.2509245 0.0094322 0.1988786
v 0.2419434 0.0388290 0.1921607
v 0.2057354 0.0388290 0.2333778
v 0.1971618 0.0685726 0.2244731
v 0.2320491 0.0685726 0.1847600
v 0.2214695 0.0985746 0.1768462
v 0.1879952 0.0985746 0.2149511
v 0.1784332 0.1287512 0.2050180
v 0.2104339 0.1287512 0.1685916
v -0.3641550 -0.1029553 -0.1850401
v -0.3648293 -0.1289149 -0.1853919
v -0.3890011 -0.1289149 -0.1297966
v -0.3882771 -0.1029553 -0.1295577
v -0.3846604 -0.0758108 -0.1283594
v -0.3846604 -0.0758108 -0.1283594
v -0.3607808 -0.0758108 -0.1832840
v -0.3284248 -0.0758108 -0.2344778
v -0.3314690 -0.1029553 -0.2367543
v -0.3370723 -0.1312544 -0.2409459
v -0.3370723 -0.1312544 -0.2409459
v -0.3370723 -0.1312544 -0.2409459
v -0.3553837 -0.0479738 -0.1804738
v -0.3553837 -0.0479738 -0.1804738
v -0.3788752 -0.0479738 -0.1264431
v -0.3711894 -0.0195303 -0.1238974
v -0.3482146 -0.0195303 -0.1767419
v -0.3482146 -0.0195303 -0.1767419
v -0.3170848 -0.0195303 -0.2259952
v -0.3235540 -0.0479738 -0.2308344
v -0.3395271 0.0094322 -0.1722180
v -0.3618773 0.0094322 -0.1208143
v -0.3512079 0.0388290 -0.1172814
v -0.3295758 0.0388290 -0.1670368
v -0.3002639 0.0388290 -0.2134133
v -0.3092450 0.0094322 -0.2201312
v -0.3186117 0.0685726 -0.1613292
v -0.3394543 0.0685726 -0.1133881
v -0.3268881 0.0985746 -0.1092269
v -0.3068884 0.0985746 -0.1552250
v -0.2797900 0.0985746 -0.1980988
v -0.2903696 0.0685726 -0.2060125
v -0.2946594 0.1287512 -0.1488576
v -0.3137773 0.1287512 -0.1048849
v -0.2687544 0.1287512 -0.1898442
v -0.4029658 -0.1029553 -0.0722875
v -0.4037177 -0.1289149 -0.0724112
v -0.4091294 -0.1289149 -0.0142654
v -0.4083653 -0.1029553 -0.0142581
v -0.4045473 -0.0758108 -0.0142217
v -0.3992011 -0.0758108 -0.0716665
v -0.3931782 -0.0479738 -0.0706732
v -0.3984370 -0.0479738 -0.0141635
v -0.3984370 -0.0479738 -0.0141635
v -0.3903219 -0.0195303 -0.0140859
v -0.3851783 -0.0195303 -0.0693537
v -0.3754853 0.0094322 -0.0677539
v -0.3804895 0.0094322 -0.0139913
v -0.3692234 0.0388290 -0.0138833
v -0.3643805 0.0388290 -0.0659226
v -0.3521454 0.0685726 -0.0639044
v -0.3568124 0.0685726 -0.0137645
v -0.3435416 0.0985746 -0.0136371
v -0.3390650 0.0985746 -0.0617468
v -0.3254182 0.1287512 -0.0594957
v -0.3296983 0.1287512 -0.0135049
v -0.4046273 -0.1029553 0.0435020
v -0.4053841 -0.1289149 0.0436112
v -0.3926300 -0.1289149 0.1001888
v -0.3918998 -0.1029553 0.0999657
v -0.3882468 -0.0758108 0.0988523
v -0.4008469 -0.0758108 0.0429563
v -0.3947973 -0.0479738 0.0420842
v -0.3824021 -0.0479738 0.0970706
v -0.3746387 -0.0195303 0.0947032
v -0.3867622 -0.0195303 0.0409260
v -0.3770256 0.0094322 0.0395227
v -0.3652332 0.0094322 0.0918360
v -0.3544559 0.0388290 0.0885505
v -0.3658711 0.0388290 0.0379145
v -0.3535827 0.0685726 0.0361425
v -0.3425847 0.0685726 0.0849301
v -0.3298899 0.0985746 0.0810600
v -0.3404428 0.0985746 0.0342493
v -0.3267365 0.1287512 0.0322724
v -0.3166481 0.1287512 0.0770236
v -0.3703283 -0.1029553 0.1541067
v -0.3710148 -0.1289149 0.1544378
v -0.3406890 -0.1289149 0.2053297
v -0.3400620 -0.1029553 0.2048955
v -0.3369316 -0.0758108 0.2027257
v -0.3668923 -0.0758108 0.1524476
v -0.3668923 -0.0758108 0.1524476
v -0.3613945 -0.0479738 0.1497927
v -0.3613945 -0.0479738 0.1497927
v -0.3319214 -0.0479738 0.1992522
v -0.3252690 -0.0195303 0.1946410
v -0.3252690 -0.0195303 0.1946410
v -0.3540945 -0.0195303 0.1462682
v -0.3452468 0.0094334 0.1419965
v -0.3172060 0.0094334 0.1890522
v -0.3172060 0.0094334 0.1890522
v -0.3079703 0.0388290 0.1826484
v -0.3351112 0.0388290 0.1371028
v -0.3351112 0.0388290 0.1371028
v -0.3239458 0.0685726 0.1317105
v -0.2977946 0.0685726 0.1755946
v -0.2869142 0.0985746 0.1680531
v -0.3120066 0.0985746 0.1259459
v -0.2995520 0.1287512 0.1199326
v -0.2755645 0.1287512 0.1601855
v -0.3012499 -0.1029553 0.2513071
v -0.3017982 -0.1289149 0.2518335
v -0.2985102 -0.0758108 0.2486692
v -0.2941257 -0.0479738 0.2444485
v -0.2883029 -0.0195303 0.2388428
v -0.2883029 -0.0195303 0.2388428
v -0.2883029 -0.0195303 0.2388428
v -0.2812478 0.0094322 0.2320509
v -0.2731643 0.0388290 0.2242694
v -0.2731643 0.0388290 0.2242694
v -0.2642596 0.0685726 0.2156958
v -0.2547376 0.0985746 0.2065304
v -0.2448045 0.1287512 0.1969684
v 0.1452536 -0.1029553 -0.3456198
v 0.1456053 -0.1289149 -0.3462953
v 0.0900101 -0.1289149 -0.3704660
v 0.0897712 -0.1029553 -0.3697431
v 0.0885729 -0.0758108 -0.3661264
v 0.0885729 -0.0758108 -0.3661264
v 0.1434974 -0.0758108 -0.3422469
v 0.1946913 -0.0758108 -0.3098908
v 0.1969678 -0.1029553 -0.3129350
v 0.1974238 -0.1289149 -0.3135439
v 0.1406873 -0.0479738 -0.3368485
v 0.1406873 -0.0479738 -0.3368485
v 0.0866566 -0.0479738 -0.3603400
v 0.0841121 -0.0195303 -0.3526554
v 0.1369554 -0.0195303 -0.3296807
v 0.1369554 -0.0195303 -0.3296807
v 0.1862087 -0.0195303 -0.2985496
v 0.1910479 -0.0479738 -0.3050188
v 0.1324327 0.0094322 -0.3209931
v 0.0810278 0.0094322 -0.3433433
v 0.0774948 0.0388290 -0.3326740
v 0.1272503 0.0388290 -0.3110418
v 0.1736267 0.0388290 -0.2817299
v 0.1803446 0.0094322 -0.2907110
v 0.1215427 0.0685726 -0.3000777
v 0.0736016 0.0685726 -0.3209203
v 0.0694404 0.0985746 -0.3083529
v 0.1154384 0.0985746 -0.2883545
v 0.1583122 0.0985746 -0.2612560
v 0.1662260 0.0685726 -0.2718356
v 0.1090711 0.1287512 -0.2761254
v 0.0650984 0.1287512 -0.2952434
v 0.1500577 0.1287512 -0.2502204
v 0.0325010 -0.1029553 -0.3844306
v 0.0326247 -0.1289149 -0.3851837
v -0.0255211 -0.1289149 -0.3905954
v -0.0255284 -0.1029553 -0.3898313
v -0.0255284 -0.1029553 -0.3898313
v -0.0255648 -0.0758108 -0.3860133
v 0.0318800 -0.0758108 -0.3806659
v 0.0308867 -0.0479738 -0.3746430
v -0.0256230 -0.0479738 -0.3799030
v -0.0257006 -0.0195303 -0.3717880
v 0.0295672 -0.0195303 -0.3666443
v 0.0279674 0.0094322 -0.3569513
v -0.0257952 0.0094322 -0.3619543
v -0.0259032 0.0388290 -0.3506894
v 0.0261360 0.0388290 -0.3458454
v 0.0261360 0.0388290 -0.3458454
v 0.0241179 0.0685726 -0.3336115
v -0.0260220 0.0685726 -0.3382773
v -0.0261494 0.0985746 -0.3250076
v 0.0219602 0.0985746 -0.3205298
v 0.0197092 0.1287512 -0.3068842
v -0.0262816 0.1287512 -0.3111643
v -0.0832886 -0.1029553 -0.3860934
v -0.0833977 -0.1289149 -0.3868502
v -0.1399754 -0.1289149 -0.3740948
v -0.1397522 -0.1029553 -0.3733646
v -0.1386388 -0.0758108 -0.3697116
v -0.0827428 -0.0758108 -0.3823130
v -0.0818708 -0.0479738 -0.3762621
v -0.1368572 -0.0479738 -0.3638669
v -0.1344897 -0.0195303 -0.3561048
v -0.0807125 -0.0195303 -0.3682271
v -0.0793092 0.0094322 -0.3584916
v -0.1316225 0.0094322 -0.3466980
v -0.1283370 0.0388290 -0.3359219
v -0.0777010 0.0388290 -0.3473372
v -0.0759291 0.0685726 -0.3350487
v -0.1247167 0.0685726 -0.3240495
v -0.1208465 0.0985746 -0.3113559
v -0.0740358 0.0985746 -0.3219088
v -0.0720589 0.1287512 -0.3082025
v -0.1168102 0.1287512 -0.2981142
v -0.1938932 -0.1029553 -0.3517931
v -0.1942243 -0.1289149 -0.3524808
v -0.2451162 -0.1289149 -0.3221538
v -0.2446820 -0.1029553 -0.3215280
v -0.2425122 -0.0758108 -0.3183964
v -0.2425122 -0.0758108 -0.3183964
v -0.1922341 -0.0758108 -0.3483584
v -0.1922341 -0.0758108 -0.3483584
v -0.1895792 -0.0479738 -0.3428606
v -0.2390387 -0.0479738 -0.3133874
v -0.2344275 -0.0195303 -0.3067338
v -0.2344275 -0.0195303 -0.3067338
v -0.1860547 -0.0195303 -0.3355593
v -0.1817831 0.0094334 -0.3267129
v -0.2288387 0.0094334 -0.2986721
v -0.2224349 0.0388290 -0.2894363
v -0.1768893 0.0388290 -0.3165772
v -0.1768893 0.0388290 -0.3165772
v -0.1714970 0.0685726 -0.3054118
v -0.2153811 0.0685726 -0.2792606
v -0.2078397 0.0985746 -0.2683802
v -0.1657324 0.0985746 -0.2934726
v -0.1597191 0.1287512 -0.2810180
v -0.1999720 0.1287512 -0.2570305
v -0.1999720 0.1287512 -0.2570305
v -0.2910924 -0.1029553 -0.2827160
v -0.2916200 -0.1289149 -0.2832642
v -0.2884557 -0.0758108 -0.2799762
v -0.2842351 -0.0479738 -0.2755918
v -0.2786293 -0.0195303 -0.2697689
v -0.2786293 -0.0195303 -0.2697689
v -0.2718374 0.0094322 -0.2627139
v -0.2640559 0.0388290 -0.2546303
v -0.2554823 0.0685726 -0.2457244
v -0.2463169 0.0985746 -0.2362025
v -0.2367549 0.1287512 -0.2262705
v 0.3058333 -0.1029553 0.1637888
v 0.3065088 -0.1289149 0.1641393
v 0.3306794 -0.1289149 0.1085441
v 0.3299566 -0.1029553 0.1083051
v 0.3263399 -0.0758108 0.1071069
v 0.3263399 -0.0758108 0.1071069
v 0.3024604 -0.0758108 0.1620326
v 0.2970632 -0.0479738 0.1592213
v 0.3205535 -0.0479738 0.1051906
v 0.3128689 -0.0195303 0.1026460
v 0.2898942 -0.0195303 0.1554894
v 0.2898942 -0.0195303 0.1554894
v 0.2812066 0.0094322 0.1509667
v 0.3035568 0.0094322 0.0995618
v 0.2928874 0.0388290 0.0960288
v 0.2712553 0.0388290 0.1457855
v 0.2602912 0.0685726 0.1400766
v 0.2811338 0.0685726 0.0921368
v 0.2685664 0.0985746 0.0879744
v 0.2485679 0.0985746 0.1339724
v 0.2363389 0.1287512 0.1276062
v 0.2554569 0.1287512 0.0836324
v 0.3446441 -0.1029553 0.0510350
v 0.3453972 -0.1289149 0.0511599
v 0.3508089 -0.1289149 -0.0069859
v 0.3500448 -0.1029553 -0.0069932
v 0.3500448 -0.1029553 -0.0069932
v 0.3462268 -0.0758108 -0.0070296
v 0.3408794 -0.0758108 0.0504140
v 0.3348565 -0.0479738 0.0494207
v 0.3401165 -0.0479738 -0.0070890
v 0.3401165 -0.0479738 -0.0070890
v 0.3320014 -0.0195303 -0.0071667
v 0.3268578 -0.0195303 0.0481011
v 0.3171648 0.0094322 0.0465026
v 0.3221678 0.0094322 -0.0072600
v 0.3109029 0.0388290 -0.0073692
v 0.3060588 0.0388290 0.0446700
v 0.2938250 0.0685726 0.0426518
v 0.2984920 0.0685726 -0.0074881
v 0.2984920 0.0685726 -0.0074881
v 0.2852211 0.0985746 -0.0076142
v 0.2807433 0.0985746 0.0404942
v 0.2670977 0.1287512 0.0382432
v 0.2713778 0.1287512 -0.0077476
v 0.3463069 -0.1029553 -0.0647534
v 0.3470637 -0.1289149 -0.0648625
v 0.3343095 -0.1289149 -0.1214402
v 0.3335781 -0.1029553 -0.1212182
v 0.3299251 -0.0758108 -0.1201036
v 0.3425264 -0.0758108 -0.0642088
v 0.3364756 -0.0479738 -0.0633368
v 0.3240804 -0.0479738 -0.1183220
v 0.3163182 -0.0195303 -0.1159557
v 0.3284418 -0.0195303 -0.0621785
v 0.3187051 0.0094322 -0.0607753
v 0.3069115 0.0094322 -0.1130874
v 0.2961354 0.0388290 -0.1098030
v 0.3075506 0.0388290 -0.0591670
v 0.2952622 0.0685726 -0.0573951
v 0.2842630 0.0685726 -0.1061827
v 0.2715694 0.0985746 -0.1023125
v 0.2821223 0.0985746 -0.0555006
v 0.2684160 0.1287512 -0.0535249
v 0.2583276 0.1287512 -0.0982750
v 0.3120066 -0.1029553 -0.1753581
v 0.3126943 -0.1289149 -0.1756904
v 0.2823673 -0.1289149 -0.2265822
v 0.2817415 -0.1029553 -0.2261480
v 0.2786111 -0.0758108 -0.2239771
v 0.3085718 -0.0758108 -0.1737001
v 0.3085718 -0.0758108 -0.1737001
v 0.3030741 -0.0479738 -0.1710452
v 0.2736009 -0.0479738 -0.2205047
v 0.2669473 -0.0195303 -0.2158923
v 0.2957728 -0.0195303 -0.1675195
v 0.2869263 0.0094334 -0.1632479
v 0.2588855 0.0094334 -0.2103035
v 0.2588855 0.0094334 -0.2103035
v 0.2496498 0.0388290 -0.2039010
v 0.2767907 0.0388290 -0.1583541
v 0.2767907 0.0388290 -0.1583541
v 0.2656253 0.0685726 -0.1529630
v 0.2394741 0.0685726 -0.1968471
v 0.2285937 0.0985746 -0.1893057
v 0.2536861 0.0985746 -0.1471984
v 0.2412315 0.1287512 -0.1411839
v 0.2172440 0.1287512 -0.1814368
v 0.2172440 0.1287512 -0.1814368
v 0.2429295 -0.1029553 -0.2725585
v 0.2434777 -0.1289149 -0.2730861
v 0.2401897 -0.0758108 -0.2699205
v 0.2358053 -0.0479738 -0.2656999
v 0.2299824 -0.0195303 -0.2600954
v 0.2229274 0.0094322 -0.2533023
v 0.2148438 0.0388290 -0.2455219
v 0.2059379 0.0685726 -0.2369484
v 0.1964172 0.0985746 -0.2277817
v 0.1864840 0.1287512 -0.2182197
v -0.1631769 -0.2680140 0.2467760
v -0.1631769 -0.2680140 0.2467760
v -0.1608932 -0.2741352 0.2423904
v -0.1189872 -0.2741352 0.2606108
v -0.1205445 -0.2680140 0.2653118
v -0.1226403 -0.2609395 0.2716404
v -0.1662503 -0.2609395 0.2526801
v -0.2068985 -0.2609395 0.2269898
v -0.2029131 -0.2680140 0.2216618
v -0.1999526 -0.2741352 0.2177043
v -0.1709051 -0.2519584 0.2616199
v -0.1258143 -0.2519584 0.2812242
v -0.1297075 -0.2409847 0.2929778
v -0.1766140 -0.2409847 0.2725839
v -0.2203331 -0.2409847 0.2449507
v -0.2129324 -0.2519584 0.2350563
v -0.1828491 -0.2279333 0.2845607
v -0.1339585 -0.2279333 0.3058169
v -0.1382107 -0.2127147 0.3186548
v -0.1890843 -0.2127147 0.2965363
v -0.2365014 -0.2127147 0.2665658
v -0.2284179 -0.2279333 0.2557582
v -0.1947932 -0.1952450 0.3075003
v -0.1421027 -0.1952450 0.3304084
v -0.1452767 -0.1754357 0.3399922
v -0.1994468 -0.1754357 0.3164401
v -0.2499372 -0.1754357 0.2845280
v -0.2439034 -0.1952450 0.2764602
v -0.2025214 -0.1532007 0.3223442
v -0.1473724 -0.1532007 0.3463208
v -0.2539226 -0.1532007 0.2898560
v -0.0765391 -0.2680140 0.2765972
v -0.0757326 -0.2741352 0.2717034
v -0.0757326 -0.2741352 0.2717034
v -0.0537669 -0.2741352 0.2754693
v -0.0319516 -0.2680140 0.2807475
v -0.0320159 -0.2609395 0.2874303
v -0.0776258 -0.2609395 0.2831853
v -0.0792716 -0.2519584 0.2931609
v -0.0321129 -0.2519584 0.2975502
v -0.0322318 -0.2409847 0.3099612
v -0.0812898 -0.2409847 0.3053948
v -0.0834947 -0.2279333 0.3187591
v -0.0323615 -0.2279333 0.3235182
v -0.0324913 -0.2127147 0.3370741
v -0.0856985 -0.2127147 0.3321221
v -0.0877166 -0.1952450 0.3443572
v -0.0326102 -0.1952450 0.3494851
v -0.0327072 -0.1754357 0.3596050
v -0.0893624 -0.1754357 0.3543328
v -0.0893624 -0.1754357 0.3543328
v -0.0904491 -0.1532007 0.3609197
v -0.0327715 -0.1532007 0.3662877
v 0.0124298 -0.2680140 0.2778755
v 0.0118330 -0.2736731 0.2737349
v 0.0752523 -0.2741352 0.2568692
v 0.0558166 -0.2680140 0.2680952
v 0.0577656 -0.2609395 0.2744869
v 0.0577656 -0.2609395 0.2744869
v 0.0133843 -0.2609395 0.2844916
v 0.0148288 -0.2519584 0.2945120
v 0.0607164 -0.2519584 0.2841677
v 0.0643356 -0.2409847 0.2960402
v 0.0166007 -0.2409847 0.3068005
v 0.0185352 -0.2279333 0.3202242
v 0.0682894 -0.2279333 0.3090079
v 0.0682894 -0.2279333 0.3090079
v 0.0722433 -0.2127147 0.3219755
v 0.0204709 -0.2127147 0.3336466
v 0.0222416 -0.1952450 0.3459351
v 0.0758636 -0.1952450 0.3338480
v 0.0758636 -0.1952450 0.3338480
v 0.0758636 -0.1952450 0.3338480
v 0.0788144 -0.1754357 0.3435288
v 0.0236861 -0.1754357 0.3559556
v 0.0246406 -0.1532007 0.3625728
v 0.0807634 -0.1532007 0.3499205
v 0.0974169 -0.2680140 0.2515194
v 0.0952593 -0.2741352 0.2470537
v 0.0952593 -0.2741352 0.2470537
v 0.1336201 -0.2741352 0.2241942
v 0.1364424 -0.2680140 0.2282644
v 0.1402398 -0.2609395 0.2337440
v 0.1003192 -0.2609395 0.2575326
v 0.1047158 -0.2519584 0.2666374
v 0.1459922 -0.2519584 0.2420398
v 0.1530461 -0.2409847 0.2522156
v 0.1101068 -0.2409847 0.2778028
v 0.1159964 -0.2279333 0.2900003
v 0.1607500 -0.2279333 0.2633312
v 0.1684552 -0.2127147 0.2744456
v 0.1684552 -0.2127147 0.2744456
v 0.1218859 -0.2127147 0.3021966
v 0.1272770 -0.1952450 0.3133632
v 0.1272770 -0.1952450 0.3133632
v 0.1755091 -0.1952450 0.2846213
v 0.1812615 -0.1754357 0.2929184
v 0.1316735 -0.1754357 0.3224679
v 0.1345770 -0.1532007 0.3284800
v 0.1850589 -0.1532007 0.2983968
v 0.1850589 -0.1532007 0.2983968
v 0.1721034 -0.2680140 0.1984420
v 0.1686735 -0.2741352 0.1948799
v 0.1991691 -0.2741352 0.1601661
v 0.2031278 -0.2680140 0.1631266
v 0.2084546 -0.2609395 0.1671120
v 0.1767195 -0.2609395 0.2032375
v 0.1837091 -0.2519584 0.2104988
v 0.2165224 -0.2519584 0.1731458
v 0.2264167 -0.2409847 0.1805466
v 0.1922826 -0.2409847 0.2194035
v 0.2016457 -0.2279333 0.2291304
v 0.2372243 -0.2279333 0.1886313
v 0.2372243 -0.2279333 0.1886313
v 0.2480319 -0.2127147 0.1967149
v 0.2110100 -0.2127147 0.2388586
v 0.2195836 -0.1952450 0.2477632
v 0.2579262 -0.1952450 0.2041169
v 0.2659940 -0.1754357 0.2101507
v 0.2265731 -0.1754357 0.2550245
v 0.2265731 -0.1754357 0.2550245
v 0.2311892 -0.1532007 0.2598200
v 0.2713220 -0.1532007 0.2141361
v -0.2865625 -0.2680140 -0.1446430
v -0.2821769 -0.2741352 -0.1423592
v -0.3003973 -0.2741352 -0.1004532
v -0.3050983 -0.2680140 -0.1020105
v -0.3114269 -0.2609395 -0.1041063
v -0.2924666 -0.2609395 -0.1477163
v -0.2667751 -0.2609395 -0.1883633
v -0.2614483 -0.2680140 -0.1843779
v -0.2574908 -0.2741352 -0.1814174
v -0.3014064 -0.2519584 -0.1523712
v -0.3210107 -0.2519584 -0.1072803
v -0.3327643 -0.2409847 -0.1111723
v -0.3123705 -0.2409847 -0.1580788
v -0.2847372 -0.2409847 -0.2017991
v -0.2748428 -0.2519584 -0.1943984
v -0.3243472 -0.2279333 -0.1643140
v -0.3456034 -0.2279333 -0.1154245
v -0.3584413 -0.2127147 -0.1196767
v -0.3363228 -0.2127147 -0.1705504
v -0.3063524 -0.2127147 -0.2179675
v -0.2955448 -0.2279333 -0.2098839
v -0.3472868 -0.1952450 -0.1762580
v -0.3701949 -0.1952450 -0.1235687
v -0.3797787 -0.1754357 -0.1267427
v -0.3562266 -0.1754357 -0.1809129
v -0.3562266 -0.1754357 -0.1809129
v -0.3243145 -0.1754357 -0.2314033
v -0.3162467 -0.1952450 -0.2253682
v -0.3621307 -0.1532007 -0.1839874
v -0.3861073 -0.1532007 -0.1288385
v -0.3296425 -0.1532007 -0.2353886
v -0.3296425 -0.1532007 -0.2353886
v -0.3163837 -0.2680140 -0.0580051
v -0.3114899 -0.2741352 -0.0571974
v -0.3114899 -0.2741352 -0.0571974
v -0.3152558 -0.2741352 -0.0352329
v -0.3205341 -0.2680140 -0.0134176
v -0.3272168 -0.2609395 -0.0134807
v -0.3229719 -0.2609395 -0.0590919
v -0.3329474 -0.2519584 -0.0607377
v -0.3373367 -0.2519584 -0.0135777
v -0.3497477 -0.2409847 -0.0136966
v -0.3451813 -0.2409847 -0.0627558
v -0.3585456 -0.2279333 -0.0649596
v -0.3633048 -0.2279333 -0.0138263
v -0.3768606 -0.2127147 -0.0139561
v -0.3719086 -0.2127147 -0.0671645
v -0.3841437 -0.1952450 -0.0691827
v -0.3892716 -0.1952450 -0.0140762
v -0.3993915 -0.1754357 -0.0141720
v -0.3941193 -0.1754357 -0.0708285
v -0.3941193 -0.1754357 -0.0708285
v -0.4007062 -0.1532007 -0.0719152
v -0.4060743 -0.1532007 -0.0142363
v -0.3176621 -0.2680140 0.0309649
v -0.3135214 -0.2736731 0.0303682
v -0.2966557 -0.2741352 0.0937875
v -0.2966557 -0.2741352 0.0937875
v -0.3078805 -0.2680140 0.0743506
v -0.3142734 -0.2609395 0.0762996
v -0.3142734 -0.2609395 0.0762996
v -0.3242781 -0.2609395 0.0319182
v -0.3242781 -0.2609395 0.0319182
v -0.3342985 -0.2519584 0.0333627
v -0.3239543 -0.2519584 0.0792504
v -0.3358267 -0.2409847 0.0828707
v -0.3465870 -0.2409847 0.0351347
v -0.3600107 -0.2279333 0.0370692
v -0.3487944 -0.2279333 0.0868246
v -0.3487944 -0.2279333 0.0868246
v -0.3617620 -0.2127147 0.0907772
v -0.3734332 -0.2127147 0.0390048
v -0.3857216 -0.1952450 0.0407768
v -0.3736345 -0.1952450 0.0943975
v -0.3736345 -0.1952450 0.0943975
v -0.3833142 -0.1754357 0.0973484
v -0.3957421 -0.1754357 0.0422213
v -0.4023593 -0.1532007 0.0431746
v -0.3897070 -0.1532007 0.0992974
v -0.2913059 -0.2680140 0.1159509
v -0.2868402 -0.2741352 0.1137944
v -0.2639807 -0.2741352 0.1521553
v -0.2680510 -0.2680140 0.1549763
v -0.2735306 -0.2609395 0.1587749
v -0.2973191 -0.2609395 0.1188544
v -0.3064239 -0.2519584 0.1232497
v -0.2818264 -0.2519584 0.1645262
v -0.2920021 -0.2409847 0.1715801
v -0.3175893 -0.2409847 0.1286420
v -0.3297868 -0.2279333 0.1345315
v -0.3031177 -0.2279333 0.1792852
v -0.3142322 -0.2127147 0.1869904
v -0.3142322 -0.2127147 0.1869904
v -0.3419831 -0.2127147 0.1404199
v -0.3531497 -0.1952450 0.1458121
v -0.3531497 -0.1952450 0.1458121
v -0.3244079 -0.1952450 0.1940442
v -0.3327049 -0.1754357 0.1997955
v -0.3622544 -0.1754357 0.1502075
v -0.3682665 -0.1532007 0.1531110
v -0.3381833 -0.1532007 0.2035929
v -0.2382285 -0.2680140 0.1906374
v -0.2346664 -0.2741352 0.1872087
v -0.2430241 -0.2609395 0.1952534
v -0.2502853 -0.2519584 0.2022442
v -0.2591900 -0.2409847 0.2108166
v -0.2689169 -0.2279333 0.2201809
v -0.2689169 -0.2279333 0.2201809
v -0.2786451 -0.2127147 0.2295452
v -0.2875497 -0.1952450 0.2381175
v -0.2948110 -0.1754357 0.2451083
v -0.2996066 -0.1532007 0.2497244
v 0.1048564 -0.2680140 -0.2680285
v 0.1048564 -0.2680140 -0.2680285
v 0.1025727 -0.2741352 -0.2636429
v 0.0606667 -0.2741352 -0.2818621
v 0.0622240 -0.2680140 -0.2865643
v 0.0643198 -0.2609395 -0.2928929
v 0.1079298 -0.2609395 -0.2739326
v 0.1485768 -0.2609395 -0.2482411
v 0.1445914 -0.2680140 -0.2429131
v 0.1416321 -0.2741352 -0.2389556
v 0.1125846 -0.2519584 -0.2828724
v 0.0674938 -0.2519584 -0.3024767
v 0.0713858 -0.2409847 -0.3142303
v 0.1182935 -0.2409847 -0.2938365
v 0.1620126 -0.2409847 -0.2662032
v 0.1546119 -0.2519584 -0.2563089
v 0.1245287 -0.2279333 -0.3058120
v 0.0756380 -0.2279333 -0.3270682
v 0.0798902 -0.2127147 -0.3399073
v 0.1307639 -0.2127147 -0.3177888
v 0.1781809 -0.2127147 -0.2878184
v 0.1700974 -0.2279333 -0.2770108
v 0.1700974 -0.2279333 -0.2770108
v 0.1364715 -0.1952450 -0.3287529
v 0.0837822 -0.1952450 -0.3516609
v 0.0869562 -0.1754357 -0.3612448
v 0.1411263 -0.1754357 -0.3376927
v 0.1916167 -0.1754357 -0.3057805
v 0.1855817 -0.1952450 -0.2977127
v 0.1442009 -0.1532007 -0.3435956
v 0.0890520 -0.1532007 -0.3675733
v 0.1956021 -0.1532007 -0.3111085
v 0.0182186 -0.2680140 -0.2978498
v 0.0174121 -0.2741352 -0.2929560
v -0.0045536 -0.2741352 -0.2967206
v -0.0045536 -0.2741352 -0.2967206
v -0.0045536 -0.2741352 -0.2967206
v -0.0263689 -0.2680140 -0.3019989
v -0.0263058 -0.2609395 -0.3086828
v 0.0193053 -0.2609395 -0.3044379
v 0.0209512 -0.2519584 -0.3144135
v -0.0262088 -0.2519584 -0.3188027
v -0.0260899 -0.2409847 -0.3312125
v 0.0229693 -0.2409847 -0.3266474
v 0.0251730 -0.2279333 -0.3400104
v -0.0259602 -0.2279333 -0.3447696
v -0.0258304 -0.2127147 -0.3583267
v 0.0273780 -0.2127147 -0.3533747
v 0.0293961 -0.1952450 -0.3656085
v -0.0257103 -0.1952450 -0.3707376
v -0.0256145 -0.1754357 -0.3808575
v 0.0310420 -0.1754357 -0.3755841
v 0.0321287 -0.1532007 -0.3821723
v -0.0255502 -0.1532007 -0.3875403
v -0.0707515 -0.2680140 -0.2991269
v -0.0701547 -0.2736731 -0.2949875
v -0.1335740 -0.2741352 -0.2781218
v -0.1141371 -0.2680140 -0.2893466
v -0.1160861 -0.2609395 -0.2957394
v -0.1160861 -0.2609395 -0.2957394
v -0.1160861 -0.2609395 -0.2957394
v -0.0717048 -0.2609395 -0.3057441
v -0.0717048 -0.2609395 -0.3057441
v -0.0731492 -0.2519584 -0.3157646
v -0.1190369 -0.2519584 -0.3054203
v -0.1226573 -0.2409847 -0.3172915
v -0.0749212 -0.2409847 -0.3280530
v -0.0768557 -0.2279333 -0.3414755
v -0.1266099 -0.2279333 -0.3302604
v -0.1266099 -0.2279333 -0.3302604
v -0.1305637 -0.2127147 -0.3432281
v -0.0787914 -0.2127147 -0.3548992
v -0.0787914 -0.2127147 -0.3548992
v -0.0805633 -0.1952450 -0.3671877
v -0.1341841 -0.1952450 -0.3551005
v -0.1341841 -0.1952450 -0.3551005
v -0.1371349 -0.1754357 -0.3647802
v -0.0820078 -0.1754357 -0.3772081
v -0.0829611 -0.1532007 -0.3838254
v -0.1390839 -0.1532007 -0.3711730
v -0.1557374 -0.2680140 -0.2727719
v -0.1535810 -0.2741352 -0.2683050
v -0.1919418 -0.2741352 -0.2454467
v -0.1947628 -0.2680140 -0.2495170
v -0.1985615 -0.2609395 -0.2549954
v -0.1586409 -0.2609395 -0.2787840
v -0.1630362 -0.2519584 -0.2878887
v -0.2043127 -0.2519584 -0.2632924
v -0.2113666 -0.2409847 -0.2734681
v -0.1684285 -0.2409847 -0.2990553
v -0.1743168 -0.2279333 -0.3112516
v -0.2190717 -0.2279333 -0.2845825
v -0.2267769 -0.2127147 -0.2956982
v -0.2267769 -0.2127147 -0.2956982
v -0.2267769 -0.2127147 -0.2956982
v -0.1802064 -0.2127147 -0.3234491
v -0.1855987 -0.1952450 -0.3346145
v -0.2338308 -0.1952450 -0.3058739
v -0.2395820 -0.1754357 -0.3141709
v -0.1899940 -0.1754357 -0.3437193
v -0.1928975 -0.1532007 -0.3497325
v -0.2433794 -0.1532007 -0.3196493
v -0.2304239 -0.2680140 -0.2196945
v -0.2269952 -0.2741352 -0.2161324
v -0.2350400 -0.2609395 -0.2244889
v -0.2420295 -0.2519584 -0.2317501
v -0.2506031 -0.2409847 -0.2406560
v -0.2599674 -0.2279333 -0.2503830
v -0.2599674 -0.2279333 -0.2503830
v -0.2693317 -0.2127147 -0.2601099
v -0.2779040 -0.1952450 -0.2690158
v -0.2848936 -0.1754357 -0.2762770
v -0.2848936 -0.1754357 -0.2762770
v -0.2895097 -0.1532007 -0.2810714
v 0.2282420 -0.2680140 0.1233904
v 0.2238564 -0.2741352 0.1211066
v 0.2420756 -0.2741352 0.0792007
v 0.2467778 -0.2680140 0.0807580
v 0.2531064 -0.2609395 0.0828538
v 0.2341461 -0.2609395 0.1264637
v 0.2430859 -0.2519584 0.1311186
v 0.2626902 -0.2519584 0.0860278
v 0.2744438 -0.2409847 0.0899210
v 0.2540500 -0.2409847 0.1368274
v 0.2660255 -0.2279333 0.1430626
v 0.2872817 -0.2279333 0.0941720
v 0.3001208 -0.2127147 0.0984242
v 0.2780023 -0.2127147 0.1492978
v 0.2889663 -0.1952450 0.1550067
v 0.3118744 -0.1952450 0.1023162
v 0.3214582 -0.1754357 0.1054901
v 0.2979062 -0.1754357 0.1596615
v 0.2979062 -0.1754357 0.1596615
v 0.3038102 -0.1532007 0.1627349
v 0.3277868 -0.1532007 0.1075859
v 0.2580632 -0.2680140 0.0367526
v 0.2531694 -0.2741352 0.0359461
v 0.2569341 -0.2741352 0.0139816
v 0.2622136 -0.2680140 -0.0078349
v 0.2688963 -0.2609395 -0.0077706
v 0.2646514 -0.2609395 0.0378393
v 0.2746270 -0.2519584 0.0394851
v 0.2790162 -0.2519584 -0.0076736
v 0.2914272 -0.2409847 -0.0075548
v 0.2868608 -0.2409847 0.0415033
v 0.3002239 -0.2279333 0.0437082
v 0.3049831 -0.2279333 -0.0074250
v 0.3185402 -0.2127147 -0.0072952
v 0.3135881 -0.2127147 0.0459120
v 0.3258220 -0.1952450 0.0479301
v 0.3309511 -0.1952450 -0.0071764
v 0.3410710 -0.1754357 -0.0070793
v 0.3357976 -0.1754357 0.0495759
v 0.3357976 -0.1754357 0.0495759
v 0.3423857 -0.1532007 0.0506626
v 0.3477538 -0.1532007 -0.0070151
v 0.2593404 -0.2680140 -0.0522163
v 0.2552009 -0.2736731 -0.0516196
v 0.2383352 -0.2741352 -0.1150388
v 0.2495600 -0.2680140 -0.0956031
v 0.2559529 -0.2609395 -0.0975509
v 0.2659576 -0.2609395 -0.0531708
v 0.2659576 -0.2609395 -0.0531708
v 0.2759781 -0.2519584 -0.0546153
v 0.2656338 -0.2519584 -0.1005030
v 0.2775050 -0.2409847 -0.1041221
v 0.2882665 -0.2409847 -0.0563872
v 0.3016902 -0.2279333 -0.0583217
v 0.2904739 -0.2279333 -0.1080759
v 0.2904739 -0.2279333 -0.1080759
v 0.2904739 -0.2279333 -0.1080759
v 0.3034415 -0.2127147 -0.1120298
v 0.3151127 -0.2127147 -0.0602574
v 0.3274011 -0.1952450 -0.0620281
v 0.3153140 -0.1952450 -0.1156489
v 0.3153140 -0.1952450 -0.1156489
v 0.3249937 -0.1754357 -0.1186009
v 0.3374216 -0.1754357 -0.0634726
v 0.3440388 -0.1532007 -0.0644271
v 0.3313865 -0.1532007 -0.1205499
v 0.2329854 -0.2680140 -0.1372034
v 0.2285185 -0.2741352 -0.1350458
v 0.2056602 -0.2741352 -0.1734066
v 0.2097305 -0.2680140 -0.1762289
v 0.2152089 -0.2609395 -0.1800263
v 0.2389974 -0.2609395 -0.1401057
v 0.2481022 -0.2519584 -0.1445023
v 0.2235059 -0.2519584 -0.1857788
v 0.2336816 -0.2409847 -0.1928326
v 0.2592688 -0.2409847 -0.1498933
v 0.2714651 -0.2279333 -0.1557829
v 0.2447960 -0.2279333 -0.2005366
v 0.2559117 -0.2127147 -0.2082417
v 0.2836626 -0.2127147 -0.1616724
v 0.2948280 -0.1952450 -0.1670635
v 0.2660874 -0.1952450 -0.2152956
v 0.2743844 -0.1754357 -0.2210468
v 0.3039327 -0.1754357 -0.1714600
v 0.3099460 -0.1532007 -0.1743635
v 0.2798628 -0.1532007 -0.2248455
v 0.1799080 -0.2680140 -0.2118899
v 0.1763459 -0.2741352 -0.2084600
v 0.1847024 -0.2609395 -0.2165060
v 0.1919636 -0.2519584 -0.2234956
v 0.2008695 -0.2409847 -0.2320691
v 0.2105964 -0.2279333 -0.2414322
v 0.2203234 -0.2127147 -0.2507965
v 0.2292293 -0.1952450 -0.2593701
v 0.2364905 -0.1754357 -0.2663597
v 0.2412861 -0.1532007 -0.2709757
v -0.4929522 0.0640960 -0.3402360
v -0.4955828 0.0424056 -0.3422032
v -0.4996519 0.0424008 -0.3301003
v -0.4970492 0.0633562 -0.3281537
v -0.4902997 0.0812516 -0.3231059
v -0.4860960 0.0826585 -0.3351069
v -0.4860960 0.0826585 -0.3351069
v -0.4860960 0.0826585 -0.3351069
v -0.4789306 0.0831812 -0.3470558
v -0.4789306 0.0831812 -0.3470558
v -0.4858268 0.0643701 -0.3522152
v -0.4884683 0.0424081 -0.3541909
v -0.4884683 0.0424081 -0.3541909
v -0.4746723 0.0971713 -0.3265613
v -0.4790616 0.0952429 -0.3146997
v -0.4633456 0.1058176 -0.3029437
v -0.4586859 0.1081402 -0.3146039
v -0.4513507 0.1090025 -0.3264266
v -0.4674377 0.0978881 -0.3384592
v -0.4674377 0.0978881 -0.3384592
v -0.4381429 0.1160722 -0.2992372
v -0.4431628 0.1134646 -0.2878475
v -0.4185240 0.1186701 -0.2694172
v -0.4130469 0.1214717 -0.2804662
v -0.4054084 0.1225123 -0.2920621
v -0.4306742 0.1170400 -0.3109605
v -0.3834039 0.1248470 -0.2582919
v -0.3894414 0.1219241 -0.2476638
v -0.3559271 0.1237142 -0.2225944
v -0.3492164 0.1267039 -0.2327204
v -0.3411208 0.1278136 -0.2439743
v -0.3755568 0.1259325 -0.2697326
v -0.3104918 0.1275468 -0.2037542
v -0.3179895 0.1245281 -0.1942165
v -0.2778422 0.1248531 -0.1641866
v -0.2694979 0.1278852 -0.1730913
v -0.2607958 0.1290107 -0.1838904
v -0.3021038 0.1286687 -0.2147886
v -0.4974409 0.0622355 -0.3176287
v -0.5000000 0.0423935 -0.3195438
v -0.4971777 0.0423838 -0.3109411
v -0.4971777 0.0423838 -0.3109411
v -0.4946696 0.0608614 -0.3090649
v -0.4882852 0.0765082 -0.3042887
v -0.4908552 0.0791206 -0.3127022
v -0.4798972 0.0923224 -0.3045070
v -0.4798972 0.0923224 -0.3045070
v -0.4798972 0.0923224 -0.3045070
v -0.4776729 0.0887421 -0.2963507
v -0.4776729 0.0887421 -0.2963507
v -0.4628654 0.0979875 -0.2852751
v -0.4628654 0.0979875 -0.2852751
v -0.4645900 0.1023004 -0.2930566
v -0.4449530 0.1095156 -0.2783680
v -0.4438978 0.1046727 -0.2710873
v -0.4208017 0.1092257 -0.2538116
v -0.4210079 0.1144288 -0.2604568
v -0.3927743 0.1174985 -0.2393376
v -0.3936111 0.1120698 -0.2334724
v -0.3623587 0.1136344 -0.2100961
v -0.3602751 0.1191867 -0.2150288
v -0.3602751 0.1191867 -0.2150288
v -0.3235310 0.1199544 -0.1875434
v -0.3270773 0.1143463 -0.1837060
v -0.3270773 0.1143463 -0.1837060
v -0.3270773 0.1143463 -0.1837060
v -0.2897826 0.1146301 -0.1558083
v -0.2846656 0.1202613 -0.1584717
v -0.4892809 0.0593611 -0.3028709
v -0.4892809 0.0593611 -0.3028709
v -0.4917321 0.0423741 -0.3047035
v -0.4917321 0.0423741 -0.3047035
v -0.4842101 0.0423632 -0.3012409
v -0.4842101 0.0423632 -0.3012409
v -0.4818159 0.0578596 -0.2994507
v -0.4818159 0.0578596 -0.2994507
v -0.4758682 0.0708006 -0.2950020
v -0.4758682 0.0708006 -0.2950020
v -0.4831149 0.0736544 -0.2982585
v -0.4831149 0.0736544 -0.2982585
v -0.4728785 0.0848295 -0.2906018
v -0.4728785 0.0848295 -0.2906018
v -0.4660090 0.0809181 -0.2876268
v -0.4522967 0.0885650 -0.2773698
v -0.4586192 0.0932757 -0.2799349
v -0.4403830 0.0993835 -0.2662942
v -0.4347918 0.0940943 -0.2642760
v -0.4135526 0.0978590 -0.2483890
v -0.4182148 0.1035423 -0.2497123
v -0.3921618 0.1061402 -0.2302256
v -0.3886385 0.1002119 -0.2297526
v -0.3601089 0.1015060 -0.2084127
v -0.3622714 0.1075702 -0.2078669
v -0.3622714 0.1075702 -0.2078669
v -0.3285885 0.1082202 -0.1826715
v -0.3280233 0.1020942 -0.1844131
v -0.2941609 0.1023295 -0.1590830
v -0.2930087 0.1084798 -0.1560582
v -0.2930087 0.1084798 -0.1560582
v -0.4728191 0.0564855 -0.2992118
v -0.4751611 0.0423547 -0.3009631
v -0.4651321 0.0423462 -0.3042802
v -0.4628326 0.0553660 -0.3025604
v -0.4628326 0.0553660 -0.3025604
v -0.4572487 0.0660572 -0.2983834
v -0.4670715 0.0681881 -0.2949123
v -0.4670715 0.0681881 -0.2949123
v -0.4575568 0.0773366 -0.2877953
v -0.4480154 0.0744160 -0.2914763
v -0.4352127 0.0807349 -0.2818997
v -0.4443465 0.0842509 -0.2779131
v -0.4275099 0.0892515 -0.2653203
v -0.4189218 0.0853025 -0.2697144
v -0.3992254 0.0884134 -0.2549808
v -0.4071197 0.0926559 -0.2500688
v -0.4071197 0.0926559 -0.2500688
v -0.3832474 0.0947832 -0.2322122
v -0.3762033 0.0903576 -0.2377610
v -0.3762033 0.0903576 -0.2377610
v -0.3499369 0.0914261 -0.2181130
v -0.3559647 0.0959536 -0.2118038
v -0.3253430 0.0964848 -0.1888994
v -0.3205074 0.0919124 -0.1961000
v -0.2894963 0.0921065 -0.1729033
v -0.2930512 0.0966983 -0.1647445
v -0.4523998 0.0546262 -0.3099017
v -0.4546714 0.0423414 -0.3116009
v -0.4546714 0.0423414 -0.3116009
v -0.4451822 0.0423401 -0.3218118
v -0.4429202 0.0543509 -0.3201211
v -0.4374855 0.0641276 -0.3160557
v -0.4469238 0.0646503 -0.3058060
v -0.4469238 0.0646503 -0.3058060
v -0.4378761 0.0724876 -0.2990383
v -0.4285057 0.0717721 -0.3093390
v -0.4160729 0.0775488 -0.3000389
v -0.4253426 0.0784123 -0.2896631
v -0.4094132 0.0826949 -0.2777482
v -0.4002769 0.0817270 -0.2882235
v -0.3812075 0.0845711 -0.2739593
v -0.3901740 0.0856117 -0.2633567
v -0.3677122 0.0874346 -0.2465552
v -0.3589543 0.0863492 -0.2573143
v -0.3336084 0.0873267 -0.2383552
v -0.3421177 0.0884364 -0.2274106
v -0.3134753 0.0888925 -0.2059858
v -0.3052596 0.0877706 -0.2171500
v -0.2754092 0.0879489 -0.1948217
v -0.2833109 0.0890744 -0.1834222
v -0.4357948 0.0546262 -0.3321003
v -0.4380665 0.0423414 -0.3337995
v -0.4339986 0.0423462 -0.3459024
v -0.4339986 0.0423462 -0.3459024
v -0.4316991 0.0553660 -0.3441826
v -0.4261152 0.0660572 -0.3400056
v -0.4261152 0.0660572 -0.3400056
v -0.4303189 0.0646503 -0.3280045
v -0.4212711 0.0724876 -0.3212369
v -0.4168818 0.0744160 -0.3330984
v -0.4040791 0.0807349 -0.3235219
v -0.4087389 0.0784123 -0.3118617
v -0.3928082 0.0826949 -0.2999455
v -0.3877883 0.0853025 -0.3113365
v -0.3680918 0.0884134 -0.2966030
v -0.3735690 0.0856117 -0.2855552
v -0.3511085 0.0874346 -0.2687538
v -0.3450685 0.0903576 -0.2793831
v -0.3450685 0.0903576 -0.2793831
v -0.3188033 0.0914261 -0.2597351
v -0.3188033 0.0914261 -0.2597351
v -0.3255128 0.0884364 -0.2496092
v -0.2968716 0.0888925 -0.2281844
v -0.2968716 0.0888925 -0.2281844
v -0.2893738 0.0919124 -0.2377221
v -0.2583628 0.0921065 -0.2145254
v -0.2667059 0.0890744 -0.2056208
v -0.4313073 0.0564855 -0.3547076
v -0.4336493 0.0423547 -0.3564601
v -0.4364716 0.0423632 -0.3650616
v -0.4340774 0.0578596 -0.3632714
v -0.4281309 0.0708006 -0.3588227
v -0.4255609 0.0681881 -0.3504093
v -0.4160462 0.0773366 -0.3432923
v -0.4182705 0.0809181 -0.3514475
v -0.4182705 0.0809181 -0.3514475
v -0.4045594 0.0885650 -0.3411905
v -0.4028348 0.0842509 -0.3334101
v -0.3859982 0.0892515 -0.3208160
v -0.3859982 0.0892515 -0.3208160
v -0.3859982 0.0892515 -0.3208160
v -0.3870533 0.0940943 -0.3280967
v -0.3658141 0.0978590 -0.3122098
v -0.3656079 0.0926559 -0.3055646
v -0.3656079 0.0926559 -0.3055646
v -0.3417369 0.0947832 -0.2877080
v -0.3409000 0.1002119 -0.2935733
v -0.3409000 0.1002119 -0.2935733
v -0.3409000 0.1002119 -0.2935733
v -0.3123705 0.1015060 -0.2722334
v -0.3144541 0.0959536 -0.2673008
v -0.2838312 0.0964848 -0.2443952
v -0.2802848 0.1020942 -0.2482338
v -0.2464224 0.1023295 -0.2229037
v -0.2515394 0.0966983 -0.2202403
v -0.4394673 0.0593611 -0.3694654
v -0.4394673 0.0593611 -0.3694654
v -0.4419184 0.0423741 -0.3712992
v -0.4419184 0.0423741 -0.3712992
v -0.4494392 0.0423838 -0.3747618
v -0.4494392 0.0423838 -0.3747618
v -0.4469323 0.0608614 -0.3728856
v -0.4469323 0.0608614 -0.3728856
v -0.4405467 0.0765082 -0.3681094
v -0.4333012 0.0736544 -0.3648542
v -0.4230649 0.0848295 -0.3571963
v -0.4230649 0.0848295 -0.3571963
v -0.4299344 0.0887421 -0.3601714
v -0.4151269 0.0979875 -0.3490958
v -0.4088056 0.0932757 -0.3465306
v -0.3905693 0.0993835 -0.3328898
v -0.3905693 0.0993835 -0.3328898
v -0.3905693 0.0993835 -0.3328898
v -0.3961593 0.1046727 -0.3349080
v -0.3730645 0.1092257 -0.3176323
v -0.3730645 0.1092257 -0.3176323
v -0.3684011 0.1035423 -0.3163079
v -0.3684011 0.1035423 -0.3163079
v -0.3423481 0.1061402 -0.2968213
v -0.3458727 0.1120698 -0.2972931
v -0.3458727 0.1120698 -0.2972931
v -0.3146203 0.1136344 -0.2739168
v -0.3124578 0.1075702 -0.2744626
v -0.2787749 0.1082202 -0.2492671
v -0.2793400 0.1143463 -0.2475255
v -0.2793400 0.1143463 -0.2475255
v -0.2793400 0.1143463 -0.2475255
v -0.2793400 0.1143463 -0.2475255
v -0.2420441 0.1146301 -0.2196290
v -0.2420441 0.1146301 -0.2196290
v -0.2431951 0.1084798 -0.2226539
v -0.4559291 0.0622355 -0.3731245
v -0.4584894 0.0423935 -0.3750396
v -0.4685184 0.0424008 -0.3717225
v -0.4659156 0.0633562 -0.3697759
v -0.4659156 0.0633562 -0.3697759
v -0.4591662 0.0812516 -0.3647280
v -0.4591662 0.0812516 -0.3647280
v -0.4591662 0.0812516 -0.3647280
v -0.4493434 0.0791206 -0.3681992
v -0.4493434 0.0791206 -0.3681992
v -0.4383867 0.0923224 -0.3600028
v -0.4383867 0.0923224 -0.3600028
v -0.4479280 0.0952429 -0.3563219
v -0.4322121 0.1058176 -0.3445658
v -0.4230782 0.1023004 -0.3485524
v -0.4034412 0.1095156 -0.3338637
v -0.4034412 0.1095156 -0.3338637
v -0.4120293 0.1134646 -0.3294696
v -0.3873905 0.1186701 -0.3110394
v -0.3794961 0.1144288 -0.3159526
v -0.3512637 0.1174985 -0.2948334
v -0.3583079 0.1219241 -0.2892859
v -0.3247935 0.1237142 -0.2642166
v -0.3247935 0.1237142 -0.2642166
v -0.3187645 0.1191867 -0.2705245
v -0.3187645 0.1191867 -0.2705245
v -0.2820204 0.1199544 -0.2430404
v -0.2868560 0.1245281 -0.2358386
v -0.2467087 0.1248531 -0.2058088
v -0.2431538 0.1202613 -0.2139675
v -0.4763485 0.0640960 -0.3624346
v -0.4789791 0.0424056 -0.3644018
v -0.4789791 0.0424056 -0.3644018
v -0.4694911 0.0826585 -0.3573055
v -0.4694911 0.0826585 -0.3573055
v -0.4580674 0.0971713 -0.3487598
v -0.4580674 0.0971713 -0.3487598
v -0.4420810 0.1081402 -0.3368025
v -0.4215379 0.1160722 -0.3214358
v -0.3964419 0.1214717 -0.3026647
v -0.3667989 0.1248470 -0.2804904
v -0.3326127 0.1267039 -0.2549190
v -0.2938880 0.1275468 -0.2259528
v -0.2528941 0.1278852 -0.1952898
v -0.3616262 -0.1644377 -0.2420022
v -0.3311609 -0.1845029 -0.2192143
v -0.3395040 -0.1804593 -0.2103096
v -0.3692270 -0.1607506 -0.2325421
v -0.3972072 -0.1406042 -0.2534720
v -0.3903134 -0.1439626 -0.2634610
v -0.3821486 -0.1452106 -0.2746627
v -0.3531982 -0.1658070 -0.2530075
v -0.3531982 -0.1658070 -0.2530075
v -0.3224576 -0.1860043 -0.2300146
v -0.4154458 -0.1226676 -0.2822612
v -0.4217053 -0.1195833 -0.2717968
v -0.4427711 -0.0977886 -0.2875540
v -0.4370732 -0.1006206 -0.2984380
v -0.4370732 -0.1006206 -0.2984380
v -0.4370732 -0.1006206 -0.2984380
v -0.4370732 -0.1006206 -0.2984380
v -0.4293534 -0.1016721 -0.3099721
v -0.4075175 -0.1238137 -0.2936388
v -0.4552439 -0.0778884 -0.3120303
v -0.4604579 -0.0753220 -0.3007848
v -0.4748179 -0.0522842 -0.3115257
v -0.4700065 -0.0545413 -0.3230719
v -0.4700065 -0.0545413 -0.3230719
v -0.4700065 -0.0545413 -0.3230719
v -0.4626155 -0.0553794 -0.3348522
v -0.4626155 -0.0553794 -0.3348522
v -0.4477037 -0.0788429 -0.3236990
v -0.4814084 -0.0306460 -0.3316006
v -0.4859020 -0.0287782 -0.3198155
v -0.4859020 -0.0287782 -0.3198155
v -0.4937624 -0.0049047 -0.3256953
v -0.4894993 -0.0062716 -0.3376527
v -0.4823120 -0.0067785 -0.3495870
v -0.4823120 -0.0067785 -0.3495870
v -0.4741350 -0.0313397 -0.3434706
v -0.4741350 -0.0313397 -0.3434706
v -0.4943288 0.0185152 -0.3412645
v -0.4984512 0.0192344 -0.3292028
v -0.4871937 0.0182471 -0.3532376
v -0.3749250 -0.1551680 -0.2259867
v -0.3463275 -0.1743381 -0.2045947
v -0.3463275 -0.1743381 -0.2045947
v -0.3514444 -0.1668306 -0.2019325
v -0.3786641 -0.1483203 -0.2222924
v -0.4042623 -0.1292812 -0.2414395
v -0.4018366 -0.1355188 -0.2461162
v -0.4253705 -0.1149115 -0.2637205
v -0.4266173 -0.1091832 -0.2581609
v -0.4457910 -0.0882412 -0.2725039
v -0.4455873 -0.0935000 -0.2788422
v -0.4625427 -0.0714349 -0.2915248
v -0.4618478 -0.0666672 -0.2845146
v -0.4748506 -0.0446761 -0.2942404
v -0.4762927 -0.0488676 -0.3018097
v -0.4868941 -0.0259499 -0.3097404
v -0.4848614 -0.0224824 -0.3017284
v -0.4919431 -0.0002984 -0.3070261
v -0.4944052 -0.0028356 -0.3153583
v -0.4988818 0.0203247 -0.3187069
v -0.4961589 0.0216613 -0.3101795
v -0.3803851 -0.1408407 -0.2214156
v -0.3803851 -0.1408407 -0.2214156
v -0.3546718 -0.1586294 -0.2021824
v -0.3558228 -0.1504282 -0.2052072
v -0.3800298 -0.1333611 -0.2233136
v -0.4027608 -0.1156549 -0.2403164
v -0.4045485 -0.1224687 -0.2394905
v -0.4256143 -0.1029262 -0.2552476
v -0.4225361 -0.0966692 -0.2551094
v -0.4394346 -0.0767508 -0.2677484
v -0.4436504 -0.0824960 -0.2687392
v -0.4436504 -0.0824960 -0.2687392
v -0.4587272 -0.0614593 -0.2800162
v -0.4587272 -0.0614593 -0.2800162
v -0.4535301 -0.0562514 -0.2782928
v -0.4648993 -0.0355191 -0.2867972
v -0.4709125 -0.0400976 -0.2891307
v -0.4802781 -0.0186935 -0.2961360
v -0.4802781 -0.0186935 -0.2961360
v -0.4736184 -0.0149046 -0.2933186
v -0.4736184 -0.0149046 -0.2933186
v -0.4797638 0.0052455 -0.2979153
v -0.4797638 0.0052455 -0.2979153
v -0.4868917 0.0024742 -0.3010832
v -0.4908225 0.0231203 -0.3040231
v -0.4908225 0.0231203 -0.3040231
v -0.4908225 0.0231203 -0.3040231
v -0.4834096 0.0245806 -0.3006429
v -0.4834096 0.0245806 -0.3006429
v -0.3775423 -0.1265147 -0.2279443
v -0.3547130 -0.1429207 -0.2108675
v -0.3511582 -0.1367983 -0.2190275
v -0.3728631 -0.1209308 -0.2352625
v -0.3932097 -0.1043319 -0.2504824
v -0.3989597 -0.1094185 -0.2439646
v -0.3989597 -0.1094185 -0.2439646
v -0.4175550 -0.0909397 -0.2578746
v -0.4108431 -0.0862691 -0.2636720
v -0.4258496 -0.0672033 -0.2748968
v -0.4334116 -0.0714919 -0.2697350
v -0.4466097 -0.0514837 -0.2796063
v -0.4383151 -0.0475966 -0.2842211
v -0.4483283 -0.0279110 -0.2917104
v -0.4572305 -0.0313276 -0.2875516
v -0.4653589 -0.0114358 -0.2936315
v -0.4653589 -0.0114358 -0.2936315
v -0.4559740 -0.0086075 -0.2974301
v -0.4613408 0.0098519 -0.3014434
v -0.4710750 0.0077828 -0.2979068
v -0.4744613 0.0259171 -0.3004404
v -0.4645136 0.0270062 -0.3038181
v -0.3659354 -0.1172450 -0.2452260
v -0.3449727 -0.1327559 -0.2295464
v -0.3577572 -0.1158745 -0.2564192
v -0.3771360 -0.0997267 -0.2709139
v -0.3855761 -0.1009735 -0.2599171
v -0.4025728 -0.0831849 -0.2726312
v -0.3938974 -0.0820387 -0.2834510
v -0.4081336 -0.0633198 -0.2941009
v -0.4170177 -0.0643713 -0.2834364
v -0.4290005 -0.0450290 -0.2923993
v -0.4199370 -0.0440757 -0.3029291
v -0.4199370 -0.0440757 -0.3029291
v -0.4293971 -0.0248159 -0.3100060
v -0.4386110 -0.0256539 -0.2995878
v -0.4459390 -0.0067397 -0.3050686
v -0.4366074 -0.0060460 -0.3153983
v -0.4416565 0.0117269 -0.3191751
v -0.4510741 0.0112187 -0.3089096
v -0.4541075 0.0277255 -0.3111788
v -0.4446376 0.0279935 -0.3214055
v -0.3493305 -0.1172450 -0.2674245
v -0.3493305 -0.1172450 -0.2674245
v -0.3283690 -0.1327559 -0.2517450
v -0.3200247 -0.1367983 -0.2606496
v -0.3417296 -0.1209308 -0.2768847
v -0.3620762 -0.1043319 -0.2921046
v -0.3689711 -0.1009735 -0.2821156
v -0.3689711 -0.1009735 -0.2821156
v -0.3859691 -0.0831849 -0.2948298
v -0.3797096 -0.0862691 -0.3052942
v -0.3947160 -0.0672033 -0.3165190
v -0.4004139 -0.0643713 -0.3056350
v -0.4123956 -0.0450290 -0.3145978
v -0.4071816 -0.0475966 -0.3258433
v -0.4171948 -0.0279110 -0.3333325
v -0.4220061 -0.0256539 -0.3217863
v -0.4293340 -0.0067397 -0.3272671
v -0.4248405 -0.0086075 -0.3390523
v -0.4302061 0.0098519 -0.3430655
v -0.4344692 0.0112187 -0.3311082
v -0.4375025 0.0277255 -0.3333774
v -0.4333801 0.0270062 -0.3454403
v -0.3360305 -0.1265147 -0.2834400
v -0.3132025 -0.1429207 -0.2663645
v -0.3080843 -0.1504282 -0.2690279
v -0.3322913 -0.1333611 -0.2871343
v -0.3550223 -0.1156549 -0.3041371
v -0.3574480 -0.1094185 -0.2994604
v -0.3574480 -0.1094185 -0.2994604
v -0.3574480 -0.1094185 -0.2994604
v -0.3760444 -0.0909397 -0.3133704
v -0.3747976 -0.0966692 -0.3189289
v -0.3916961 -0.0767508 -0.3315691
v -0.3916961 -0.0767508 -0.3315691
v -0.3916961 -0.0767508 -0.3315691
v -0.3918998 -0.0714919 -0.3252308
v -0.4050979 -0.0514837 -0.3351021
v -0.4057917 -0.0562514 -0.3421135
v -0.4171608 -0.0355191 -0.3506179
v -0.4157199 -0.0313276 -0.3430486
v -0.4238472 -0.0114358 -0.3491273
v -0.4258811 -0.0149046 -0.3571393
v -0.4320253 0.0052455 -0.3617360
v -0.4320253 0.0052455 -0.3617360
v -0.4295633 0.0077828 -0.3534038
v -0.4329495 0.0259171 -0.3559362
v -0.4356723 0.0245806 -0.3644636
v -0.4356723 0.0245806 -0.3644636
v -0.3305715 -0.1408407 -0.2880112
v -0.3048581 -0.1586294 -0.2687781
v -0.3037072 -0.1668306 -0.2657520
v -0.3309256 -0.1483203 -0.2861131
v -0.3565238 -0.1292812 -0.3052602
v -0.3565238 -0.1292812 -0.3052602
v -0.3547349 -0.1224687 -0.3060861
v -0.3547349 -0.1224687 -0.3060861
v -0.3758006 -0.1029262 -0.3218433
v -0.3788788 -0.1091832 -0.3219816
v -0.3788788 -0.1091832 -0.3219816
v -0.3980525 -0.0882412 -0.3363246
v -0.3938367 -0.0824960 -0.3353337
v -0.3938367 -0.0824960 -0.3353337
v -0.3938367 -0.0824960 -0.3353337
v -0.4089135 -0.0614593 -0.3466119
v -0.4089135 -0.0614593 -0.3466119
v -0.4141105 -0.0666672 -0.3483353
v -0.4141105 -0.0666672 -0.3483353
v -0.4271133 -0.0446761 -0.3580611
v -0.4210989 -0.0400976 -0.3557263
v -0.4210989 -0.0400976 -0.3557263
v -0.4304644 -0.0186935 -0.3627317
v -0.4304644 -0.0186935 -0.3627317
v -0.4304644 -0.0186935 -0.3627317
v -0.4371229 -0.0224824 -0.3655491
v -0.4371229 -0.0224824 -0.3655491
v -0.4442046 -0.0002984 -0.3708468
v -0.4442046 -0.0002984 -0.3708468
v -0.4370780 0.0024742 -0.3676789
v -0.4370780 0.0024742 -0.3676789
v -0.4410088 0.0231203 -0.3706188
v -0.4410088 0.0231203 -0.3706188
v -0.4484205 0.0216613 -0.3740002
v -0.4484205 0.0216613 -0.3740002
v -0.3334144 -0.1551680 -0.2814825
v -0.3048157 -0.1743381 -0.2600917
v -0.3083705 -0.1804593 -0.2519317
v -0.3380935 -0.1607506 -0.2741643
v -0.3380935 -0.1607506 -0.2741643
v -0.3380935 -0.1607506 -0.2741643
v -0.3660737 -0.1406042 -0.2950942
v -0.3603248 -0.1355188 -0.3016120
v -0.3838599 -0.1149115 -0.3192163
v -0.3905718 -0.1195833 -0.3134190
v -0.4116375 -0.0977886 -0.3291761
v -0.4040767 -0.0935000 -0.3343392
v -0.4210310 -0.0714349 -0.3470206
v -0.4293243 -0.0753220 -0.3424070
v -0.4293243 -0.0753220 -0.3424070
v -0.4436843 -0.0522842 -0.3531479
v -0.4347809 -0.0488676 -0.3573067
v -0.4453835 -0.0259499 -0.3652362
v -0.4453835 -0.0259499 -0.3652362
v -0.4547685 -0.0287782 -0.3614388
v -0.4547685 -0.0287782 -0.3614388
v -0.4547685 -0.0287782 -0.3614388
v -0.4626288 -0.0049047 -0.3673174
v -0.4626288 -0.0049047 -0.3673174
v -0.4528934 -0.0028356 -0.3708541
v -0.4573700 0.0203247 -0.3742027
v -0.4673177 0.0192344 -0.3708250
v -0.3450212 -0.1644377 -0.2642008
v -0.3145560 -0.1845029 -0.2414128
v -0.3737085 -0.1439626 -0.2856595
v -0.3988421 -0.1226676 -0.3044585
v -0.4204694 -0.1006206 -0.3206365
v -0.4386389 -0.0778884 -0.3342276
v -0.4534016 -0.0545413 -0.3452705
v -0.4648035 -0.0306460 -0.3537992
v -0.4728955 -0.0062716 -0.3598512
v -0.4777238 0.0185152 -0.3634630
v -0.4777238 0.0185152 -0.3634630
v 0.1750300 -0.2784092 -0.2071938
v 0.1763459 -0.2741352 -0.2084600
v 0.2056602 -0.2741352 -0.1734066
v 0.2041575 -0.2784092 -0.1723648
v 0.2011048 -0.2825959 -0.1702484
v 0.1723593 -0.2825959 -0.2046226
v 0.1383186 -0.2825959 -0.2345263
v 0.1405381 -0.2784092 -0.2374941
v 0.1669743 -0.2866104 -0.1994389
v 0.1949521 -0.2866104 -0.1659840
v 0.1845022 -0.2903641 -0.1587398
v 0.1578295 -0.2903641 -0.1906350
v 0.1262436 -0.2903641 -0.2183835
v 0.1338433 -0.2866104 -0.2285434
v 0.1438758 -0.2937722 -0.1772028
v 0.1685583 -0.2937722 -0.1476872
v 0.1459219 -0.2967461 -0.1319955
v 0.1240654 -0.2967461 -0.1581309
v 0.0981822 -0.2967461 -0.1808692
v 0.1146465 -0.2937722 -0.2028798
v 0.1146465 -0.2937722 -0.2028798
v 0.0973490 -0.2992009 -0.1324127
v 0.1153948 -0.2992009 -0.1108339
v 0.0780430 -0.3010153 -0.0849471
v 0.0666945 -0.3009813 -0.1029020
v 0.0488137 -0.3010153 -0.1148678
v 0.0759788 -0.2992009 -0.1511862
v 0.0350674 -0.3019346 -0.0724561
v 0.0349291 -0.3020692 -0.0550761
v -0.0291609 -0.3028770 -0.0106257
v 0.0174606 -0.3020692 -0.0729534
v 0.2268703 -0.2784092 -0.1342502
v 0.2285185 -0.2741352 -0.1350458
v 0.2430580 -0.2784092 -0.0936201
v 0.2394959 -0.2825959 -0.0925346
v 0.2235204 -0.2825959 -0.1326322
v 0.2167686 -0.2866104 -0.1293721
v 0.2323184 -0.2866104 -0.0903455
v 0.2201269 -0.2903641 -0.0866281
v 0.2053024 -0.2903641 -0.1238355
v 0.1878060 -0.2937722 -0.1153881
v 0.2015244 -0.2937722 -0.0809569
v 0.1751125 -0.2967461 -0.0729049
v 0.1629659 -0.2967461 -0.1033932
v 0.1294673 -0.2992009 -0.0872188
v 0.1294673 -0.2992009 -0.0872188
v 0.1394963 -0.2992009 -0.0620463
v 0.0959203 -0.3010153 -0.0487621
v 0.0910301 -0.3009813 -0.0686599
v 0.0513727 -0.3019346 -0.0495117
v 0.0456312 -0.3020692 -0.0334343
v 0.2526103 -0.2784092 -0.0512460
v 0.2554156 -0.2784092 -0.0079004
v 0.2516922 -0.2825959 -0.0079356
v 0.2489233 -0.2825959 -0.0507148
v 0.2414935 -0.2866104 -0.0496439
v 0.2441884 -0.2866104 -0.0080072
v 0.2314427 -0.2903641 -0.0081296
v 0.2288739 -0.2903641 -0.0478246
v 0.2096189 -0.2937722 -0.0450484
v 0.2119961 -0.2937722 -0.0083164
v 0.1843858 -0.2967461 -0.0085808
v 0.1822815 -0.2967461 -0.0411079
v 0.1454149 -0.2992009 -0.0357933
v 0.1471529 -0.2992009 -0.0089374
v 0.1015988 -0.3010153 -0.0093728
v 0.1031136 -0.3009813 -0.0296951
v 0.0594697 -0.3019346 -0.0234029
v 0.0490283 -0.3020692 -0.0098713
v 0.2513623 -0.2784092 0.0356477
v 0.2531694 -0.2741352 0.0359461
v 0.2420756 -0.2741352 0.0792007
v 0.2403401 -0.2784092 0.0786258
v 0.2403401 -0.2784092 0.0786258
v 0.2368143 -0.2825959 0.0774591
v 0.2476923 -0.2825959 0.0350425
v 0.2402952 -0.2866104 0.0338224
v 0.2297071 -0.2866104 0.0751049
v 0.2176382 -0.2903641 0.0711074
v 0.2277314 -0.2903641 0.0317497
v 0.2085613 -0.2937722 0.0285878
v 0.1992200 -0.2937722 0.0650081
v 0.1730737 -0.2967461 0.0563484
v 0.1730737 -0.2967461 0.0563484
v 0.1813452 -0.2967461 0.0240979
v 0.1446424 -0.2992009 0.0180434
v 0.1378129 -0.2992009 0.0446712
v 0.0946698 -0.3010153 0.0303888
v 0.1025278 -0.3009813 0.0110962
v 0.0590767 -0.3019346 0.0039296
v 0.0448744 -0.3020692 0.0139125
v 0.2222372 -0.2784092 0.1202637
v 0.2238564 -0.2741352 0.1211066
v 0.1977076 -0.2784092 0.1590733
v 0.1947398 -0.2825959 0.1568526
v 0.2189480 -0.2825959 0.1185512
v 0.2123187 -0.2866104 0.1150995
v 0.1887581 -0.2866104 0.1523784
v 0.1785969 -0.2903641 0.1447776
v 0.2010599 -0.2903641 0.1092378
v 0.1838801 -0.2937722 0.1002931
v 0.1630932 -0.2937722 0.1331804
v 0.1630932 -0.2937722 0.1331804
v 0.1410827 -0.2967461 0.1167162
v 0.1594887 -0.2967461 0.0875935
v 0.1265965 -0.2992009 0.0704683
v 0.1113997 -0.2992009 0.0945140
v 0.0750813 -0.3010153 0.0673476
v 0.0888555 -0.3009813 0.0508191
v 0.0499161 -0.3019346 0.0305453
v 0.0331669 -0.3020692 0.0359946
v -0.2257290 -0.2784092 -0.2148165
v -0.2269952 -0.2741352 -0.2161324
v -0.1919418 -0.2741352 -0.2454467
v -0.1919418 -0.2741352 -0.2454467
v -0.1909000 -0.2784092 -0.2439428
v -0.1887836 -0.2825959 -0.2408901
v -0.1887836 -0.2825959 -0.2408901
v -0.2231566 -0.2825959 -0.2121458
v -0.2530603 -0.2825959 -0.1781051
v -0.2560293 -0.2784092 -0.1803246
v -0.2179729 -0.2866104 -0.2067608
v -0.1845180 -0.2866104 -0.2347386
v -0.1772749 -0.2903641 -0.2242888
v -0.2091701 -0.2903641 -0.1976160
v -0.2369174 -0.2903641 -0.1660301
v -0.2470786 -0.2866104 -0.1736298
v -0.1957368 -0.2937722 -0.1836624
v -0.1662224 -0.2937722 -0.2083448
v -0.1505295 -0.2967461 -0.1857084
v -0.1766661 -0.2967461 -0.1638519
v -0.1994032 -0.2967461 -0.1379687
v -0.2214137 -0.2937722 -0.1544330
v -0.1509467 -0.2992009 -0.1371355
v -0.1293679 -0.2992009 -0.1551813
v -0.1034811 -0.3010153 -0.1178296
v -0.1214371 -0.3009813 -0.1064810
v -0.1334030 -0.3010153 -0.0886002
v -0.1697202 -0.2992009 -0.1157653
v -0.0909901 -0.3019346 -0.0748539
v -0.0736113 -0.3020692 -0.0747156
v -0.0914873 -0.3020692 -0.0572471
v -0.1527841 -0.2784092 -0.2666568
v -0.1535810 -0.2741352 -0.2683050
v -0.1121541 -0.2784092 -0.2828445
v -0.1110686 -0.2825959 -0.2792824
v -0.1511674 -0.2825959 -0.2633069
v -0.1479073 -0.2866104 -0.2565551
v -0.1088806 -0.2866104 -0.2721049
v -0.1051633 -0.2903641 -0.2599134
v -0.1423707 -0.2903641 -0.2450889
v -0.1339221 -0.2937722 -0.2275925
v -0.0994921 -0.2937722 -0.2413109
v -0.0914388 -0.2967461 -0.2148990
v -0.1219283 -0.2967461 -0.2027524
v -0.1057539 -0.2992009 -0.1692539
v -0.0805803 -0.2992009 -0.1792828
v -0.0672961 -0.3010153 -0.1357068
v -0.0871939 -0.3009813 -0.1308166
v -0.0680456 -0.3019346 -0.0911593
v -0.0519683 -0.3020692 -0.0854177
v -0.0697812 -0.2784092 -0.2923968
v -0.0697812 -0.2784092 -0.2923968
v -0.0264344 -0.2784092 -0.2952021
v -0.0264696 -0.2825959 -0.2914787
v -0.0692488 -0.2825959 -0.2887098
v -0.0681778 -0.2866104 -0.2812800
v -0.0265423 -0.2866104 -0.2839749
v -0.0266636 -0.2903641 -0.2712292
v -0.0663586 -0.2903641 -0.2686604
v -0.0635836 -0.2937722 -0.2494054
v -0.0268504 -0.2937722 -0.2517826
v -0.0271148 -0.2967461 -0.2241723
v -0.0596419 -0.2967461 -0.2220681
v -0.0543272 -0.2992009 -0.1852014
v -0.0274714 -0.2992009 -0.1869394
v -0.0279068 -0.3010153 -0.1413853
v -0.0482291 -0.3009813 -0.1429001
v -0.0419369 -0.3019346 -0.0992562
v -0.0284065 -0.3020692 -0.0888149
v 0.0171137 -0.2784092 -0.2911488
v 0.0174121 -0.2741352 -0.2929560
v 0.0606667 -0.2741352 -0.2818621
v 0.0600918 -0.2784092 -0.2801266
v 0.0600918 -0.2784092 -0.2801266
v 0.0589239 -0.2825959 -0.2766009
v 0.0165085 -0.2825959 -0.2874788
v 0.0152884 -0.2866104 -0.2800817
v 0.0565710 -0.2866104 -0.2694936
v 0.0525735 -0.2903641 -0.2574247
v 0.0132157 -0.2903641 -0.2675179
v 0.0100526 -0.2937722 -0.2483478
v 0.0464741 -0.2937722 -0.2390065
v 0.0378144 -0.2967461 -0.2128602
v 0.0378144 -0.2967461 -0.2128602
v 0.0055639 -0.2967461 -0.2211317
v -0.0004906 -0.2992009 -0.1844289
v 0.0261372 -0.2992009 -0.1775994
v 0.0118537 -0.3010153 -0.1344563
v -0.0074377 -0.3009813 -0.1423143
v -0.0146056 -0.3019346 -0.0988632
v -0.0046215 -0.3020692 -0.0846609
v 0.1017297 -0.2784092 -0.2620238
v 0.1017297 -0.2784092 -0.2620238
v 0.1025727 -0.2741352 -0.2636429
v 0.1000172 -0.2825959 -0.2587345
v 0.0965655 -0.2866104 -0.2521052
v 0.0907038 -0.2903641 -0.2408464
v 0.0907038 -0.2903641 -0.2408464
v 0.0817592 -0.2937722 -0.2236666
v 0.0690596 -0.2967461 -0.1992752
v 0.0519343 -0.2992009 -0.1663831
v 0.0322839 -0.3009813 -0.1286408
v 0.0120101 -0.3019346 -0.0897026
v -0.2333517 -0.2784092 0.1859425
v -0.2346664 -0.2741352 0.1872087
v -0.2639807 -0.2741352 0.1521553
v -0.2624780 -0.2784092 0.1511134
v -0.2594253 -0.2825959 0.1489970
v -0.2306798 -0.2825959 0.1833701
v -0.1966391 -0.2825959 0.2132738
v -0.1988598 -0.2784092 0.2162428
v -0.2252948 -0.2866104 0.1781864
v -0.2532725 -0.2866104 0.1447315
v -0.2428227 -0.2903641 0.1374884
v -0.2161500 -0.2903641 0.1693836
v -0.1845641 -0.2903641 0.1971309
v -0.1921637 -0.2866104 0.2072921
v -0.2021963 -0.2937722 0.1559502
v -0.2268788 -0.2937722 0.1264358
v -0.2042424 -0.2967461 0.1107429
v -0.1823858 -0.2967461 0.1368796
v -0.1565027 -0.2967461 0.1596166
v -0.1729670 -0.2937722 0.1816272
v -0.1556695 -0.2992009 0.1111602
v -0.1737153 -0.2992009 0.0895814
v -0.1363635 -0.3010153 0.0636946
v -0.1250150 -0.3009813 0.0816506
v -0.1071342 -0.3010153 0.0936165
v -0.1343005 -0.2992009 0.1299337
v -0.0933879 -0.3019346 0.0512036
v -0.0932496 -0.3020692 0.0338248
v -0.0757811 -0.3020692 0.0517008
v -0.2851908 -0.2784092 0.1129976
v -0.2868402 -0.2741352 0.1137944
v -0.3013785 -0.2784092 0.0723676
v -0.2978176 -0.2825959 0.0712821
v -0.2818409 -0.2825959 0.1113809
v -0.2750891 -0.2866104 0.1081208
v -0.2906388 -0.2866104 0.0690941
v -0.2784474 -0.2903641 0.0653768
v -0.2636229 -0.2903641 0.1025842
v -0.2461265 -0.2937722 0.0941356
v -0.2598449 -0.2937722 0.0597055
v -0.2334342 -0.2967461 0.0516523
v -0.2212864 -0.2967461 0.0821418
v -0.1877878 -0.2992009 0.0659674
v -0.1978180 -0.2992009 0.0407938
v -0.1542420 -0.3010153 0.0275108
v -0.1493506 -0.3009813 0.0474074
v -0.1096932 -0.3019346 0.0282591
v -0.1039517 -0.3020692 0.0121817
v -0.3109308 -0.2784092 0.0299947
v -0.3137361 -0.2784092 -0.0133521
v -0.3100127 -0.2825959 -0.0133157
v -0.3072450 -0.2825959 0.0294635
v -0.2998152 -0.2866104 0.0283913
v -0.3025089 -0.2866104 -0.0132442
v -0.2897644 -0.2903641 -0.0131229
v -0.2871956 -0.2903641 0.0265720
v -0.2679394 -0.2937722 0.0237971
v -0.2703165 -0.2937722 -0.0129361
v -0.2427075 -0.2967461 -0.0126717
v -0.2406020 -0.2967461 0.0198554
v -0.2037354 -0.2992009 0.0145407
v -0.2054734 -0.2992009 -0.0123151
v -0.1599205 -0.3010153 -0.0118797
v -0.1614341 -0.3009813 0.0084426
v -0.1177901 -0.3019346 0.0021504
v -0.1073488 -0.3020692 -0.0113801
v -0.3096828 -0.2784092 -0.0569003
v -0.3114899 -0.2741352 -0.0571974
v -0.3003973 -0.2741352 -0.1004532
v -0.2986605 -0.2784092 -0.0998784
v -0.2986605 -0.2784092 -0.0998784
v -0.2951348 -0.2825959 -0.0987104
v -0.3060128 -0.2825959 -0.0562938
v -0.2986157 -0.2866104 -0.0550737
v -0.2880288 -0.2866104 -0.0963575
v -0.2759587 -0.2903641 -0.0923600
v -0.2860519 -0.2903641 -0.0530022
v -0.2668818 -0.2937722 -0.0498391
v -0.2575417 -0.2937722 -0.0862606
v -0.2313942 -0.2967461 -0.0776010
v -0.2313942 -0.2967461 -0.0776010
v -0.2396657 -0.2967461 -0.0453504
v -0.2029628 -0.2992009 -0.0392959
v -0.1961334 -0.2992009 -0.0659238
v -0.1529903 -0.3010153 -0.0516402
v -0.1608483 -0.3009813 -0.0323488
v -0.1173984 -0.3019346 -0.0251809
v -0.1031949 -0.3020692 -0.0351650
v -0.2805577 -0.2784092 -0.1415163
v -0.2805577 -0.2784092 -0.1415163
v -0.2821769 -0.2741352 -0.1423592
v -0.2772685 -0.2825959 -0.1398037
v -0.2706392 -0.2866104 -0.1363520
v -0.2593804 -0.2903641 -0.1304904
v -0.2422005 -0.2937722 -0.1215457
v -0.2178092 -0.2967461 -0.1088461
v -0.1849170 -0.2992009 -0.0917208
v -0.1471760 -0.3009813 -0.0720704
v -0.1082366 -0.3019346 -0.0517966
v 0.1674073 -0.2784092 0.1935652
v 0.1686735 -0.2741352 0.1948799
v 0.1336201 -0.2741352 0.2241942
v 0.1325783 -0.2784092 0.2226915
v 0.1304619 -0.2825959 0.2196387
v 0.1648361 -0.2825959 0.1908933
v 0.1596524 -0.2866104 0.1855095
v 0.1261975 -0.2866104 0.2134860
v 0.1189532 -0.2903641 0.2030374
v 0.1508484 -0.2903641 0.1763635
v 0.1374163 -0.2937722 0.1624098
v 0.1079007 -0.2937722 0.1870923
v 0.0922090 -0.2967461 0.1644559
v 0.1183444 -0.2967461 0.1425993
v 0.0926262 -0.2992009 0.1158830
v 0.0710474 -0.2992009 0.1339288
v 0.0451606 -0.3010153 0.0965770
v 0.0631167 -0.3009813 0.0852285
v 0.0326696 -0.3019346 0.0536013
v 0.0152896 -0.3020692 0.0534631
v 0.0944636 -0.2784092 0.2454043
v 0.0952593 -0.2741352 0.2470537
v 0.0538336 -0.2784092 0.2615920
v 0.0527481 -0.2825959 0.2580311
v 0.0928457 -0.2825959 0.2420544
v 0.0895868 -0.2866104 0.2353025
v 0.0505589 -0.2866104 0.2508523
v 0.0505589 -0.2866104 0.2508523
v 0.0468428 -0.2903641 0.2386609
v 0.0840502 -0.2903641 0.2238364
v 0.0756016 -0.2937722 0.2063400
v 0.0411704 -0.2937722 0.2200584
v 0.0331183 -0.2967461 0.1936476
v 0.0636079 -0.2967461 0.1814999
v 0.0474322 -0.2992009 0.1480013
v 0.0222598 -0.2992009 0.1580315
v 0.0089756 -0.3010153 0.1144554
v 0.0288734 -0.3009813 0.1095641
v 0.0097251 -0.3019346 0.0699079
v -0.0063522 -0.3020692 0.0641651
v 0.0114595 -0.2784092 0.2711443
v -0.0318861 -0.2784092 0.2739496
v -0.0318509 -0.2825959 0.2702262
v 0.0109283 -0.2825959 0.2674585
v 0.0098573 -0.2866104 0.2600286
v -0.0317794 -0.2866104 0.2627224
v -0.0316569 -0.2903641 0.2499779
v 0.0080381 -0.2903641 0.2474091
v 0.0052619 -0.2937722 0.2281529
v -0.0314701 -0.2937722 0.2305300
v -0.0312057 -0.2967461 0.2029210
v 0.0013214 -0.2967461 0.2008155
v -0.0039933 -0.2992009 0.1639489
v -0.0308491 -0.2992009 0.1656869
v -0.0304137 -0.3010153 0.1201339
v -0.0100914 -0.3009813 0.1216476
v -0.0163836 -0.3019346 0.0780036
v -0.0299140 -0.3020692 0.0675623
v -0.0754342 -0.2784092 0.2698963
v -0.0757326 -0.2741352 0.2717034
v -0.1189872 -0.2741352 0.2606108
v -0.1184123 -0.2784092 0.2588740
v -0.1184123 -0.2784092 0.2588740
v -0.1172444 -0.2825959 0.2553483
v -0.0748290 -0.2825959 0.2662262
v -0.0736089 -0.2866104 0.2588292
v -0.1148915 -0.2866104 0.2482423
v -0.1108939 -0.2903641 0.2361721
v -0.0715362 -0.2903641 0.2462654
v -0.0683743 -0.2937722 0.2270953
v -0.1047946 -0.2937722 0.2177552
v -0.0961349 -0.2967461 0.1916077
v -0.0961349 -0.2967461 0.1916077
v -0.0638844 -0.2967461 0.1998792
v -0.0578299 -0.2992009 0.1631763
v -0.0844577 -0.2992009 0.1563468
v -0.0701754 -0.3010153 0.1132038
v -0.0508828 -0.3009813 0.1210618
v -0.0437161 -0.3019346 0.0776119
v -0.0536990 -0.3020692 0.0634083
v -0.0536990 -0.3020692 0.0634083
v -0.1600502 -0.2784092 0.2407712
v -0.1600502 -0.2784092 0.2407712
v -0.1608932 -0.2741352 0.2423904
v -0.1583377 -0.2825959 0.2374820
v -0.1548860 -0.2866104 0.2308526
v -0.1490243 -0.2903641 0.2195939
v -0.1400797 -0.2937722 0.2024140
v -0.1273800 -0.2967461 0.1780227
v -0.1102548 -0.2992009 0.1451305
v -0.0906056 -0.3009813 0.1073895
v -0.0703318 -0.3019346 0.0684501
v 0.4389591 0.1296790 0.3551842
v 0.4625306 0.1527932 0.3718183
v 0.4501269 0.1529315 0.3753658
v 0.4270284 0.1303048 0.3599579
v 0.4020476 0.0991228 0.3443778
v 0.4137345 0.0977486 0.3379728
v 0.4236798 0.0972380 0.3281016
v 0.4236798 0.0972380 0.3281016
v 0.4484593 0.1294461 0.3466361
v 0.4718828 0.1527411 0.3641568
v 0.3957967 0.0606261 0.3270622
v 0.3957967 0.0606261 0.3270622
v 0.3836465 0.0629911 0.3353143
v 0.3836465 0.0629911 0.3353143
v 0.3688608 0.0238856 0.3300215
v 0.3819449 0.0203478 0.3197766
v 0.3942176 0.0190343 0.3060631
v 0.4067255 0.0597480 0.3154189
v 0.3689808 -0.0210524 0.3134384
v 0.3547264 -0.0162217 0.3257474
v 0.3382791 -0.0553575 0.3197427
v 0.3537052 -0.0615418 0.3053706
v 0.3690209 -0.0638401 0.2872156
v 0.3827757 -0.0228474 0.2975041
v 0.3329159 -0.0990864 0.2928965
v 0.3165560 -0.0915474 0.3092601
v 0.2865940 -0.1228180 0.2915491
v 0.3034173 -0.1316510 0.2733383
v 0.3210604 -0.1349318 0.2513411
v 0.3210604 -0.1349318 0.2513411
v 0.3495754 -0.1018868 0.2726700
v 0.2620062 -0.1572019 0.2440192
v 0.2620062 -0.1572019 0.2440192
v 0.2454267 -0.1471972 0.2638612
v 0.2454267 -0.1471972 0.2638612
v 0.1986585 -0.1681296 0.2311850
v 0.2146400 -0.1792464 0.2098184
v 0.2329054 -0.1833761 0.1854004
v 0.2800944 -0.1609192 0.2206988
v 0.4142172 0.1312544 0.3601593
v 0.4362654 0.1531413 0.3741578
v 0.4220182 0.1533984 0.3689972
v 0.4014461 0.1324176 0.3564771
v 0.3788364 0.1037570 0.3443257
v 0.3901618 0.1012040 0.3463062
v 0.3719014 0.0665726 0.3389152
v 0.3612187 0.0709655 0.3383561
v 0.3461577 0.0358114 0.3359328
v 0.3567324 0.0292427 0.3352573
v 0.3419540 -0.0089059 0.3326012
v 0.3312204 0.0000655 0.3344168
v 0.3139702 -0.0345040 0.3311712
v 0.3248627 -0.0459908 0.3282144
v 0.3027575 -0.0801297 0.3193679
v 0.2919730 -0.0661275 0.3235583
v 0.2627933 -0.0930367 0.3089412
v 0.2729351 -0.1094416 0.3033294
v 0.2326931 -0.1320452 0.2773686
v 0.2326931 -0.1320452 0.2773686
v 0.2239971 -0.1134633 0.2846820
v 0.1803932 -0.1306480 0.2556030
v 0.1872420 -0.1512942 0.2464461
v 0.1872420 -0.1512942 0.2464461
v 0.3896318 0.1336886 0.3495967
v 0.4084563 0.1536786 0.3606844
v 0.3966517 0.1539600 0.3500224
v 0.3796950 0.1349597 0.3402069
v 0.3608949 0.1093336 0.3309056
v 0.3688280 0.1065453 0.3390025
v 0.3688280 0.1065453 0.3390025
v 0.3522546 0.0757623 0.3341294
v 0.3456677 0.0805603 0.3267250
v 0.3456677 0.0805603 0.3267250
v 0.3320524 0.0501629 0.3253812
v 0.3377321 0.0429878 0.3324920
v 0.3230786 0.0098664 0.3316091
v 0.3180866 0.0196662 0.3245928
v 0.3180866 0.0196662 0.3245928
v 0.3018079 -0.0094080 0.3220738
v 0.3061134 -0.0219560 0.3289954
v 0.3061134 -0.0219560 0.3289954
v 0.2846535 -0.0508324 0.3221696
v 0.2812551 -0.0355373 0.3155414
v 0.2544660 -0.0571986 0.3027132
v 0.2544660 -0.0571986 0.3027132
v 0.2565193 -0.0751183 0.3086477
v 0.2565193 -0.0751183 0.3086477
v 0.2195290 -0.0931653 0.2859470
v 0.2194793 -0.0728685 0.2813030
v 0.1803932 -0.0855426 0.2556030
v 0.1781094 -0.1080953 0.2586557
v 0.3725551 0.1361240 0.3289954
v 0.3876767 0.1542171 0.3378127
v 0.3826022 0.1544269 0.3248572
v 0.3691300 0.1370724 0.3166499
v 0.3542885 0.1139679 0.3086537
v 0.3557961 0.1118854 0.3206002
v 0.3421141 0.0849520 0.3166342
v 0.3422511 0.0885335 0.3043506
v 0.3313101 0.0620900 0.3019334
v 0.3297128 0.0567329 0.3150466
v 0.3167961 0.0286387 0.3137828
v 0.3197639 0.0359533 0.2995950
v 0.3059036 0.0114455 0.2955260
v 0.3015665 0.0020788 0.3107895
v 0.2822290 -0.0215351 0.3040122
v 0.2880276 -0.0101187 0.2879203
v 0.2644270 -0.0274174 0.2749696
v 0.2569850 -0.0407938 0.2913987
v 0.2240395 -0.0542866 0.2708945
v 0.2334002 -0.0391346 0.2548656
v 0.1986585 -0.0480599 0.2311850
v 0.1872420 -0.0648953 0.2464461
v 0.3703392 0.1376995 0.3038569
v 0.3825015 0.1545652 0.3119563
v 0.3872098 0.1546161 0.3008212
v 0.3758564 0.1379323 0.2923289
v 0.3637923 0.1158526 0.2833042
v 0.3571314 0.1153420 0.2956327
v 0.3467350 0.0908985 0.2903641
v 0.3548173 0.0917766 0.2765912
v 0.3471316 0.0669401 0.2708423
v 0.3374422 0.0656266 0.2864879
v 0.3374422 0.0656266 0.2864879
v 0.3275443 0.0407853 0.2824431
v 0.3389340 0.0425791 0.2647102
v 0.3284236 0.0199281 0.2568486
v 0.3153346 0.0176298 0.2766700
v 0.2991032 -0.0025785 0.2676040
v 0.3138004 0.0002219 0.2459112
v 0.2932646 -0.0153036 0.2305494
v 0.2771460 -0.0185843 0.2536867
v 0.2477517 -0.0291287 0.2333559
v 0.2650128 -0.0254126 0.2094170
v 0.2329054 -0.0328133 0.1854004
v 0.2146400 -0.0369430 0.2098184
v 0.3853566 0.1376995 0.2837796
v 0.3965620 0.1545652 0.2931597
v 0.4089657 0.1544269 0.2896134
v 0.3972872 0.1370724 0.2790071
v 0.3854245 0.1139679 0.2670279
v 0.3737376 0.1153420 0.2734329
v 0.3657462 0.0908985 0.2649479
v 0.3778964 0.0885335 0.2566958
v 0.3724884 0.0620900 0.2468839
v 0.3594031 0.0656266 0.2571275
v 0.3527276 0.0407853 0.2487759
v 0.3527276 0.0407853 0.2487759
v 0.3669833 0.0359533 0.2364681
v 0.3591653 0.0114455 0.2243215
v 0.3437405 0.0176298 0.2386936
v 0.3304599 -0.0025785 0.2256847
v 0.3468199 -0.0101187 0.2093211
v 0.3277298 -0.0274174 0.1903402
v 0.3109066 -0.0185843 0.2085522
v 0.2831023 -0.0291287 0.1860977
v 0.2996805 -0.0391346 0.1662545
v 0.2671522 -0.0480599 0.1396157
v 0.2511695 -0.0369430 0.1609823
v 0.4100984 0.1361240 0.2788058
v 0.4228272 0.1542171 0.2908202
v 0.4370744 0.1539600 0.2959820
v 0.4228696 0.1349597 0.2824880
v 0.4086358 0.1093336 0.2670801
v 0.3973103 0.1118854 0.2650995
v 0.3973103 0.1118854 0.2650995
v 0.3896415 0.0849520 0.2530949
v 0.4003242 0.0805603 0.2536540
v 0.4003242 0.0805603 0.2536540
v 0.3951903 0.0501629 0.2409725
v 0.3951903 0.0501629 0.2409725
v 0.3846155 0.0567329 0.2416469
v 0.3797545 0.0286387 0.2296131
v 0.3904893 0.0196662 0.2277975
v 0.3904893 0.0196662 0.2277975
v 0.3834755 -0.0094080 0.2128942
v 0.3725818 0.0020788 0.2158498
v 0.3606183 -0.0215351 0.1992134
v 0.3714041 -0.0355373 0.1950230
v 0.3515305 -0.0571986 0.1729482
v 0.3515305 -0.0571986 0.1729482
v 0.3515305 -0.0571986 0.1729482
v 0.3413888 -0.0407938 0.1785599
v 0.3124141 -0.0542866 0.1527471
v 0.3124141 -0.0542866 0.1527471
v 0.3211102 -0.0728685 0.1454337
v 0.2854164 -0.0855426 0.1151977
v 0.2785675 -0.0648953 0.1243546
v 0.4346839 0.1336886 0.2893684
v 0.4506363 0.1536786 0.3042936
v 0.4624409 0.1533984 0.3149556
v 0.4624409 0.1533984 0.3149556
v 0.4446194 0.1324176 0.2987570
v 0.4265773 0.1037570 0.2805001
v 0.4186441 0.1065453 0.2724032
v 0.4092883 0.0757623 0.2578819
v 0.4158752 0.0709655 0.2652863
v 0.4092968 0.0358114 0.2515230
v 0.4036158 0.0429878 0.2444134
v 0.4036158 0.0429878 0.2444134
v 0.3986299 0.0098664 0.2306052
v 0.4036231 0.0000655 0.2376227
v 0.3956366 -0.0345040 0.2219916
v 0.3913310 -0.0219560 0.2150688
v 0.3787223 -0.0508324 0.1964117
v 0.3821207 -0.0661275 0.2030399
v 0.3598579 -0.0930367 0.1791773
v 0.3578045 -0.0751183 0.1732417
v 0.3255795 -0.0931653 0.1441700
v 0.3256292 -0.1134633 0.1488127
v 0.2854164 -0.1306480 0.1151977
v 0.2877001 -0.1080953 0.1121450
v 0.4517606 0.1312544 0.3099684
v 0.4714159 0.1531413 0.3271652
v 0.4764904 0.1529315 0.3401220
v 0.4551857 0.1303048 0.3223151
v 0.4331836 0.0991228 0.3027520
v 0.4316760 0.1012040 0.2908056
v 0.4194288 0.0665726 0.2753759
v 0.4192918 0.0629911 0.2876595
v 0.4100378 0.0238856 0.2749720
v 0.4116363 0.0292427 0.2618588
v 0.4049136 -0.0089059 0.2484315
v 0.4019458 -0.0162217 0.2626205
v 0.3915408 -0.0553575 0.2485382
v 0.3958779 -0.0459908 0.2332759
v 0.3811480 -0.0801297 0.2145691
v 0.3753494 -0.0915474 0.2306610
v 0.3498968 -0.1228180 0.2069209
v 0.3573388 -0.1094416 0.1904906
v 0.3210689 -0.1320452 0.1592213
v 0.3210689 -0.1320452 0.1592213
v 0.3210689 -0.1320452 0.1592213
v 0.3117082 -0.1471972 0.1752513
v 0.2671522 -0.1681296 0.1396157
v 0.2785675 -0.1512942 0.1243546
v 0.4539765 0.1296790 0.3351081
v 0.4765910 0.1527932 0.3530217
v 0.4303407 0.0977486 0.3157731
v 0.4148079 0.0606261 0.3016472
v 0.4039069 0.0203478 0.2904175
v 0.4039069 0.0203478 0.2904175
v 0.3941654 -0.0210524 0.2797712
v 0.3821110 -0.0615418 0.2673954
v 0.3642726 -0.0990864 0.2509772
v 0.3371778 -0.1316510 0.2282026
v 0.2973555 -0.1572019 0.1967598
v 0.2511695 -0.1792464 0.1609823
v 0.4661412 0.1639574 0.3688177
v 0.4567818 0.1590139 0.3615164
v 0.4488328 0.1590139 0.3631428
v 0.4575786 0.1638482 0.3702476
v 0.4653298 0.1680216 0.3768018
v 0.4745353 0.1682217 0.3755004
v 0.4809851 0.1682957 0.3709656
v 0.4722212 0.1639974 0.3644103
v 0.4625355 0.1590139 0.3571660
v 0.4809997 0.1711265 0.3809473
v 0.4710884 0.1708718 0.3822572
v 0.4710884 0.1708718 0.3822572
v 0.4748385 0.1724557 0.3864681
v 0.4748385 0.1724557 0.3864681
v 0.4854678 0.1727335 0.3850394
v 0.4854678 0.1727335 0.3850394
v 0.4928867 0.1728366 0.3798679
v 0.4879104 0.1712211 0.3761457
v 0.4878716 0.1731046 0.3876555
v 0.4878716 0.1731046 0.3876555
v 0.4878716 0.1731046 0.3876555
v 0.4765643 0.1728317 0.3892953
v 0.4762490 0.1720567 0.3905954
v 0.4762490 0.1720567 0.3905954
v 0.4881445 0.1723017 0.3886791
v 0.4881445 0.1723017 0.3886791
v 0.4881445 0.1723017 0.3886791
v 0.4965640 0.1723939 0.3826186
v 0.4965640 0.1723939 0.3826186
v 0.4958072 0.1732065 0.3820522
v 0.4958072 0.1732065 0.3820522
v 0.4862197 0.1703866 0.3879902
v 0.4862197 0.1703866 0.3879902
v 0.4738743 0.1701865 0.3902255
v 0.4694256 0.1672794 0.3880448
v 0.4694256 0.1672794 0.3880448
v 0.4820306 0.1674200 0.3854688
v 0.4911548 0.1674734 0.3785726
v 0.4950492 0.1704618 0.3814858
v 0.4755116 0.1634650 0.3809958
v 0.4628848 0.1633922 0.3839103
v 0.4847740 0.1634917 0.3738000
v 0.4476200 0.1636833 0.3683944
v 0.4397026 0.1590139 0.3617226
v 0.4301297 0.1590139 0.3578076
v 0.4370877 0.1634795 0.3638742
v 0.4370877 0.1634795 0.3638742
v 0.4430427 0.1673461 0.3694908
v 0.4545295 0.1677184 0.3745738
v 0.4545295 0.1677184 0.3745738
v 0.4594257 0.1704861 0.3797648
v 0.4469954 0.1700131 0.3742051
v 0.4469954 0.1700131 0.3742051
v 0.4490305 0.1715206 0.3778849
v 0.4490305 0.1715206 0.3778849
v 0.4490305 0.1715206 0.3778849
v 0.4623426 0.1720361 0.3838217
v 0.4623426 0.1720361 0.3838217
v 0.4633165 0.1724194 0.3865991
v 0.4633165 0.1724194 0.3865991
v 0.4492379 0.1719124 0.3803942
v 0.4492379 0.1719124 0.3803942
v 0.4477025 0.1712283 0.3816022
v 0.4477025 0.1712283 0.3816022
v 0.4477025 0.1712283 0.3816022
v 0.4623851 0.1716844 0.3879490
v 0.4623851 0.1716844 0.3879490
v 0.4595810 0.1698833 0.3877283
v 0.4445139 0.1695122 0.3813730
v 0.4397584 0.1668039 0.3795744
v 0.4549431 0.1670659 0.3857877
v 0.4485066 0.1632818 0.3819818
v 0.4335244 0.1631460 0.3760729
v 0.4268053 0.1632588 0.3573030
v 0.4268053 0.1632588 0.3573030
v 0.4208539 0.1590139 0.3519520
v 0.4126175 0.1590139 0.3447077
v 0.4175962 0.1630368 0.3492947
v 0.4175962 0.1630368 0.3492947
v 0.4175962 0.1630368 0.3492947
v 0.4216253 0.1665347 0.3534705
v 0.4317731 0.1669410 0.3622308
v 0.4317731 0.1669410 0.3622308
v 0.4347785 0.1694964 0.3663132
v 0.4347785 0.1694964 0.3663132
v 0.4237562 0.1689797 0.3568228
v 0.4237562 0.1689797 0.3568228
v 0.4241613 0.1703951 0.3592824
v 0.4359537 0.1709579 0.3694423
v 0.4354334 0.1713581 0.3715114
v 0.4230127 0.1708051 0.3607778
v 0.4230127 0.1708051 0.3607778
v 0.4204840 0.1702326 0.3612423
v 0.4204840 0.1702326 0.3612423
v 0.4333522 0.1707311 0.3724126
v 0.4298459 0.1691059 0.3720402
v 0.4167484 0.1687008 0.3606044
v 0.4119783 0.1662327 0.3587948
v 0.4250455 0.1665177 0.3702840
v 0.4250455 0.1665177 0.3702840
v 0.4250455 0.1665177 0.3702840
v 0.4190880 0.1629992 0.3670397
v 0.4063459 0.1628513 0.3557433
v 0.4102852 0.1628343 0.3404689
v 0.4061579 0.1590139 0.3366314
v 0.4022162 0.1590139 0.3282738
v 0.4056946 0.1626694 0.3314381
v 0.4056946 0.1626694 0.3314381
v 0.4056946 0.1626694 0.3314381
v 0.4083168 0.1658603 0.3341573
v 0.4135053 0.1661623 0.3438866
v 0.4135053 0.1661623 0.3438866
v 0.4149122 0.1685067 0.3464688
v 0.4092276 0.1681211 0.3359850
v 0.4086370 0.1694600 0.3369492
v 0.4086370 0.1694600 0.3369492
v 0.4147060 0.1698797 0.3481886
v 0.4147060 0.1698797 0.3481886
v 0.4130845 0.1702981 0.3490242
v 0.4067559 0.1698845 0.3370778
v 0.4037941 0.1694042 0.3363998
v 0.4102488 0.1697766 0.3489514
v 0.4102488 0.1697766 0.3489514
v 0.4102488 0.1697766 0.3489514
v 0.4063969 0.1683285 0.3479460
v 0.4063969 0.1683285 0.3479460
v 0.3999628 0.1680252 0.3349407
v 0.3999628 0.1680252 0.3349407
v 0.3954741 0.1657572 0.3327285
v 0.4017299 0.1659707 0.3459836
v 0.3964455 0.1627167 0.3430401
v 0.3905354 0.1626063 0.3297923
v 0.4046480 0.1625602 0.3228197
v 0.4046480 0.1625602 0.3228197
v 0.4046480 0.1625602 0.3228197
v 0.4015322 0.1590139 0.3201890
v 0.4040803 0.1590139 0.3134396
v 0.4071597 0.1625202 0.3157440
v 0.4094932 0.1655850 0.3174892
v 0.4069657 0.1656602 0.3249579
v 0.4076837 0.1678664 0.3261064
v 0.4076837 0.1678664 0.3261064
v 0.4103386 0.1677718 0.3181211
v 0.4098716 0.1690792 0.3177718
v 0.4098716 0.1690792 0.3177718
v 0.4070057 0.1691823 0.3263490
v 0.4051343 0.1696116 0.3257693
v 0.4082695 0.1695110 0.3165735
v 0.4057080 0.1690671 0.3146585
v 0.4022720 0.1691580 0.3244473
v 0.3986214 0.1678251 0.3224655
v 0.4023666 0.1677511 0.3121588
v 0.3984225 0.1655632 0.3092080
v 0.3943849 0.1656153 0.3199088
v 0.3943849 0.1656153 0.3199088
v 0.3897640 0.1625335 0.3168561
v 0.3940502 0.1625056 0.3059382
v 0.4132385 0.1625602 0.3113365
v 0.4098340 0.1590139 0.3090891
v 0.4177830 0.1590139 0.3074627
v 0.4218011 0.1626694 0.3099054
v 0.4251498 0.1658603 0.3116531
v 0.4251498 0.1658603 0.3116531
v 0.4159431 0.1656602 0.3129556
v 0.4172481 0.1678664 0.3133195
v 0.4271606 0.1681211 0.3120108
v 0.4271606 0.1681211 0.3120108
v 0.4279187 0.1694600 0.3111716
v 0.4279187 0.1694600 0.3111716
v 0.4172906 0.1691823 0.3126015
v 0.4162051 0.1696116 0.3109702
v 0.4162051 0.1696116 0.3109702
v 0.4275111 0.1698845 0.3093305
v 0.4275111 0.1698845 0.3093305
v 0.4260242 0.1694042 0.3066816
v 0.4141287 0.1691580 0.3085967
v 0.4111961 0.1678251 0.3056544
v 0.4235415 0.1680252 0.3034179
v 0.4201517 0.1657572 0.2997357
v 0.4075466 0.1656153 0.3023130
v 0.4033138 0.1625335 0.2987424
v 0.4159407 0.1626063 0.2958280
v 0.4317597 0.1628343 0.3117586
v 0.4269132 0.1590139 0.3088829
v 0.4364861 0.1590139 0.3127980
v 0.4422932 0.1630368 0.3162788
v 0.4474356 0.1665347 0.3189653
v 0.4474356 0.1665347 0.3189653
v 0.4359489 0.1661623 0.3138823
v 0.4359489 0.1661623 0.3138823
v 0.4388233 0.1685067 0.3145020
v 0.4388233 0.1685067 0.3145020
v 0.4512536 0.1689797 0.3200617
v 0.4512536 0.1689797 0.3200617
v 0.4512536 0.1689797 0.3200617
v 0.4537266 0.1703951 0.3197560
v 0.4537266 0.1703951 0.3197560
v 0.4537266 0.1703951 0.3197560
v 0.4404145 0.1698797 0.3138180
v 0.4404145 0.1698797 0.3138180
v 0.4404145 0.1698797 0.3138180
v 0.4407590 0.1702981 0.3120266
v 0.4407590 0.1702981 0.3120266
v 0.4548388 0.1708051 0.3182315
v 0.4548388 0.1708051 0.3182315
v 0.4548388 0.1708051 0.3182315
v 0.4545695 0.1702326 0.3156748
v 0.4545695 0.1702326 0.3156748
v 0.4398869 0.1697766 0.3093268
v 0.4398869 0.1697766 0.3093268
v 0.4378348 0.1683285 0.3059163
v 0.4529019 0.1687008 0.3122716
v 0.4529019 0.1687008 0.3122716
v 0.4529019 0.1687008 0.3122716
v 0.4498189 0.1662327 0.3082062
v 0.4346341 0.1659707 0.3019928
v 0.4346341 0.1659707 0.3019928
v 0.4346341 0.1659707 0.3019928
v 0.4303189 0.1627167 0.2977552
v 0.4303189 0.1627167 0.2977552
v 0.4452998 0.1628513 0.3036653
v 0.4525756 0.1632588 0.3228512
v 0.4525756 0.1632588 0.3228512
v 0.4457619 0.1590139 0.3186536
v 0.4539983 0.1590139 0.3258978
v 0.4539983 0.1590139 0.3258978
v 0.4617835 0.1634795 0.3308583
v 0.4688531 0.1673461 0.3349856
v 0.4688531 0.1673461 0.3349856
v 0.4587053 0.1669410 0.3262253
v 0.4587053 0.1669410 0.3262253
v 0.4634706 0.1694964 0.3279536
v 0.4634706 0.1694964 0.3279536
v 0.4744916 0.1700131 0.3374440
v 0.4785971 0.1715206 0.3383585
v 0.4668046 0.1709579 0.3281974
v 0.4686421 0.1713581 0.3271143
v 0.4810628 0.1719124 0.3378479
v 0.4810628 0.1719124 0.3378479
v 0.4817880 0.1712283 0.3360347
v 0.4817880 0.1712283 0.3360347
v 0.4689198 0.1707311 0.3248633
v 0.4689198 0.1707311 0.3248633
v 0.4689198 0.1707311 0.3248633
v 0.4675712 0.1691059 0.3216044
v 0.4675712 0.1691059 0.3216044
v 0.4806674 0.1695122 0.3330402
v 0.4775989 0.1668039 0.3289869
v 0.4775989 0.1668039 0.3289869
v 0.4645318 0.1665177 0.3174965
v 0.4645318 0.1665177 0.3174965
v 0.4597362 0.1629992 0.3126985
v 0.4597362 0.1629992 0.3126985
v 0.4724795 0.1631460 0.3239949
v 0.4690945 0.1636833 0.3396854
v 0.4604579 0.1590139 0.3339741
v 0.4643996 0.1590139 0.3423318
v 0.4736851 0.1638482 0.3487149
v 0.4821628 0.1680216 0.3542988
v 0.4769743 0.1677184 0.3445682
v 0.4833368 0.1704861 0.3477992
v 0.4890214 0.1708718 0.3582818
v 0.4941202 0.1724557 0.3606905
v 0.4880523 0.1720361 0.3494511
v 0.4909910 0.1724194 0.3496015
v 0.4973196 0.1728317 0.3615480
v 0.4984779 0.1720567 0.3608773
v 0.4984779 0.1720567 0.3608773
v 0.4920244 0.1716844 0.3483256
v 0.4920244 0.1716844 0.3483256
v 0.4910189 0.1698833 0.3456986
v 0.4910189 0.1698833 0.3456986
v 0.4974530 0.1701865 0.3587039
v 0.4941032 0.1672794 0.3550520
v 0.4878486 0.1670659 0.3417981
v 0.4878486 0.1670659 0.3417981
v 0.4823799 0.1632818 0.3366969
v 0.4882901 0.1633922 0.3499460
v 0.4747318 0.1639574 0.3573334
v 0.4650836 0.1590139 0.3504165
v 0.4835139 0.1682217 0.3634982
v 0.4905641 0.1711265 0.3681604
v 0.4957514 0.1727335 0.3712907
v 0.4989412 0.1731046 0.3728565
v 0.5000000 0.1723017 0.3728298
v 0.4987944 0.1703866 0.3711779
v 0.4951923 0.1674200 0.3678729
v 0.4890602 0.1634650 0.3628821
vn -0.4531 0.2514 0.8553
vn -0.317 0.7356 0.5987
vn -0.317 0.7355 0.5987
vn -0.2198 0.7362 0.6401
vn -0.3146 0.2517 0.9152
vn -0.3111 -0.2925 0.9042
vn -0.448 -0.2917 0.8451
vn -0.5729 -0.2916 0.766
vn -0.5797 0.2515 0.775
vn -0.4057 0.7356 0.5424
vn -0.3897 -0.5552 0.7348
vn -0.2706 -0.5561 0.7859
vn -0.2706 -0.556 0.7859
vn -0.2582 -0.6099 0.7492
vn -0.3716 -0.6091 0.7006
vn -0.4751 -0.6089 0.6352
vn -0.4982 -0.555 0.6661
vn -0.4 -0.521 0.754
vn -0.2781 -0.5217 0.8065
vn -0.3228 -0.1364 0.9366
vn -0.4642 -0.1363 0.8752
vn -0.5934 -0.1361 0.7933
vn -0.5113 -0.5208 0.6836
vn -0.5113 -0.5207 0.6836
vn -0.3994 0.5228 0.7531
vn -0.2784 0.5214 0.8066
vn -0.131 0.9166 0.3778
vn -0.2002 0.904 0.3777
vn -0.2401 0.9162 0.3209
vn -0.2401 0.9161 0.3209
vn -0.5113 0.5209 0.6835
vn -0.082 0.9845 0.1549
vn -0.0413 0.9919 0.12
vn 0.0 1.0 -0.0
vn -0.0765 0.9918 0.1023
vn -0.166 0.2517 0.9535
vn -0.1158 0.7366 0.6663
vn -0.0096 0.7368 0.676
vn -0.0139 0.2517 0.9677
vn -0.0139 -0.2936 0.9558
vn -0.1643 -0.2931 0.9418
vn -0.1643 -0.2931 0.9419
vn -0.1429 -0.5568 0.8183
vn -0.1429 -0.5568 0.8182
vn -0.0122 -0.5574 0.8301
vn -0.0122 -0.5575 0.8301
vn -0.0117 -0.6113 0.7913
vn -0.1364 -0.6107 0.78
vn -0.147 -0.5224 0.8399
vn -0.0127 -0.5229 0.8523
vn -0.0147 -0.1369 0.9905
vn -0.1707 -0.1367 0.9758
vn -0.1466 0.5234 0.8394
vn -0.0128 0.5222 0.8527
vn -0.0062 0.9173 0.3982
vn -0.0734 0.9041 0.4209
vn -0.0301 0.9845 0.1727
vn -0.0019 0.9921 0.1258
vn 0.1381 0.2517 0.9579
vn 0.0964 0.7369 0.6691
vn 0.2001 0.7368 0.6458
vn 0.2867 0.2517 0.9244
vn 0.2833 -0.2936 0.913
vn 0.1364 -0.2937 0.9461
vn 0.1184 -0.5576 0.8216
vn 0.2461 -0.5574 0.7929
vn 0.2347 -0.6113 0.7558
vn 0.1129 -0.6114 0.7832
vn 0.1216 -0.5231 0.8435
vn 0.2529 -0.5229 0.814
vn 0.2938 -0.1369 0.946
vn 0.1413 -0.137 0.9804
vn 0.1215 0.5238 0.8431
vn 0.2531 0.5222 0.8144
vn 0.1184 0.9173 0.3802
vn 0.0609 0.9042 0.4226
vn 0.0609 0.9043 0.4226
vn 0.0609 0.9042 0.4227
vn 0.025 0.9845 0.1735
vn 0.0374 0.992 0.1202
vn 0.4286 0.2517 0.8677
vn 0.2993 0.7366 0.6065
vn 0.3916 0.7362 0.5519
vn 0.5603 0.2517 0.7891
vn 0.5538 -0.2925 0.7796
vn 0.4236 -0.2931 0.8571
vn 0.3682 -0.5568 0.7445
vn 0.3682 -0.5568 0.7446
vn 0.4816 -0.556 0.6774
vn 0.4593 -0.6099 0.6458
vn 0.4594 -0.6099 0.6457
vn 0.3512 -0.6107 0.7097
vn 0.3782 -0.5224 0.7642
vn 0.4946 -0.5217 0.6952
vn 0.5741 -0.1364 0.8073
vn 0.4393 -0.1367 0.8879
vn 0.3778 0.5234 0.7638
vn 0.4949 0.5214 0.6951
vn 0.2323 0.9166 0.3254
vn 0.1893 0.9041 0.383
vn 0.0776 0.9845 0.1572
vn 0.0735 0.9919 0.1034
vn 0.6762 0.2514 0.6925
vn 0.6762 0.2514 0.6924
vn 0.6763 0.2514 0.6924
vn 0.4732 0.7356 0.4848
vn 0.5424 0.7356 0.4057
vn 0.775 0.2515 0.5797
vn 0.766 -0.2916 0.5729
vn 0.6684 -0.2917 0.6842
vn 0.5813 -0.5552 0.5948
vn 0.6662 -0.555 0.4982
vn 0.6661 -0.555 0.4982
vn 0.6352 -0.6089 0.4751
vn 0.5544 -0.6091 0.5671
vn 0.5967 -0.521 0.6103
vn 0.6836 -0.5207 0.5113
vn 0.6836 -0.5207 0.5114
vn 0.6837 -0.5207 0.5113
vn 0.7933 -0.1361 0.5934
vn 0.6925 -0.1363 0.7084
vn 0.5958 0.5228 0.6096
vn 0.5958 0.5229 0.6096
vn 0.5958 0.5228 0.6097
vn 0.6835 0.5209 0.5113
vn 0.321 0.9161 0.2401
vn 0.2987 0.9041 0.3057
vn 0.2987 0.904 0.3057
vn 0.1224 0.9845 0.1254
vn 0.1023 0.9918 0.0765
vn -0.8553 0.2514 -0.4531
vn -0.5987 0.7355 -0.317
vn -0.5987 0.7356 -0.317
vn -0.6401 0.7362 -0.2198
vn -0.9152 0.2517 -0.3146
vn -0.9042 -0.2925 -0.3111
vn -0.8451 -0.2917 -0.448
vn -0.766 -0.2916 -0.5729
vn -0.775 0.2515 -0.5797
vn -0.7751 0.2515 -0.5797
vn -0.5424 0.7356 -0.4057
vn -0.7348 -0.5552 -0.3897
vn -0.7859 -0.556 -0.2706
vn -0.7492 -0.6099 -0.2582
vn -0.7006 -0.6091 -0.3717
vn -0.6352 -0.6089 -0.4751
vn -0.6661 -0.555 -0.4982
vn -0.6661 -0.555 -0.4983
vn -0.754 -0.521 -0.4
vn -0.8065 -0.5217 -0.2781
vn -0.9366 -0.1364 -0.3228
vn -0.8752 -0.1363 -0.4642
vn -0.8751 -0.1363 -0.4643
vn -0.7933 -0.1361 -0.5934
vn -0.6836 -0.5207 -0.5113
vn -0.6837 -0.5207 -0.5113
vn -0.7531 0.5228 -0.3994
vn -0.8066 0.5214 -0.2784
vn -0.3777 0.9166 -0.131
vn -0.3777 0.904 -0.2002
vn -0.321 0.9161 -0.2401
vn -0.6835 0.5209 -0.5113
vn -0.1549 0.9845 -0.082
vn -0.12 0.9919 -0.0413
vn -0.1023 0.9918 -0.0765
vn -0.9535 0.2517 -0.166
vn -0.6663 0.7366 -0.1158
vn -0.676 0.7368 -0.0096
vn -0.9677 0.2517 -0.0139
vn -0.9558 -0.2936 -0.0139
vn -0.9418 -0.2931 -0.1643
vn -0.9419 -0.2931 -0.1643
vn -0.8182 -0.5569 -0.1429
vn -0.8301 -0.5574 -0.0122
vn -0.8301 -0.5575 -0.0122
vn -0.7913 -0.6113 -0.0117
vn -0.78 -0.6107 -0.1364
vn -0.8399 -0.5224 -0.147
vn -0.8523 -0.5229 -0.0127
vn -0.9905 -0.1369 -0.0147
vn -0.9758 -0.1367 -0.1707
vn -0.8394 0.5234 -0.1466
vn -0.8394 0.5234 -0.1467
vn -0.8527 0.5222 -0.0128
vn -0.3982 0.9173 -0.0062
vn -0.4209 0.9041 -0.0734
vn -0.1727 0.9845 -0.03
vn -0.1258 0.9921 -0.0019
vn -0.9579 0.2517 0.1381
vn -0.6691 0.7369 0.0964
vn -0.6458 0.7368 0.2001
vn -0.9244 0.2517 0.2866
vn -0.913 -0.2936 0.2833
vn -0.9461 -0.2937 0.1364
vn -0.8216 -0.5576 0.1184
vn -0.7929 -0.5574 0.2462
vn -0.7558 -0.6113 0.2347
vn -0.7832 -0.6114 0.1129
vn -0.8435 -0.5231 0.1216
vn -0.814 -0.5229 0.2529
vn -0.946 -0.1369 0.2938
vn -0.9805 -0.1369 0.1413
vn -0.8431 0.5239 0.1215
vn -0.8431 0.5239 0.1216
vn -0.8144 0.5222 0.2531
vn -0.3803 0.9173 0.1184
vn -0.4226 0.9043 0.0609
vn -0.1735 0.9845 0.025
vn -0.1202 0.992 0.0374
vn -0.8678 0.2517 0.4285
vn -0.6065 0.7366 0.2993
vn -0.5519 0.7362 0.3916
vn -0.7891 0.2517 0.5603
vn -0.7795 -0.2925 0.5538
vn -0.7795 -0.2925 0.5539
vn -0.8571 -0.2931 0.4236
vn -0.7445 -0.5569 0.3682
vn -0.6774 -0.556 0.4816
vn -0.6457 -0.6099 0.4593
vn -0.6458 -0.6099 0.4593
vn -0.6457 -0.61 0.4593
vn -0.7097 -0.6107 0.3512
vn -0.7642 -0.5224 0.3782
vn -0.6952 -0.5217 0.4946
vn -0.8073 -0.1364 0.5741
vn -0.8879 -0.1367 0.4393
vn -0.7638 0.5234 0.3778
vn -0.7638 0.5234 0.3777
vn -0.6951 0.5214 0.4949
vn -0.3254 0.9166 0.2323
vn -0.383 0.9041 0.1893
vn -0.1572 0.9845 0.0776
vn -0.1034 0.9919 0.0735
vn -0.6924 0.2514 0.6762
vn -0.6924 0.2514 0.6763
vn -0.6925 0.2514 0.6762
vn -0.4848 0.7356 0.4732
vn -0.6842 -0.2917 0.6684
vn -0.5948 -0.5552 0.5813
vn -0.5671 -0.6091 0.5544
vn -0.6103 -0.521 0.5967
vn -0.7084 -0.1362 0.6925
vn -0.6096 0.5228 0.5958
vn -0.3057 0.9041 0.2987
vn -0.3057 0.904 0.2987
vn -0.1254 0.9845 0.1224
vn 0.4531 0.2514 -0.8553
vn 0.4531 0.2514 -0.8552
vn 0.4532 0.2514 -0.8552
vn 0.317 0.7355 -0.5987
vn 0.2198 0.7362 -0.6401
vn 0.3146 0.2517 -0.9152
vn 0.3111 -0.2925 -0.9042
vn 0.3112 -0.2925 -0.9042
vn 0.448 -0.2917 -0.8451
vn 0.5729 -0.2916 -0.766
vn 0.5797 0.2515 -0.775
vn 0.4057 0.7356 -0.5424
vn 0.3897 -0.5552 -0.7348
vn 0.2706 -0.5561 -0.7859
vn 0.2707 -0.5561 -0.7858
vn 0.2582 -0.6099 -0.7492
vn 0.3717 -0.6091 -0.7006
vn 0.4751 -0.6089 -0.6352
vn 0.4982 -0.555 -0.6662
vn 0.4982 -0.5549 -0.6662
vn 0.4983 -0.5549 -0.6662
vn 0.4 -0.521 -0.754
vn 0.2781 -0.5217 -0.8065
vn 0.3228 -0.1364 -0.9366
vn 0.4642 -0.1363 -0.8752
vn 0.5934 -0.1361 -0.7933
vn 0.5113 -0.5207 -0.6837
vn 0.5113 -0.5207 -0.6836
vn 0.3994 0.5228 -0.7531
vn 0.2784 0.5214 -0.8066
vn 0.131 0.9166 -0.3778
vn 0.2002 0.904 -0.3777
vn 0.2401 0.9161 -0.321
vn 0.5113 0.521 -0.6835
vn 0.5113 0.5209 -0.6835
vn 0.082 0.9845 -0.1549
vn 0.0413 0.9919 -0.12
vn 0.0765 0.9918 -0.1023
vn 0.166 0.2517 -0.9535
vn 0.1158 0.7366 -0.6663
vn 0.0096 0.7368 -0.676
vn 0.0139 0.2517 -0.9677
vn 0.0138 0.2517 -0.9677
vn 0.0139 -0.2936 -0.9558
vn 0.1643 -0.2931 -0.9419
vn 0.1643 -0.2931 -0.9418
vn 0.1429 -0.5568 -0.8182
vn 0.0122 -0.5574 -0.8301
vn 0.0117 -0.6113 -0.7913
vn 0.1364 -0.6107 -0.78
vn 0.147 -0.5224 -0.8399
vn 0.0126 -0.5229 -0.8523
vn 0.0146 -0.1369 -0.9905
vn 0.1707 -0.1367 -0.9758
vn 0.1466 0.5234 -0.8394
vn 0.0128 0.5222 -0.8527
vn 0.0062 0.9173 -0.3982
vn 0.0734 0.9041 -0.4209
vn 0.0301 0.9845 -0.1727
vn 0.0019 0.992 -0.1258
vn 0.0019 0.9921 -0.1258
vn -0.1381 0.2517 -0.9579
vn -0.0964 0.7369 -0.6691
vn -0.2001 0.7368 -0.6458
vn -0.2867 0.2517 -0.9244
vn -0.2832 -0.2936 -0.913
vn -0.2833 -0.2936 -0.913
vn -0.1364 -0.2937 -0.9461
vn -0.1184 -0.5576 -0.8216
vn -0.2461 -0.5574 -0.7929
vn -0.2347 -0.6113 -0.7558
vn -0.1129 -0.6114 -0.7832
vn -0.1216 -0.5231 -0.8435
vn -0.2529 -0.5229 -0.814
vn -0.2938 -0.1369 -0.946
vn -0.1413 -0.137 -0.9804
vn -0.1215 0.5238 -0.8431
vn -0.2531 0.5222 -0.8144
vn -0.1184 0.9173 -0.3802
vn -0.0609 0.9043 -0.4226
vn -0.0609 0.9042 -0.4226
vn -0.025 0.9845 -0.1735
vn -0.0374 0.992 -0.1202
vn -0.4286 0.2517 -0.8677
vn -0.4285 0.2517 -0.8678
vn -0.2993 0.7366 -0.6065
vn -0.3916 0.7362 -0.5519
vn -0.5603 0.2517 -0.7891
vn -0.5539 -0.2925 -0.7795
vn -0.5538 -0.2925 -0.7795
vn -0.4236 -0.2931 -0.8571
vn -0.3682 -0.5568 -0.7445
vn -0.3682 -0.5568 -0.7446
vn -0.3683 -0.5568 -0.7445
vn -0.4816 -0.556 -0.6774
vn -0.4593 -0.6099 -0.6458
vn -0.4594 -0.6099 -0.6457
vn -0.4593 -0.6099 -0.6457
vn -0.3512 -0.6107 -0.7097
vn -0.3782 -0.5224 -0.7642
vn -0.4946 -0.5217 -0.6952
vn -0.5741 -0.1364 -0.8073
vn -0.4393 -0.1367 -0.8879
vn -0.3778 0.5234 -0.7638
vn -0.4949 0.5214 -0.6951
vn -0.2323 0.9166 -0.3254
vn -0.1893 0.9041 -0.383
vn -0.0776 0.9845 -0.1572
vn -0.0735 0.9919 -0.1034
vn -0.6763 0.2514 -0.6924
vn -0.6762 0.2514 -0.6924
vn -0.6762 0.2514 -0.6925
vn -0.4732 0.7356 -0.4848
vn -0.6684 -0.2917 -0.6842
vn -0.5813 -0.5552 -0.5948
vn -0.5544 -0.6091 -0.5671
vn -0.5967 -0.521 -0.6103
vn -0.6925 -0.1363 -0.7084
vn -0.5958 0.5228 -0.6097
vn -0.5958 0.5229 -0.6096
vn -0.5958 0.5228 -0.6096
vn -0.2987 0.9041 -0.3057
vn -0.2987 0.904 -0.3057
vn -0.1224 0.9845 -0.1254
vn 0.8552 0.2514 0.4531
vn 0.8553 0.2514 0.4531
vn 0.5987 0.7356 0.317
vn 0.6401 0.7362 0.2198
vn 0.9152 0.2517 0.3146
vn 0.9042 -0.2925 0.3111
vn 0.8451 -0.2917 0.448
vn 0.7348 -0.5552 0.3897
vn 0.7859 -0.5561 0.2706
vn 0.7859 -0.556 0.2706
vn 0.7492 -0.6099 0.2582
vn 0.7006 -0.6091 0.3717
vn 0.754 -0.521 0.4
vn 0.8065 -0.5217 0.2781
vn 0.9366 -0.1364 0.3228
vn 0.8752 -0.1362 0.4642
vn 0.8752 -0.1362 0.4643
vn 0.7531 0.5228 0.3994
vn 0.8066 0.5214 0.2784
vn 0.8066 0.5214 0.2785
vn 0.3778 0.9166 0.131
vn 0.3777 0.904 0.2002
vn 0.1549 0.9845 0.082
vn 0.12 0.9919 0.0413
vn 0.9535 0.2517 0.166
vn 0.6663 0.7366 0.1158
vn 0.676 0.7368 0.0096
vn 0.9677 0.2517 0.0139
vn 0.9558 -0.2936 0.0139
vn 0.9419 -0.2931 0.1643
vn 0.9418 -0.2931 0.1643
vn 0.8182 -0.5568 0.1429
vn 0.8301 -0.5574 0.0122
vn 0.7913 -0.6113 0.0117
vn 0.78 -0.6107 0.1364
vn 0.8399 -0.5224 0.147
vn 0.8523 -0.5229 0.0127
vn 0.9905 -0.1369 0.0147
vn 0.9758 -0.1367 0.1707
vn 0.8394 0.5234 0.1466
vn 0.8527 0.5222 0.0128
vn 0.3982 0.9173 0.0062
vn 0.4209 0.9041 0.0734
vn 0.1727 0.9845 0.03
vn 0.1258 0.992 0.0019
vn 0.1258 0.9921 0.0019
vn 0.9579 0.2517 -0.1381
vn 0.6691 0.7369 -0.0964
vn 0.6458 0.7368 -0.2001
vn 0.9244 0.2517 -0.2866
vn 0.913 -0.2936 -0.2833
vn 0.9461 -0.2937 -0.1364
vn 0.8216 -0.5576 -0.1184
vn 0.7929 -0.5574 -0.2462
vn 0.7558 -0.6113 -0.2347
vn 0.7832 -0.6114 -0.1129
vn 0.8435 -0.5231 -0.1216
vn 0.814 -0.5229 -0.2529
vn 0.946 -0.1369 -0.2938
vn 0.9804 -0.137 -0.1413
vn 0.8431 0.5239 -0.1215
vn 0.8144 0.5222 -0.2531
vn 0.3803 0.9173 -0.1184
vn 0.4226 0.9043 -0.061
vn 0.4226 0.9042 -0.0609
vn 0.4226 0.9043 -0.0609
vn 0.1735 0.9845 -0.025
vn 0.1202 0.992 -0.0374
vn 0.8678 0.2517 -0.4285
vn 0.6065 0.7366 -0.2993
vn 0.5519 0.7362 -0.3916
vn 0.7891 0.2517 -0.5603
vn 0.7796 -0.2925 -0.5538
vn 0.7795 -0.2926 -0.5538
vn 0.8571 -0.2931 -0.4236
vn 0.7445 -0.5569 -0.3682
vn 0.6774 -0.556 -0.4816
vn 0.6458 -0.61 -0.4593
vn 0.6457 -0.61 -0.4593
vn 0.6458 -0.6099 -0.4593
vn 0.7097 -0.6107 -0.3512
vn 0.7642 -0.5224 -0.3782
vn 0.6951 -0.5217 -0.4946
vn 0.6952 -0.5217 -0.4946
vn 0.8073 -0.1364 -0.5741
vn 0.8879 -0.1367 -0.4393
vn 0.7638 0.5234 -0.3778
vn 0.7638 0.5234 -0.3777
vn 0.6951 0.5214 -0.4949
vn 0.6951 0.5214 -0.495
vn 0.3254 0.9166 -0.2323
vn 0.383 0.9041 -0.1894
vn 0.383 0.9042 -0.1893
vn 0.383 0.9041 -0.1893
vn 0.1572 0.9845 -0.0776
vn 0.1034 0.9919 -0.0735
vn 0.6924 0.2514 -0.6763
vn 0.4848 0.7356 -0.4732
vn 0.6842 -0.2917 -0.6684
vn 0.5948 -0.5552 -0.5813
vn 0.5671 -0.6091 -0.5544
vn 0.6103 -0.521 -0.5967
vn 0.7084 -0.1362 -0.6925
vn 0.6096 0.5228 -0.5958
vn 0.3057 0.904 -0.2987
vn 0.3057 0.9041 -0.2987
vn 0.1254 0.9845 -0.1224
vn -0.2583 0.8339 0.4878
vn -0.2583 0.8338 0.4878
vn -0.2901 0.7843 0.5484
vn -0.2009 0.7847 0.5864
vn -0.1791 0.8342 0.5216
vn -0.1247 0.9233 0.3633
vn -0.1799 0.9231 0.3398
vn -0.2304 0.923 0.3081
vn -0.3308 0.8337 0.4422
vn -0.3717 0.7841 0.4969
vn -0.1145 0.9696 0.2163
vn -0.0794 0.9697 0.2312
vn -0.0603 0.9826 0.1757
vn -0.0871 0.9825 0.1644
vn -0.1115 0.9825 0.1491
vn -0.1467 0.9695 0.1961
vn -0.0772 0.9863 0.1458
vn -0.0535 0.9863 0.1558
vn -0.0548 0.9856 0.1598
vn -0.0792 0.9856 0.1495
vn -0.1014 0.9856 0.1355
vn -0.0989 0.9863 0.1322
vn -0.0929 0.9801 0.1754
vn -0.0643 0.9802 0.1874
vn -0.0855 0.9647 0.2492
vn -0.1235 0.9645 0.2333
vn -0.1581 0.9645 0.2114
vn -0.1189 0.9801 0.159
vn -0.1856 0.9179 0.3506
vn -0.1285 0.9182 0.3746
vn -0.2376 0.918 0.3176
vn -0.0943 0.8345 0.5428
vn -0.1057 0.7851 0.6102
vn -0.0086 0.7855 0.6188
vn -0.0078 0.8348 0.5505
vn -0.0054 0.9236 0.3833
vn -0.0657 0.9235 0.378
vn -0.0418 0.9698 0.2405
vn -0.0418 0.9697 0.2405
vn -0.0034 0.9698 0.2439
vn -0.0026 0.9827 0.1853
vn -0.0317 0.9826 0.1828
vn -0.0281 0.9864 0.1621
vn -0.0023 0.9864 0.1643
vn -0.0023 0.9857 0.1685
vn -0.0288 0.9857 0.1662
vn -0.0338 0.9802 0.1949
vn -0.0028 0.9803 0.1976
vn -0.0037 0.9648 0.2629
vn -0.045 0.9647 0.2593
vn -0.0677 0.9184 0.3897
vn -0.0056 0.9186 0.3952
vn 0.0785 0.8349 0.5448
vn 0.0883 0.7856 0.6124
vn 0.1831 0.7855 0.5912
vn 0.1629 0.8348 0.5259
vn 0.1134 0.9236 0.3661
vn 0.0547 0.9236 0.3793
vn 0.0547 0.9237 0.3793
vn 0.0348 0.9698 0.2413
vn 0.0722 0.9698 0.233
vn 0.0548 0.9827 0.177
vn 0.0264 0.9827 0.1834
vn 0.0234 0.9864 0.1626
vn 0.0486 0.9864 0.157
vn 0.0499 0.9857 0.161
vn 0.024 0.9857 0.1667
vn 0.0282 0.9803 0.1956
vn 0.0585 0.9803 0.1888
vn 0.0778 0.9648 0.2512
vn 0.0375 0.9648 0.2602
vn 0.0564 0.9186 0.3911
vn 0.1169 0.9186 0.3775
vn 0.2438 0.8345 0.4941
vn 0.2738 0.7852 0.5555
vn 0.3584 0.7847 0.5057
vn 0.3191 0.8342 0.4498
vn 0.2223 0.9233 0.3133
vn 0.1697 0.9235 0.344
vn 0.108 0.9698 0.2189
vn 0.108 0.9697 0.2189
vn 0.1415 0.9696 0.1994
vn 0.1075 0.9826 0.1515
vn 0.0821 0.9826 0.1664
vn 0.0728 0.9864 0.1475
vn 0.0953 0.9863 0.1344
vn 0.0977 0.9856 0.1378
vn 0.0746 0.9857 0.1512
vn 0.0875 0.9802 0.1774
vn 0.1146 0.9802 0.1616
vn 0.1524 0.9647 0.2149
vn 0.1164 0.9648 0.236
vn 0.175 0.9185 0.3547
vn 0.2291 0.9182 0.323
vn 0.3855 0.8339 0.395
vn 0.4332 0.7843 0.4441
vn 0.4969 0.7841 0.3717
vn 0.4422 0.8337 0.3308
vn 0.3081 0.923 0.2304
vn 0.2686 0.9231 0.2751
vn 0.171 0.9696 0.1752
vn 0.1961 0.9695 0.1467
vn 0.1491 0.9825 0.1115
vn 0.1299 0.9825 0.1332
vn 0.1152 0.9863 0.1181
vn 0.1322 0.9863 0.0989
vn 0.1355 0.9856 0.1014
vn 0.1182 0.9856 0.1211
vn 0.1386 0.9801 0.142
vn 0.159 0.9801 0.1189
vn 0.2114 0.9645 0.1581
vn 0.1844 0.9645 0.1889
vn 0.277 0.918 0.2839
vn 0.277 0.918 0.284
vn 0.3176 0.918 0.2376
vn -0.4878 0.8339 -0.2583
vn -0.4878 0.8338 -0.2583
vn -0.5484 0.7842 -0.2901
vn -0.5484 0.7843 -0.2901
vn -0.5864 0.7847 -0.2009
vn -0.5216 0.8342 -0.1791
vn -0.3633 0.9233 -0.1247
vn -0.3398 0.9231 -0.1799
vn -0.3081 0.923 -0.2304
vn -0.4422 0.8337 -0.3308
vn -0.4969 0.7841 -0.3717
vn -0.2163 0.9696 -0.1145
vn -0.2312 0.9697 -0.0794
vn -0.1757 0.9826 -0.0603
vn -0.1644 0.9825 -0.0871
vn -0.1491 0.9825 -0.1115
vn -0.1961 0.9695 -0.1467
vn -0.1458 0.9863 -0.0772
vn -0.1558 0.9863 -0.0535
vn -0.1598 0.9856 -0.0548
vn -0.1495 0.9856 -0.0792
vn -0.1355 0.9856 -0.1014
vn -0.1322 0.9863 -0.0989
vn -0.1754 0.9801 -0.0928
vn -0.1874 0.9802 -0.0643
vn -0.2492 0.9647 -0.0855
vn -0.2333 0.9645 -0.1235
vn -0.2114 0.9645 -0.1581
vn -0.159 0.9801 -0.1189
vn -0.3506 0.918 -0.1856
vn -0.3506 0.9179 -0.1856
vn -0.3746 0.9182 -0.1285
vn -0.3176 0.918 -0.2376
vn -0.5428 0.8345 -0.0943
vn -0.6102 0.7852 -0.1057
vn -0.6188 0.7855 -0.0086
vn -0.5505 0.8348 -0.0078
vn -0.3833 0.9236 -0.0054
vn -0.378 0.9235 -0.0657
vn -0.2405 0.9697 -0.0418
vn -0.2405 0.9698 -0.0418
vn -0.2439 0.9698 -0.0034
vn -0.1853 0.9827 -0.0026
vn -0.1828 0.9826 -0.0317
vn -0.1621 0.9864 -0.0281
vn -0.1643 0.9864 -0.0023
vn -0.1685 0.9857 -0.0023
vn -0.1662 0.9857 -0.0288
vn -0.1949 0.9802 -0.0338
vn -0.1976 0.9803 -0.0028
vn -0.2629 0.9648 -0.0037
vn -0.2593 0.9647 -0.045
vn -0.3897 0.9184 -0.0677
vn -0.3952 0.9186 -0.0056
vn -0.5448 0.8349 0.0785
vn -0.6124 0.7856 0.0883
vn -0.5912 0.7855 0.1831
vn -0.5259 0.8348 0.1629
vn -0.3661 0.9236 0.1134
vn -0.3793 0.9236 0.0547
vn -0.3793 0.9237 0.0547
vn -0.2413 0.9698 0.0348
vn -0.233 0.9698 0.0722
vn -0.177 0.9827 0.0548
vn -0.1834 0.9827 0.0264
vn -0.1626 0.9864 0.0234
vn -0.157 0.9864 0.0486
vn -0.161 0.9857 0.0499
vn -0.1667 0.9857 0.024
vn -0.1956 0.9803 0.0282
vn -0.1888 0.9803 0.0585
vn -0.2511 0.9648 0.0778
vn -0.2602 0.9648 0.0375
vn -0.3911 0.9186 0.0564
vn -0.3775 0.9186 0.1169
vn -0.4941 0.8345 0.2438
vn -0.5554 0.7852 0.2738
vn -0.5057 0.7847 0.3584
vn -0.4498 0.8342 0.3191
vn -0.3133 0.9233 0.2223
vn -0.344 0.9235 0.1697
vn -0.2189 0.9698 0.108
vn -0.2189 0.9697 0.108
vn -0.1994 0.9696 0.1415
vn -0.1515 0.9826 0.1075
vn -0.1664 0.9826 0.0821
vn -0.1475 0.9864 0.0728
vn -0.1344 0.9863 0.0953
vn -0.1378 0.9856 0.0977
vn -0.1512 0.9857 0.0746
vn -0.1774 0.9802 0.0875
vn -0.1616 0.9802 0.1146
vn -0.2149 0.9647 0.1524
vn -0.236 0.9648 0.1164
vn -0.3547 0.9184 0.175
vn -0.3547 0.9185 0.175
vn -0.323 0.9182 0.2291
vn -0.395 0.8339 0.3855
vn -0.4441 0.7843 0.4332
vn -0.2751 0.9231 0.2686
vn -0.1752 0.9696 0.171
vn -0.1332 0.9825 0.1299
vn -0.1181 0.9863 0.1152
vn -0.1211 0.9856 0.1182
vn -0.142 0.9801 0.1386
vn -0.1889 0.9645 0.1844
vn -0.2839 0.918 0.277
vn 0.2583 0.8338 -0.4878
vn 0.2583 0.8339 -0.4878
vn 0.2901 0.7842 -0.5484
vn 0.2901 0.7843 -0.5484
vn 0.2009 0.7847 -0.5864
vn 0.1791 0.8342 -0.5216
vn 0.1247 0.9233 -0.3633
vn 0.1799 0.9231 -0.3398
vn 0.2304 0.923 -0.3081
vn 0.3308 0.8337 -0.4422
vn 0.3717 0.7841 -0.4969
vn 0.3717 0.7842 -0.4969
vn 0.1145 0.9696 -0.2163
vn 0.0794 0.9697 -0.2312
vn 0.0603 0.9826 -0.1757
vn 0.0871 0.9825 -0.1644
vn 0.1115 0.9825 -0.1491
vn 0.1467 0.9695 -0.1961
vn 0.1467 0.9696 -0.1961
vn 0.0772 0.9863 -0.1458
vn 0.0535 0.9863 -0.1558
vn 0.0548 0.9856 -0.1598
vn 0.0792 0.9856 -0.1495
vn 0.1014 0.9856 -0.1355
vn 0.0989 0.9863 -0.1322
vn 0.0929 0.9801 -0.1754
vn 0.0643 0.9802 -0.1874
vn 0.0855 0.9647 -0.2492
vn 0.1235 0.9645 -0.2333
vn 0.1581 0.9645 -0.2114
vn 0.1189 0.9801 -0.159
vn 0.1856 0.9179 -0.3506
vn 0.1285 0.9182 -0.3746
vn 0.2376 0.918 -0.3176
vn 0.0943 0.8345 -0.5428
vn 0.1057 0.7851 -0.6102
vn 0.0086 0.7855 -0.6188
vn 0.0078 0.8348 -0.5505
vn 0.0054 0.9236 -0.3833
vn 0.0657 0.9235 -0.378
vn 0.0418 0.9698 -0.2405
vn 0.0418 0.9697 -0.2405
vn 0.0034 0.9698 -0.2439
vn 0.0026 0.9827 -0.1853
vn 0.0317 0.9826 -0.1828
vn 0.0281 0.9864 -0.1621
vn 0.0023 0.9864 -0.1643
vn 0.0023 0.9857 -0.1685
vn 0.0288 0.9857 -0.1662
vn 0.0338 0.9802 -0.1949
vn 0.0028 0.9803 -0.1976
vn 0.0037 0.9648 -0.2629
vn 0.045 0.9647 -0.2593
vn 0.0677 0.9184 -0.3897
vn 0.0056 0.9186 -0.3952
vn -0.0785 0.8349 -0.5448
vn -0.0883 0.7856 -0.6124
vn -0.1831 0.7855 -0.5912
vn -0.1629 0.8348 -0.5259
vn -0.1134 0.9236 -0.3661
vn -0.0547 0.9236 -0.3793
vn -0.0547 0.9237 -0.3793
vn -0.0348 0.9698 -0.2413
vn -0.0722 0.9698 -0.233
vn -0.0548 0.9827 -0.177
vn -0.0264 0.9827 -0.1834
vn -0.0234 0.9864 -0.1626
vn -0.0486 0.9864 -0.157
vn -0.0499 0.9857 -0.161
vn -0.024 0.9857 -0.1667
vn -0.0282 0.9803 -0.1956
vn -0.0585 0.9803 -0.1888
vn -0.0778 0.9648 -0.2512
vn -0.0375 0.9648 -0.2602
vn -0.0564 0.9186 -0.3911
vn -0.1169 0.9186 -0.3775
vn -0.2438 0.8345 -0.4941
vn -0.2738 0.7852 -0.5554
vn -0.2738 0.7852 -0.5555
vn -0.3584 0.7847 -0.5057
vn -0.3191 0.8342 -0.4498
vn -0.2223 0.9233 -0.3133
vn -0.1697 0.9235 -0.344
vn -0.108 0.9698 -0.2189
vn -0.108 0.9697 -0.2189
vn -0.1415 0.9696 -0.1994
vn -0.1075 0.9826 -0.1515
vn -0.0821 0.9826 -0.1664
vn -0.0728 0.9864 -0.1475
vn -0.0953 0.9863 -0.1344
vn -0.0977 0.9856 -0.1378
vn -0.0746 0.9857 -0.1512
vn -0.0875 0.9802 -0.1774
vn -0.1146 0.9802 -0.1616
vn -0.1524 0.9647 -0.2149
vn -0.1164 0.9648 -0.236
vn -0.175 0.9184 -0.3547
vn -0.175 0.9185 -0.3547
vn -0.2291 0.9182 -0.323
vn -0.3856 0.8338 -0.395
vn -0.4332 0.7843 -0.4441
vn -0.4332 0.7842 -0.4441
vn -0.2686 0.9231 -0.2751
vn -0.171 0.9696 -0.1752
vn -0.1299 0.9825 -0.1332
vn -0.1152 0.9863 -0.1181
vn -0.1182 0.9856 -0.1211
vn -0.1386 0.9801 -0.142
vn -0.1844 0.9645 -0.1889
vn -0.277 0.918 -0.2839
vn 0.4878 0.8339 0.2583
vn 0.4878 0.8338 0.2583
vn 0.5484 0.7842 0.2901
vn 0.5864 0.7847 0.2009
vn 0.5216 0.8342 0.1791
vn 0.3633 0.9233 0.1247
vn 0.3398 0.9231 0.1799
vn 0.2163 0.9696 0.1145
vn 0.2312 0.9697 0.0794
vn 0.1757 0.9826 0.0603
vn 0.1644 0.9825 0.0871
vn 0.1458 0.9863 0.0772
vn 0.1558 0.9863 0.0535
vn 0.1598 0.9856 0.0548
vn 0.1495 0.9856 0.0792
vn 0.1754 0.9801 0.0928
vn 0.1874 0.9802 0.0643
vn 0.2492 0.9647 0.0855
vn 0.2333 0.9645 0.1235
vn 0.3506 0.9179 0.1856
vn 0.3506 0.918 0.1856
vn 0.3746 0.9182 0.1285
vn 0.5428 0.8345 0.0943
vn 0.6102 0.7852 0.1057
vn 0.6188 0.7855 0.0086
vn 0.5505 0.8348 0.0078
vn 0.3833 0.9236 0.0054
vn 0.378 0.9235 0.0657
vn 0.2405 0.9697 0.0418
vn 0.2405 0.9698 0.0418
vn 0.2439 0.9698 0.0034
vn 0.1853 0.9827 0.0026
vn 0.1828 0.9826 0.0317
vn 0.1621 0.9864 0.0281
vn 0.1643 0.9864 0.0023
vn 0.1685 0.9857 0.0023
vn 0.1662 0.9857 0.0288
vn 0.1949 0.9802 0.0338
vn 0.1976 0.9803 0.0028
vn 0.2629 0.9648 0.0037
vn 0.2593 0.9647 0.045
vn 0.3897 0.9184 0.0677
vn 0.3952 0.9186 0.0056
vn 0.5448 0.8349 -0.0785
vn 0.6124 0.7856 -0.0883
vn 0.5912 0.7855 -0.1831
vn 0.5259 0.8348 -0.1629
vn 0.3661 0.9236 -0.1134
vn 0.3793 0.9236 -0.0547
vn 0.2413 0.9698 -0.0348
vn 0.233 0.9698 -0.0722
vn 0.177 0.9827 -0.0548
vn 0.1834 0.9827 -0.0264
vn 0.1626 0.9864 -0.0234
vn 0.157 0.9864 -0.0486
vn 0.161 0.9857 -0.0499
vn 0.1667 0.9857 -0.024
vn 0.1956 0.9803 -0.0282
vn 0.1888 0.9803 -0.0585
vn 0.2511 0.9648 -0.0778
vn 0.2602 0.9648 -0.0375
vn 0.3911 0.9186 -0.0564
vn 0.3775 0.9186 -0.1169
vn 0.4941 0.8345 -0.2438
vn 0.5555 0.7852 -0.2738
vn 0.5554 0.7852 -0.2738
vn 0.5057 0.7847 -0.3584
vn 0.4498 0.8342 -0.3191
vn 0.3133 0.9233 -0.2223
vn 0.344 0.9235 -0.1697
vn 0.2189 0.9697 -0.108
vn 0.1994 0.9696 -0.1415
vn 0.1994 0.9697 -0.1415
vn 0.1515 0.9826 -0.1075
vn 0.1664 0.9826 -0.0821
vn 0.1475 0.9864 -0.0728
vn 0.1344 0.9863 -0.0953
vn 0.1378 0.9856 -0.0977
vn 0.1512 0.9857 -0.0746
vn 0.1774 0.9802 -0.0875
vn 0.1616 0.9802 -0.1146
vn 0.2149 0.9647 -0.1524
vn 0.236 0.9648 -0.1164
vn 0.3547 0.9185 -0.175
vn 0.3547 0.9184 -0.175
vn 0.323 0.9182 -0.2291
vn 0.323 0.9183 -0.2291
vn 0.395 0.8339 -0.3855
vn 0.4441 0.7843 -0.4332
vn 0.2751 0.9231 -0.2686
vn 0.1752 0.9696 -0.171
vn 0.1332 0.9825 -0.1299
vn 0.1181 0.9863 -0.1152
vn 0.1211 0.9856 -0.1182
vn 0.142 0.9801 -0.1386
vn 0.1889 0.9645 -0.1844
vn 0.2839 0.918 -0.277
vn -0.398 0.5258 0.7518
vn -0.4183 0.448 0.7902
vn -0.2901 0.4485 0.8454
vn -0.276 0.5263 0.8042
vn -0.2475 0.6471 0.7211
vn -0.3569 0.6466 0.6742
vn -0.457 0.6464 0.611
vn -0.5095 0.5256 0.6812
vn -0.5095 0.5256 0.6813
vn -0.5355 0.4478 0.716
vn -0.2948 0.7766 0.5567
vn -0.2044 0.777 0.5954
vn -0.1306 0.9156 0.3804
vn -0.1306 0.9155 0.3805
vn -0.1883 0.9154 0.3557
vn -0.1883 0.9154 0.3558
vn -0.2412 0.9153 0.3225
vn -0.3775 0.7764 0.5047
vn 0.0099 0.9998 -0.0189
vn 0.0099 0.9998 -0.019
vn 0.0067 0.9998 -0.0197
vn 0.0067 0.9998 -0.0199
vn 0.0067 0.9998 -0.0198
vn 0.1966 0.7955 -0.5732
vn 0.1966 0.7955 -0.5731
vn 0.2839 0.7948 -0.5363
vn 0.2839 0.7949 -0.5363
vn 0.2839 0.7949 -0.5362
vn 0.3634 0.7949 -0.4858
vn 0.3634 0.795 -0.4858
vn 0.0127 0.9998 -0.0169
vn 0.0127 0.9998 -0.017
vn 0.4455 0.3057 -0.8414
vn 0.3091 0.3062 -0.9004
vn 0.3237 -0.0779 -0.9429
vn 0.4665 -0.0778 -0.8811
vn 0.5972 -0.0778 -0.7983
vn 0.5703 0.3057 -0.7624
vn 0.5703 0.3057 -0.7625
vn 0.4524 -0.2548 -0.8546
vn 0.3139 -0.2552 -0.9145
vn 0.3101 -0.2942 -0.904
vn 0.4471 -0.2937 -0.8449
vn 0.4472 -0.2937 -0.8449
vn 0.5726 -0.2936 -0.7655
vn 0.5792 -0.2547 -0.7743
vn -0.1454 0.5269 0.8374
vn -0.1529 0.449 0.8803
vn -0.0126 0.4494 0.8932
vn -0.012 0.5273 0.8496
vn -0.0107 0.6481 0.7615
vn -0.1303 0.6477 0.7506
vn -0.1303 0.6477 0.7507
vn -0.1076 0.7775 0.6196
vn -0.1076 0.7775 0.6197
vn -0.1076 0.7774 0.6197
vn -0.0089 0.7777 0.6285
vn -0.0089 0.7778 0.6285
vn -0.0057 0.9159 0.4013
vn -0.0688 0.9158 0.3957
vn -0.0688 0.9158 0.3958
vn 0.0034 0.9998 -0.0207
vn 0.0002 0.9998 -0.021
vn 0.0085 0.796 -0.6052
vn 0.1035 0.7958 -0.5966
vn 0.1629 0.3066 -0.9378
vn 0.0134 0.3068 -0.9517
vn 0.0141 -0.0781 -0.9968
vn 0.1706 -0.078 -0.9822
vn 0.1654 -0.2555 -0.9526
vn 0.0136 -0.2558 -0.9666
vn 0.0134 -0.2948 -0.9555
vn 0.1634 -0.2946 -0.9415
vn 0.1212 0.5274 0.8409
vn 0.1274 0.4495 0.8841
vn 0.2644 0.4494 0.8533
vn 0.2514 0.5273 0.8116
vn 0.2254 0.6481 0.7274
vn 0.1086 0.6482 0.7537
vn 0.0897 0.7779 0.622
vn 0.186 0.7777 0.6005
vn 0.186 0.7778 0.6004
vn 0.186 0.7777 0.6004
vn 0.1188 0.916 0.3833
vn 0.1188 0.9159 0.3833
vn 0.0572 0.916 0.3971
vn -0.003 0.9998 -0.0208
vn -0.0062 0.9998 -0.0201
vn -0.1791 0.796 -0.5782
vn -0.0863 0.7961 -0.599
vn -0.0863 0.796 -0.5991
vn -0.0863 0.796 -0.599
vn -0.1358 0.3069 -0.942
vn -0.2817 0.3068 -0.9091
vn -0.2951 -0.0781 -0.9523
vn -0.1422 -0.0781 -0.9868
vn -0.1422 -0.0781 -0.9867
vn -0.1379 -0.2558 -0.9568
vn -0.2861 -0.2557 -0.9234
vn -0.2827 -0.2948 -0.9128
vn -0.1363 -0.2949 -0.9458
vn 0.376 0.5269 0.7622
vn 0.3953 0.449 0.8013
vn 0.5171 0.4485 0.729
vn 0.4919 0.5263 0.6935
vn 0.4411 0.6471 0.6218
vn 0.337 0.6478 0.6833
vn 0.337 0.6478 0.6832
vn 0.337 0.6477 0.6833
vn 0.2783 0.7774 0.564
vn 0.3642 0.777 0.5134
vn 0.2327 0.9156 0.328
vn 0.2327 0.9156 0.3279
vn 0.1777 0.9158 0.3602
vn -0.0092 0.9998 -0.0189
vn -0.012 0.9998 -0.0172
vn -0.3505 0.7955 -0.4942
vn -0.3505 0.7956 -0.4942
vn -0.2679 0.7958 -0.543
vn -0.4212 0.3066 -0.8536
vn -0.5508 0.3062 -0.7764
vn -0.5768 -0.0779 -0.8131
vn -0.4411 -0.078 -0.8941
vn -0.4411 -0.078 -0.894
vn -0.4277 -0.2555 -0.867
vn -0.4277 -0.2555 -0.8671
vn -0.5594 -0.2552 -0.7886
vn -0.5528 -0.2942 -0.7796
vn -0.4227 -0.2946 -0.8571
vn 0.5941 0.5258 0.6087
vn 0.6244 0.448 0.6398
vn 0.716 0.4478 0.5355
vn 0.6812 0.5256 0.5095
vn 0.6813 0.5256 0.5095
vn 0.611 0.6464 0.457
vn 0.5328 0.6466 0.5459
vn 0.44 0.7766 0.4508
vn 0.5047 0.7764 0.3775
vn 0.3225 0.9153 0.2412
vn 0.2811 0.9154 0.288
vn -0.0149 0.9998 -0.0154
vn -0.0169 0.9998 -0.0127
vn -0.4858 0.795 -0.3634
vn -0.4858 0.795 -0.3633
vn -0.4238 0.7949 -0.4342
vn -0.6651 0.3057 -0.6813
vn -0.7624 0.3057 -0.5703
vn -0.7983 -0.0778 -0.5972
vn -0.6964 -0.0778 -0.7135
vn -0.6964 -0.0778 -0.7134
vn -0.6754 -0.2548 -0.692
vn -0.7743 -0.2547 -0.5792
vn -0.7744 -0.2547 -0.5792
vn -0.7654 -0.2936 -0.5726
vn -0.6676 -0.2937 -0.6841
vn -0.7518 0.5258 -0.398
vn -0.7902 0.448 -0.4183
vn -0.8454 0.4485 -0.2901
vn -0.8042 0.5263 -0.276
vn -0.7211 0.6471 -0.2475
vn -0.6742 0.6466 -0.3569
vn -0.611 0.6464 -0.457
vn -0.6812 0.5256 -0.5095
vn -0.6813 0.5256 -0.5095
vn -0.716 0.4478 -0.5355
vn -0.5568 0.7766 -0.2948
vn -0.5954 0.777 -0.2044
vn -0.3804 0.9156 -0.1306
vn -0.3557 0.9154 -0.1883
vn -0.3225 0.9153 -0.2412
vn -0.5047 0.7764 -0.3775
vn 0.019 0.9998 0.0099
vn 0.019 0.9998 0.0098
vn 0.0198 0.9998 0.0067
vn 0.5731 0.7955 0.1966
vn 0.5362 0.7949 0.2839
vn 0.4858 0.795 0.3634
vn 0.4858 0.7949 0.3634
vn 0.0169 0.9998 0.0127
vn 0.0169 0.9998 0.0128
vn 0.8414 0.3057 0.4455
vn 0.8415 0.3057 0.4455
vn 0.9004 0.3062 0.3091
vn 0.9429 -0.0779 0.3237
vn 0.8811 -0.0778 0.4665
vn 0.7983 -0.0778 0.5972
vn 0.7624 0.3056 0.5703
vn 0.8546 -0.2548 0.4524
vn 0.9145 -0.2552 0.3139
vn 0.904 -0.2942 0.3101
vn 0.8449 -0.2937 0.4471
vn 0.7654 -0.2936 0.5726
vn 0.7744 -0.2547 0.5792
vn 0.7743 -0.2547 0.5792
vn 0.7743 -0.2547 0.5793
vn -0.8374 0.5269 -0.1454
vn -0.8804 0.449 -0.1528
vn -0.8932 0.4494 -0.0126
vn -0.8496 0.5273 -0.012
vn -0.7615 0.6481 -0.0107
vn -0.7507 0.6477 -0.1303
vn -0.7506 0.6477 -0.1303
vn -0.6197 0.7775 -0.1076
vn -0.6196 0.7775 -0.1076
vn -0.6285 0.7777 -0.0089
vn -0.4013 0.9159 -0.0057
vn -0.3957 0.9158 -0.0688
vn 0.0207 0.9998 0.0035
vn 0.021 0.9998 0.0002
vn 0.6052 0.796 0.0085
vn 0.5966 0.7958 0.1035
vn 0.9378 0.3065 0.1629
vn 0.9517 0.3068 0.0134
vn 0.9968 -0.0781 0.0141
vn 0.9822 -0.078 0.1706
vn 0.9526 -0.2555 0.1654
vn 0.9525 -0.2555 0.1654
vn 0.9666 -0.2558 0.0136
vn 0.9555 -0.2948 0.0134
vn 0.9416 -0.2946 0.1634
vn -0.8409 0.5274 0.1212
vn -0.8841 0.4495 0.1274
vn -0.8533 0.4494 0.2644
vn -0.8116 0.5273 0.2514
vn -0.7274 0.6481 0.2254
vn -0.7537 0.6482 0.1086
vn -0.622 0.7779 0.0897
vn -0.6004 0.7778 0.186
vn -0.6004 0.7777 0.186
vn -0.3833 0.9159 0.1188
vn -0.3971 0.916 0.0572
vn 0.0208 0.9998 -0.003
vn 0.0201 0.9998 -0.0062
vn 0.5782 0.796 -0.1791
vn 0.599 0.7961 -0.0863
vn 0.599 0.796 -0.0863
vn 0.942 0.3069 -0.1358
vn 0.9091 0.3068 -0.2817
vn 0.9523 -0.0781 -0.2951
vn 0.9868 -0.0781 -0.1422
vn 0.9867 -0.0781 -0.1422
vn 0.9568 -0.2558 -0.1379
vn 0.9234 -0.2558 -0.2861
vn 0.9128 -0.2948 -0.2827
vn 0.9458 -0.2949 -0.1363
vn -0.7622 0.5269 0.376
vn -0.8013 0.449 0.3953
vn -0.729 0.4485 0.5171
vn -0.6935 0.5263 0.4919
vn -0.6218 0.6471 0.4411
vn -0.6832 0.6477 0.3371
vn -0.6833 0.6477 0.337
vn -0.6833 0.6477 0.3371
vn -0.564 0.7774 0.2783
vn -0.5134 0.777 0.3642
vn -0.328 0.9156 0.2327
vn -0.3602 0.9158 0.1777
vn 0.0189 0.9998 -0.0092
vn 0.0172 0.9998 -0.012
vn 0.0172 0.9998 -0.0121
vn 0.4942 0.7955 -0.3506
vn 0.4942 0.7956 -0.3505
vn 0.4942 0.7955 -0.3505
vn 0.543 0.7958 -0.268
vn 0.543 0.7958 -0.2679
vn 0.8536 0.3065 -0.4212
vn 0.7765 0.3062 -0.5508
vn 0.7764 0.3062 -0.5508
vn 0.8131 -0.0779 -0.5768
vn 0.894 -0.078 -0.4411
vn 0.8941 -0.078 -0.4411
vn 0.867 -0.2555 -0.4277
vn 0.8671 -0.2555 -0.4277
vn 0.7886 -0.2552 -0.5594
vn 0.7796 -0.2942 -0.5528
vn 0.8571 -0.2946 -0.4227
vn -0.6087 0.5258 0.5941
vn -0.6398 0.448 0.6244
vn -0.5459 0.6466 0.5328
vn -0.4508 0.7766 0.44
vn -0.288 0.9154 0.2811
vn 0.0154 0.9998 -0.0149
vn 0.4342 0.7949 -0.4238
vn 0.6813 0.3057 -0.6651
vn 0.7135 -0.0778 -0.6964
vn 0.7135 -0.0778 -0.6963
vn 0.692 -0.2548 -0.6754
vn 0.6841 -0.2937 -0.6676
vn 0.398 0.5258 -0.7518
vn 0.4183 0.448 -0.7902
vn 0.2901 0.4485 -0.8454
vn 0.276 0.5263 -0.8042
vn 0.276 0.5263 -0.8043
vn 0.2475 0.6471 -0.7211
vn 0.3569 0.6466 -0.6742
vn 0.457 0.6464 -0.611
vn 0.5095 0.5256 -0.6812
vn 0.5355 0.4478 -0.716
vn 0.2948 0.7766 -0.5567
vn 0.2044 0.777 -0.5954
vn 0.1306 0.9155 -0.3804
vn 0.1306 0.9156 -0.3803
vn 0.1306 0.9156 -0.3804
vn 0.1883 0.9154 -0.3557
vn 0.2412 0.9153 -0.3225
vn 0.3775 0.7764 -0.5047
vn -0.0099 0.9998 0.0191
vn -0.0099 0.9998 0.019
vn -0.0067 0.9998 0.0198
vn -0.1966 0.7955 0.5731
vn -0.2839 0.7949 0.5363
vn -0.3634 0.7949 0.4858
vn -0.3634 0.795 0.4857
vn -0.3634 0.795 0.4858
vn -0.0126 0.9998 0.0169
vn -0.0126 0.9998 0.017
vn -0.4455 0.3057 0.8414
vn -0.4455 0.3057 0.8415
vn -0.4456 0.3057 0.8414
vn -0.3091 0.3062 0.9004
vn -0.3237 -0.0779 0.9429
vn -0.4665 -0.0778 0.8811
vn -0.5972 -0.0778 0.7983
vn -0.5703 0.3057 0.7624
vn -0.4524 -0.2548 0.8546
vn -0.3139 -0.2552 0.9145
vn -0.3101 -0.2942 0.904
vn -0.4471 -0.2937 0.8449
vn -0.5726 -0.2936 0.7655
vn -0.5792 -0.2547 0.7743
vn 0.1454 0.5269 -0.8374
vn 0.1528 0.449 -0.8804
vn 0.1528 0.449 -0.8803
vn 0.0126 0.4494 -0.8932
vn 0.012 0.5273 -0.8496
vn 0.0107 0.6481 -0.7615
vn 0.1303 0.6477 -0.7506
vn 0.1303 0.6477 -0.7507
vn 0.1076 0.7775 -0.6197
vn 0.1076 0.7775 -0.6196
vn 0.0089 0.7777 -0.6285
vn 0.0057 0.9159 -0.4013
vn 0.0688 0.9158 -0.3957
vn -0.0034 0.9998 0.0207
vn -0.0002 0.9998 0.021
vn -0.0002 0.9998 0.0211
vn -0.0085 0.796 0.6052
vn -0.1035 0.7958 0.5966
vn -0.1629 0.3066 0.9378
vn -0.0134 0.3068 0.9517
vn -0.0141 -0.0781 0.9968
vn -0.1706 -0.078 0.9823
vn -0.1706 -0.078 0.9822
vn -0.1654 -0.2555 0.9525
vn -0.1654 -0.2555 0.9526
vn -0.0136 -0.2558 0.9666
vn -0.0134 -0.2948 0.9555
vn -0.1634 -0.2946 0.9415
vn -0.1212 0.5274 -0.8409
vn -0.1274 0.4495 -0.8841
vn -0.2644 0.4494 -0.8533
vn -0.2514 0.5273 -0.8116
vn -0.2253 0.6481 -0.7275
vn -0.2253 0.6482 -0.7274
vn -0.2253 0.6481 -0.7274
vn -0.1086 0.6482 -0.7537
vn -0.0897 0.7779 -0.622
vn -0.186 0.7778 -0.6004
vn -0.186 0.7777 -0.6004
vn -0.1188 0.9159 -0.3833
vn -0.1188 0.9159 -0.3834
vn -0.0572 0.916 -0.3971
vn 0.003 0.9998 0.0208
vn 0.003 0.9998 0.0209
vn 0.0062 0.9998 0.0201
vn 0.0062 0.9998 0.02
vn 0.1791 0.796 0.5782
vn 0.0863 0.7961 0.599
vn 0.0863 0.796 0.5991
vn 0.1358 0.3069 0.942
vn 0.2817 0.3068 0.9091
vn 0.2951 -0.0781 0.9523
vn 0.1422 -0.0781 0.9868
vn 0.1422 -0.0781 0.9867
vn 0.1379 -0.2558 0.9568
vn 0.2861 -0.2557 0.9234
vn 0.2827 -0.2949 0.9127
vn 0.1363 -0.2949 0.9458
vn -0.376 0.5269 -0.7622
vn -0.3953 0.449 -0.8013
vn -0.5171 0.4485 -0.729
vn -0.4919 0.5263 -0.6935
vn -0.4411 0.6471 -0.6218
vn -0.337 0.6478 -0.6833
vn -0.337 0.6477 -0.6833
vn -0.2783 0.7774 -0.564
vn -0.2783 0.7775 -0.564
vn -0.3642 0.777 -0.5134
vn -0.2327 0.9156 -0.328
vn -0.2327 0.9155 -0.3281
vn -0.1777 0.9158 -0.3602
vn 0.0092 0.9998 0.0189
vn 0.012 0.9998 0.0172
vn 0.012 0.9998 0.0171
vn 0.3505 0.7956 0.4942
vn 0.3505 0.7955 0.4942
vn 0.2679 0.7958 0.543
vn 0.4212 0.3066 0.8536
vn 0.5508 0.3062 0.7764
vn 0.5508 0.3062 0.7765
vn 0.5768 -0.0779 0.8131
vn 0.4411 -0.078 0.894
vn 0.4411 -0.078 0.8941
vn 0.4277 -0.2555 0.867
vn 0.4277 -0.2555 0.8671
vn 0.5594 -0.2552 0.7886
vn 0.5528 -0.2942 0.7796
vn 0.4227 -0.2946 0.8571
vn -0.5941 0.5258 -0.6087
vn -0.6244 0.448 -0.6398
vn -0.5328 0.6466 -0.5459
vn -0.44 0.7766 -0.4508
vn -0.2811 0.9154 -0.288
vn -0.2811 0.9154 -0.2881
vn 0.0149 0.9998 0.0154
vn 0.0149 0.9998 0.0155
vn 0.0149 0.9998 0.0153
vn 0.4238 0.7949 0.4343
vn 0.4238 0.7949 0.4342
vn 0.6651 0.3057 0.6813
vn 0.6964 -0.0778 0.7135
vn 0.6964 -0.0778 0.7134
vn 0.6754 -0.2548 0.692
vn 0.6676 -0.2937 0.6841
vn 0.7518 0.5258 0.398
vn 0.7902 0.448 0.4183
vn 0.8454 0.4485 0.2901
vn 0.8042 0.5263 0.276
vn 0.8043 0.5263 0.276
vn 0.7211 0.6471 0.2475
vn 0.6742 0.6466 0.3569
vn 0.5567 0.7766 0.2948
vn 0.5954 0.777 0.2044
vn 0.3804 0.9156 0.1306
vn 0.3557 0.9154 0.1883
vn -0.019 0.9998 -0.0099
vn -0.0198 0.9998 -0.0067
vn -0.5731 0.7955 -0.1966
vn -0.5363 0.7949 -0.2839
vn -0.8414 0.3057 -0.4456
vn -0.8415 0.3057 -0.4455
vn -0.8414 0.3057 -0.4455
vn -0.9004 0.3062 -0.3091
vn -0.943 -0.0779 -0.3237
vn -0.9429 -0.0779 -0.3237
vn -0.8811 -0.0778 -0.4665
vn -0.8546 -0.2548 -0.4524
vn -0.9145 -0.2552 -0.3139
vn -0.904 -0.2942 -0.3101
vn -0.8449 -0.2937 -0.4471
vn 0.8374 0.5269 0.1454
vn 0.8804 0.449 0.1528
vn 0.8932 0.4494 0.0126
vn 0.8496 0.5273 0.012
vn 0.7615 0.6481 0.0107
vn 0.7506 0.6477 0.1303
vn 0.6197 0.7775 0.1076
vn 0.6196 0.7775 0.1076
vn 0.6285 0.7777 0.0089
vn 0.4013 0.9159 0.0057
vn 0.3957 0.9158 0.0688
vn -0.0207 0.9998 -0.0035
vn -0.021 0.9998 -0.0002
vn -0.6052 0.796 -0.0085
vn -0.5966 0.7958 -0.1035
vn -0.9378 0.3066 -0.1629
vn -0.9517 0.3068 -0.0134
vn -0.9968 -0.0781 -0.0141
vn -0.9822 -0.078 -0.1706
vn -0.9525 -0.2555 -0.1654
vn -0.9526 -0.2555 -0.1654
vn -0.9666 -0.2558 -0.0136
vn -0.9555 -0.2948 -0.0134
vn -0.9415 -0.2946 -0.1634
vn 0.8409 0.5274 -0.1212
vn 0.8841 0.4495 -0.1274
vn 0.8533 0.4494 -0.2644
vn 0.8116 0.5273 -0.2514
vn 0.7274 0.6481 -0.2254
vn 0.7537 0.6482 -0.1086
vn 0.622 0.7779 -0.0897
vn 0.6004 0.7777 -0.186
vn 0.3833 0.9159 -0.1188
vn 0.3971 0.916 -0.0572
vn -0.0208 0.9998 0.003
vn -0.0201 0.9998 0.0062
vn -0.5782 0.796 0.1791
vn -0.599 0.7961 0.0863
vn -0.5991 0.796 0.0863
vn -0.942 0.3069 0.1358
vn -0.9091 0.3068 0.2817
vn -0.9523 -0.0781 0.2951
vn -0.9868 -0.0781 0.1422
vn -0.9867 -0.0781 0.1422
vn -0.9568 -0.2558 0.1379
vn -0.9234 -0.2558 0.2861
vn -0.9128 -0.2948 0.2827
vn -0.9458 -0.2949 0.1363
vn 0.7622 0.5269 -0.376
vn 0.8013 0.449 -0.3953
vn 0.729 0.4485 -0.5171
vn 0.6935 0.5263 -0.4919
vn 0.6218 0.6471 -0.4411
vn 0.6833 0.6478 -0.337
vn 0.6833 0.6477 -0.337
vn 0.6832 0.6478 -0.337
vn 0.564 0.7775 -0.2783
vn 0.564 0.7774 -0.2783
vn 0.5134 0.777 -0.3642
vn 0.328 0.9156 -0.2327
vn 0.3602 0.9158 -0.1777
vn -0.0189 0.9998 0.0092
vn -0.0172 0.9998 0.012
vn -0.4942 0.7956 0.3505
vn -0.4942 0.7955 0.3505
vn -0.543 0.7958 0.2679
vn -0.8536 0.3065 0.4212
vn -0.7764 0.3062 0.5508
vn -0.8131 -0.0779 0.5768
vn -0.8132 -0.0779 0.5768
vn -0.8941 -0.078 0.4411
vn -0.894 -0.078 0.4411
vn -0.867 -0.2555 0.4277
vn -0.7886 -0.2552 0.5594
vn -0.7796 -0.2942 0.5528
vn -0.8571 -0.2946 0.4227
vn 0.6087 0.5258 -0.5941
vn 0.6398 0.448 -0.6244
vn 0.5459 0.6466 -0.5328
vn 0.4508 0.7766 -0.44
vn 0.4508 0.7767 -0.44
vn 0.288 0.9154 -0.2811
vn -0.0154 0.9998 0.0149
vn -0.0154 0.9998 0.015
vn -0.4342 0.7949 0.4239
vn -0.4342 0.7949 0.4238
vn -0.6813 0.3057 0.6651
vn -0.7135 -0.0778 0.6963
vn -0.7135 -0.0778 0.6964
vn -0.692 -0.2548 0.6754
vn -0.6841 -0.2937 0.6676
vn -0.4662 0.0839 0.8807
vn -0.4673 -0.0475 0.8828
vn -0.3242 -0.0475 0.9448
vn -0.3234 0.084 0.9425
vn -0.3195 0.1762 0.9311
vn -0.3195 0.1762 0.931
vn -0.4606 0.1759 0.87
vn -0.5896 0.1759 0.7883
vn -0.5969 0.0839 0.7979
vn -0.5983 -0.0474 0.7999
vn -0.4538 0.2432 0.8573
vn -0.3148 0.2435 0.9174
vn -0.3099 0.297 0.9032
vn -0.4468 0.2965 0.844
vn -0.4468 0.2965 0.8441
vn -0.572 0.2965 0.7648
vn -0.581 0.2431 0.7767
vn -0.4403 0.3382 0.8317
vn -0.3054 0.3387 0.89
vn -0.3015 0.3705 0.8785
vn -0.4347 0.3699 0.8211
vn -0.5565 0.3698 0.744
vn -0.5637 0.3381 0.7536
vn -0.4302 0.3933 0.8126
vn -0.2983 0.3938 0.8694
vn -0.2961 0.4098 0.8628
vn -0.4269 0.4092 0.8064
vn -0.5466 0.4091 0.7307
vn -0.5507 0.3931 0.7363
vn -0.4241 0.4224 0.8011
vn -0.2941 0.4229 0.8571
vn -0.543 0.4222 0.7259
vn -0.1704 0.0842 0.9818
vn -0.1708 -0.0476 0.9842
vn -0.014 -0.0476 0.9988
vn -0.014 0.0842 0.9963
vn -0.014 0.0842 0.9964
vn -0.0139 0.1766 0.9842
vn -0.1684 0.1765 0.9698
vn -0.1659 0.2439 0.9555
vn -0.0136 0.2441 0.9697
vn -0.0136 0.2441 0.9696
vn -0.0134 0.2976 0.9546
vn -0.1633 0.2974 0.9407
vn -0.1609 0.3391 0.9269
vn -0.0132 0.3394 0.9405
vn -0.0131 0.3713 0.9284
vn -0.1588 0.3709 0.915
vn -0.1572 0.3943 0.9054
vn -0.0129 0.3946 0.9188
vn -0.0128 0.4106 0.9117
vn -0.156 0.4103 0.8985
vn -0.155 0.4234 0.8926
vn -0.0128 0.4238 0.9057
vn 0.1422 0.0843 0.9862
vn 0.1425 -0.0477 0.9886
vn 0.2956 -0.0476 0.9541
vn 0.2949 0.0842 0.9518
vn 0.2913 0.1766 0.9402
vn 0.1404 0.1767 0.9742
vn 0.1383 0.2442 0.9598
vn 0.287 0.2441 0.9263
vn 0.2825 0.2976 0.9119
vn 0.1362 0.2977 0.9449
vn 0.1342 0.3395 0.931
vn 0.2784 0.3394 0.8985
vn 0.2748 0.3713 0.8869
vn 0.1325 0.3713 0.919
vn 0.1311 0.3947 0.9094
vn 0.2719 0.3946 0.8777
vn 0.2698 0.4106 0.871
vn 0.1301 0.4107 0.9024
vn 0.1292 0.4239 0.8964
vn 0.268 0.4238 0.8652
vn 0.4408 0.0842 0.8936
vn 0.4418 -0.0476 0.8958
vn 0.5778 -0.0475 0.8148
vn 0.5765 0.084 0.8128
vn 0.5694 0.1762 0.8029
vn 0.4354 0.1765 0.8827
vn 0.429 0.2439 0.8697
vn 0.5611 0.2435 0.7911
vn 0.5524 0.297 0.7788
vn 0.5524 0.297 0.7789
vn 0.4224 0.2974 0.8562
vn 0.4162 0.3391 0.8437
vn 0.5443 0.3387 0.7674
vn 0.5443 0.3387 0.7675
vn 0.5374 0.3705 0.7576
vn 0.4108 0.3709 0.8329
vn 0.4108 0.3709 0.8328
vn 0.4065 0.3943 0.8242
vn 0.5318 0.3938 0.7497
vn 0.5277 0.4098 0.744
vn 0.4035 0.4103 0.8178
vn 0.4008 0.4234 0.8124
vn 0.5242 0.4229 0.7391
vn 0.696 0.0839 0.7131
vn 0.6976 -0.0475 0.7149
vn 0.7999 -0.0474 0.5983
vn 0.7979 0.0839 0.5969
vn 0.7883 0.1759 0.5896
vn 0.6875 0.1759 0.7045
vn 0.6775 0.2432 0.6942
vn 0.7767 0.2431 0.581
vn 0.7648 0.2965 0.572
vn 0.667 0.2965 0.6835
vn 0.6671 0.2965 0.6835
vn 0.6573 0.3382 0.6735
vn 0.7536 0.3381 0.5637
vn 0.744 0.3698 0.5565
vn 0.6489 0.3699 0.6649
vn 0.6422 0.3933 0.658
vn 0.7363 0.3931 0.5507
vn 0.7307 0.4091 0.5466
vn 0.6373 0.4092 0.653
vn 0.6331 0.4224 0.6487
vn 0.7259 0.4222 0.543
vn -0.8838 0.1119 -0.4542
vn -0.8946 -0.0508 -0.444
vn -0.9448 -0.0475 -0.3242
vn -0.9425 0.084 -0.3234
vn -0.931 0.1762 -0.3195
vn -0.9311 0.1762 -0.3195
vn -0.87 0.1759 -0.4606
vn -0.7883 0.1759 -0.5896
vn -0.7929 0.1402 -0.593
vn -0.6894 0.5087 -0.5157
vn -0.6892 0.5088 -0.5159
vn -0.6894 0.5088 -0.5157
vn -0.8572 0.2432 -0.4538
vn -0.8573 0.2432 -0.4538
vn -0.9174 0.2435 -0.3148
vn -0.9032 0.297 -0.3099
vn -0.844 0.2965 -0.4468
vn -0.8441 0.2965 -0.4468
vn -0.7648 0.2965 -0.572
vn -0.7767 0.2431 -0.581
vn -0.8317 0.3382 -0.4403
vn -0.89 0.3387 -0.3054
vn -0.8785 0.3705 -0.3015
vn -0.8211 0.3699 -0.4347
vn -0.744 0.3698 -0.5565
vn -0.7536 0.3381 -0.5637
vn -0.8126 0.3933 -0.4302
vn -0.8694 0.3938 -0.2983
vn -0.8628 0.4098 -0.2961
vn -0.8064 0.4092 -0.4269
vn -0.7307 0.4091 -0.5466
vn -0.7363 0.3931 -0.5507
vn -0.8011 0.4224 -0.4241
vn -0.8571 0.4229 -0.2941
vn -0.7259 0.4222 -0.543
vn -0.9818 0.0842 -0.1704
vn -0.9842 -0.0476 -0.1708
vn -0.9988 -0.0476 -0.014
vn -0.9964 0.0842 -0.014
vn -0.9842 0.1766 -0.0139
vn -0.9698 0.1765 -0.1684
vn -0.9555 0.2439 -0.1659
vn -0.9697 0.2441 -0.0136
vn -0.9696 0.2441 -0.0136
vn -0.9546 0.2976 -0.0134
vn -0.9407 0.2974 -0.1633
vn -0.9269 0.3391 -0.1609
vn -0.9405 0.3394 -0.0132
vn -0.9284 0.3713 -0.0131
vn -0.915 0.3709 -0.1588
vn -0.9054 0.3943 -0.1572
vn -0.9188 0.3946 -0.0129
vn -0.9117 0.4106 -0.0128
vn -0.8985 0.4103 -0.156
vn -0.8926 0.4234 -0.155
vn -0.9057 0.4238 -0.0128
vn -0.9862 0.0843 0.1422
vn -0.9886 -0.0477 0.1425
vn -0.9541 -0.0476 0.2956
vn -0.9518 0.0843 0.2949
vn -0.9402 0.1766 0.2913
vn -0.9742 0.1767 0.1404
vn -0.9598 0.2442 0.1383
vn -0.9263 0.2441 0.287
vn -0.9119 0.2976 0.2825
vn -0.9449 0.2977 0.1362
vn -0.931 0.3395 0.1342
vn -0.8985 0.3394 0.2784
vn -0.8869 0.3713 0.2748
vn -0.919 0.3713 0.1325
vn -0.9094 0.3947 0.1311
vn -0.8777 0.3946 0.2719
vn -0.871 0.4106 0.2698
vn -0.9024 0.4107 0.1301
vn -0.8964 0.4239 0.1292
vn -0.8652 0.4238 0.268
vn -0.8936 0.0842 0.4408
vn -0.8958 -0.0476 0.4418
vn -0.8148 -0.0475 0.5778
vn -0.8128 0.084 0.5765
vn -0.8029 0.1762 0.5694
vn -0.8827 0.1765 0.4354
vn -0.8828 0.1765 0.4354
vn -0.8697 0.2439 0.429
vn -0.8698 0.2439 0.429
vn -0.7911 0.2435 0.5611
vn -0.7788 0.297 0.5524
vn -0.7789 0.297 0.5524
vn -0.8562 0.2974 0.4224
vn -0.8437 0.3391 0.4162
vn -0.7675 0.3387 0.5443
vn -0.7674 0.3387 0.5443
vn -0.7576 0.3705 0.5374
vn -0.8328 0.3709 0.4108
vn -0.8329 0.3709 0.4108
vn -0.8242 0.3943 0.4065
vn -0.7497 0.3938 0.5318
vn -0.744 0.4098 0.5277
vn -0.8178 0.4103 0.4035
vn -0.8124 0.4234 0.4008
vn -0.7391 0.4229 0.5242
vn -0.7131 0.0839 0.696
vn -0.7149 -0.0475 0.6976
vn -0.7045 0.1759 0.6875
vn -0.6942 0.2432 0.6775
vn -0.6834 0.2965 0.6671
vn -0.6835 0.2965 0.667
vn -0.6835 0.2965 0.6671
vn -0.6735 0.3382 0.6573
vn -0.6649 0.3699 0.6489
vn -0.6648 0.3699 0.649
vn -0.658 0.3933 0.6422
vn -0.653 0.4092 0.6373
vn -0.6487 0.4224 0.6331
vn 0.4662 0.0839 -0.8807
vn 0.4673 -0.0475 -0.8828
vn 0.3242 -0.0475 -0.9448
vn 0.3234 0.084 -0.9425
vn 0.3195 0.1762 -0.9311
vn 0.3195 0.1762 -0.931
vn 0.4606 0.1759 -0.87
vn 0.5896 0.1759 -0.7883
vn 0.5969 0.0839 -0.7979
vn 0.5983 -0.0474 -0.7999
vn 0.4539 0.2432 -0.8572
vn 0.4538 0.2432 -0.8573
vn 0.3148 0.2435 -0.9174
vn 0.3099 0.297 -0.9032
vn 0.4468 0.2965 -0.8441
vn 0.4468 0.2965 -0.844
vn 0.572 0.2965 -0.7648
vn 0.581 0.2431 -0.7767
vn 0.4403 0.3382 -0.8317
vn 0.3054 0.3387 -0.89
vn 0.3015 0.3705 -0.8785
vn 0.4347 0.3699 -0.8211
vn 0.5565 0.3698 -0.744
vn 0.5637 0.3381 -0.7536
vn 0.4302 0.3933 -0.8126
vn 0.2983 0.3938 -0.8694
vn 0.2961 0.4098 -0.8628
vn 0.4269 0.4092 -0.8064
vn 0.5466 0.4091 -0.7307
vn 0.5507 0.3931 -0.7363
vn 0.4241 0.4224 -0.8011
vn 0.2941 0.4229 -0.8571
vn 0.543 0.4222 -0.7259
vn 0.1704 0.0842 -0.9818
vn 0.1708 -0.0476 -0.9842
vn 0.014 -0.0476 -0.9988
vn 0.014 0.0842 -0.9963
vn 0.014 0.0842 -0.9964
vn 0.0139 0.1766 -0.9842
vn 0.1684 0.1765 -0.9698
vn 0.1659 0.2439 -0.9555
vn 0.0136 0.2441 -0.9697
vn 0.0134 0.2976 -0.9546
vn 0.1633 0.2974 -0.9407
vn 0.1609 0.3391 -0.9269
vn 0.0132 0.3394 -0.9405
vn 0.0131 0.3713 -0.9284
vn 0.1588 0.371 -0.9149
vn 0.1588 0.371 -0.915
vn 0.1572 0.3943 -0.9054
vn 0.0129 0.3946 -0.9188
vn 0.0128 0.4106 -0.9117
vn 0.156 0.4103 -0.8985
vn 0.155 0.4234 -0.8926
vn 0.0128 0.4238 -0.9057
vn -0.1422 0.0843 -0.9862
vn -0.1425 -0.0477 -0.9886
vn -0.2956 -0.0476 -0.9541
vn -0.2949 0.0842 -0.9518
vn -0.2913 0.1766 -0.9402
vn -0.1404 0.1767 -0.9742
vn -0.1383 0.2442 -0.9598
vn -0.287 0.2441 -0.9263
vn -0.2825 0.2976 -0.9119
vn -0.1362 0.2977 -0.9449
vn -0.1342 0.3395 -0.931
vn -0.2784 0.3394 -0.8985
vn -0.2748 0.3713 -0.8869
vn -0.1325 0.3713 -0.919
vn -0.1311 0.3947 -0.9094
vn -0.2719 0.3946 -0.8777
vn -0.2698 0.4106 -0.871
vn -0.1301 0.4107 -0.9024
vn -0.1292 0.4239 -0.8964
vn -0.268 0.4238 -0.8652
vn -0.4408 0.0842 -0.8936
vn -0.4418 -0.0476 -0.8958
vn -0.5778 -0.0475 -0.8148
vn -0.5765 0.084 -0.8128
vn -0.5694 0.1762 -0.8029
vn -0.5694 0.1762 -0.803
vn -0.4354 0.1765 -0.8827
vn -0.4354 0.1765 -0.8828
vn -0.429 0.2439 -0.8697
vn -0.5611 0.2435 -0.7911
vn -0.5524 0.297 -0.7788
vn -0.5524 0.297 -0.7789
vn -0.4224 0.2974 -0.8562
vn -0.4162 0.3391 -0.8437
vn -0.5443 0.3387 -0.7675
vn -0.5374 0.3705 -0.7576
vn -0.4108 0.3709 -0.8328
vn -0.4108 0.3709 -0.8329
vn -0.4065 0.3943 -0.8242
vn -0.5318 0.3938 -0.7497
vn -0.5277 0.4098 -0.744
vn -0.4035 0.4103 -0.8178
vn -0.4008 0.4234 -0.8124
vn -0.5243 0.4229 -0.7391
vn -0.5242 0.4229 -0.7391
vn -0.6853 0.1119 -0.7196
vn -0.6786 -0.0508 -0.7327
vn -0.6875 0.1759 -0.7045
vn -0.6775 0.2432 -0.6942
vn -0.6671 0.2965 -0.6834
vn -0.667 0.2965 -0.6835
vn -0.6573 0.3382 -0.6735
vn -0.6489 0.3699 -0.6649
vn -0.6422 0.3933 -0.658
vn -0.6373 0.4092 -0.653
vn -0.6331 0.4224 -0.6487
vn 0.8807 0.0839 0.4662
vn 0.8828 -0.0475 0.4673
vn 0.9448 -0.0475 0.3242
vn 0.9425 0.084 0.3234
vn 0.931 0.1762 0.3195
vn 0.9311 0.1762 0.3195
vn 0.87 0.1759 0.4606
vn 0.8573 0.2432 0.4538
vn 0.9174 0.2435 0.3148
vn 0.9032 0.297 0.3099
vn 0.8441 0.2965 0.4468
vn 0.844 0.2965 0.4468
vn 0.8317 0.3382 0.4403
vn 0.89 0.3387 0.3054
vn 0.8785 0.3705 0.3015
vn 0.8211 0.3699 0.4347
vn 0.8126 0.3933 0.4302
vn 0.8694 0.3938 0.2983
vn 0.8628 0.4098 0.2961
vn 0.8064 0.4092 0.4269
vn 0.8011 0.4224 0.4241
vn 0.8571 0.4229 0.2941
vn 0.9818 0.0842 0.1704
vn 0.9842 -0.0476 0.1708
vn 0.9988 -0.0476 0.014
vn 0.9964 0.0842 0.014
vn 0.9963 0.0842 0.014
vn 0.9842 0.1766 0.0139
vn 0.9698 0.1765 0.1684
vn 0.9555 0.2439 0.1659
vn 0.9696 0.2441 0.0136
vn 0.9697 0.2441 0.0136
vn 0.9546 0.2976 0.0134
vn 0.9407 0.2974 0.1633
vn 0.9269 0.3391 0.1609
vn 0.9405 0.3394 0.0132
vn 0.9284 0.3713 0.0131
vn 0.915 0.3709 0.1588
vn 0.9054 0.3943 0.1572
vn 0.9188 0.3946 0.0129
vn 0.9187 0.3946 0.0129
vn 0.9117 0.4106 0.0128
vn 0.8985 0.4103 0.156
vn 0.8926 0.4234 0.155
vn 0.9057 0.4238 0.0128
vn 0.9862 0.0843 -0.1422
vn 0.9886 -0.0477 -0.1425
vn 0.9541 -0.0476 -0.2956
vn 0.9518 0.0842 -0.2949
vn 0.9402 0.1766 -0.2913
vn 0.9742 0.1767 -0.1404
vn 0.9598 0.2442 -0.1383
vn 0.9263 0.2441 -0.287
vn 0.9119 0.2976 -0.2825
vn 0.9449 0.2977 -0.1362
vn 0.931 0.3395 -0.1342
vn 0.8985 0.3394 -0.2784
vn 0.8869 0.3713 -0.2748
vn 0.919 0.3714 -0.1325
vn 0.9094 0.3947 -0.1311
vn 0.8777 0.3946 -0.2719
vn 0.871 0.4106 -0.2698
vn 0.9024 0.4107 -0.1301
vn 0.8964 0.4239 -0.1292
vn 0.8652 0.4238 -0.268
vn 0.8936 0.0842 -0.4408
vn 0.8958 -0.0476 -0.4418
vn 0.8148 -0.0475 -0.5778
vn 0.8128 0.084 -0.5765
vn 0.8029 0.1762 -0.5694
vn 0.8827 0.1765 -0.4354
vn 0.8828 0.1765 -0.4354
vn 0.8697 0.2439 -0.429
vn 0.7911 0.2435 -0.5611
vn 0.7788 0.297 -0.5524
vn 0.8562 0.2974 -0.4224
vn 0.8437 0.3391 -0.4162
vn 0.7675 0.3387 -0.5443
vn 0.7674 0.3387 -0.5443
vn 0.7576 0.3705 -0.5374
vn 0.8329 0.3709 -0.4108
vn 0.8328 0.3709 -0.4108
vn 0.8242 0.3943 -0.4065
vn 0.7497 0.3938 -0.5318
vn 0.744 0.4098 -0.5277
vn 0.8178 0.4103 -0.4035
vn 0.8124 0.4234 -0.4008
vn 0.7392 0.4229 -0.5242
vn 0.7391 0.4229 -0.5242
vn 0.7131 0.0839 -0.696
vn 0.7149 -0.0475 -0.6976
vn 0.7045 0.1759 -0.6875
vn 0.6942 0.2432 -0.6775
vn 0.6835 0.2965 -0.667
vn 0.6735 0.3382 -0.6573
vn 0.6649 0.3699 -0.6489
vn 0.658 0.3933 -0.6422
vn 0.653 0.4092 -0.6373
vn 0.6487 0.4224 -0.6331
vn -0.3522 -0.6581 0.6654
vn -0.3522 -0.6581 0.6655
vn -0.3641 -0.6283 0.6875
vn -0.2526 -0.6289 0.7353
vn -0.2442 -0.6588 0.7116
vn -0.2258 -0.7183 0.6581
vn -0.3258 -0.7177 0.6154
vn -0.4172 -0.7176 0.5577
vn -0.451 -0.658 0.603
vn -0.5122 -0.5184 0.6848
vn -0.3109 -0.7472 0.5873
vn -0.2155 -0.7478 0.628
vn -0.2206 -0.7336 0.6428
vn -0.3182 -0.7331 0.6011
vn -0.4075 -0.7329 0.5448
vn -0.3981 -0.7471 0.5322
vn -0.3382 -0.6909 0.6389
vn -0.2345 -0.6914 0.6833
vn -0.2545 -0.6208 0.7415
vn -0.367 -0.6203 0.6932
vn -0.4699 -0.6201 0.6282
vn -0.4331 -0.6907 0.579
vn -0.401 -0.5153 0.7574
vn -0.2781 -0.5159 0.8103
vn -0.3015 -0.3706 0.8785
vn -0.4346 -0.3701 0.821
vn -0.5565 -0.3699 0.7439
vn -0.5134 -0.5151 0.6863
vn -0.4579 -0.2054 0.8649
vn -0.3176 -0.2057 0.9256
vn -0.5862 -0.2053 0.7837
vn -0.1358 -0.6365 0.7592
vn -0.1481 -0.581 0.8003
vn -0.1481 -0.5811 0.8003
vn -0.0867 -0.5502 0.8305
vn 0.0047 -0.6696 0.7427
vn -0.0098 -0.7191 0.6948
vn -0.1189 -0.7188 0.685
vn -0.1135 -0.7483 0.6536
vn -0.0093 -0.7486 0.663
vn -0.0096 -0.7344 0.6786
vn -0.1162 -0.7341 0.669
vn -0.1235 -0.692 0.7113
vn -0.0102 -0.6923 0.7215
vn -0.011 -0.6218 0.7831
vn -0.134 -0.6214 0.7719
vn -0.1465 -0.5164 0.8437
vn -0.0121 -0.5168 0.856
vn -0.0131 -0.3713 0.9284
vn -0.1588 -0.371 0.9149
vn -0.1588 -0.371 0.915
vn -0.1674 -0.206 0.9641
vn -0.0138 -0.2062 0.9784
vn 0.1051 -0.6761 0.7292
vn 0.1222 -0.5163 0.8476
vn 0.3178 -0.5502 0.7722
vn 0.2052 -0.6696 0.7138
vn 0.2056 -0.7191 0.6637
vn 0.2056 -0.7192 0.6637
vn 0.0991 -0.7193 0.6876
vn 0.0946 -0.7487 0.6561
vn 0.1962 -0.7486 0.6333
vn 0.2008 -0.7344 0.6483
vn 0.0968 -0.7345 0.6716
vn 0.1029 -0.6925 0.714
vn 0.2135 -0.6924 0.6892
vn 0.2135 -0.6923 0.6893
vn 0.2318 -0.6218 0.7481
vn 0.1117 -0.6219 0.7751
vn 0.1221 -0.5169 0.8473
vn 0.2533 -0.5168 0.8178
vn 0.2533 -0.5169 0.8177
vn 0.2533 -0.5168 0.8177
vn 0.2748 -0.3713 0.8869
vn 0.1325 -0.3714 0.919
vn 0.1396 -0.2063 0.9685
vn 0.2896 -0.2062 0.9347
vn 0.3447 -0.6365 0.69
vn 0.3681 -0.5811 0.7258
vn 0.3681 -0.581 0.7259
vn 0.45 -0.6289 0.634
vn 0.4353 -0.6588 0.6136
vn 0.4025 -0.7183 0.5675
vn 0.3076 -0.7188 0.6235
vn 0.2935 -0.7483 0.5949
vn 0.3841 -0.7478 0.5415
vn 0.3932 -0.7336 0.5543
vn 0.3004 -0.7341 0.609
vn 0.3194 -0.692 0.6474
vn 0.418 -0.6914 0.5892
vn 0.4535 -0.6208 0.6394
vn 0.4535 -0.6208 0.6395
vn 0.3466 -0.6214 0.7026
vn 0.3788 -0.5164 0.768
vn 0.3788 -0.5165 0.768
vn 0.4956 -0.5159 0.6987
vn 0.5373 -0.3706 0.7576
vn 0.4108 -0.371 0.8328
vn 0.4329 -0.206 0.8776
vn 0.5661 -0.2057 0.7983
vn 0.5661 -0.2057 0.7982
vn 0.5259 -0.6581 0.5388
vn 0.5435 -0.6283 0.5566
vn 0.6848 -0.5184 0.5122
vn 0.603 -0.658 0.451
vn 0.5577 -0.7176 0.4172
vn 0.4864 -0.7177 0.4983
vn 0.4642 -0.7472 0.4756
vn 0.5322 -0.7471 0.3981
vn 0.5448 -0.7329 0.4075
vn 0.4751 -0.7331 0.4867
vn 0.505 -0.6909 0.5173
vn 0.579 -0.6908 0.4331
vn 0.579 -0.6907 0.4331
vn 0.6282 -0.6201 0.4699
vn 0.5479 -0.6203 0.5613
vn 0.5986 -0.5153 0.6133
vn 0.6863 -0.5151 0.5134
vn 0.7439 -0.3699 0.5565
vn 0.6488 -0.3701 0.6648
vn 0.6489 -0.3701 0.6648
vn 0.6835 -0.2054 0.7004
vn 0.7837 -0.2053 0.5862
vn -0.6654 -0.6581 -0.3522
vn -0.6875 -0.6283 -0.3641
vn -0.7353 -0.6289 -0.2526
vn -0.7116 -0.6588 -0.2442
vn -0.6581 -0.7183 -0.2258
vn -0.6154 -0.7177 -0.3258
vn -0.5577 -0.7176 -0.4172
vn -0.603 -0.658 -0.451
vn -0.6848 -0.5184 -0.5122
vn -0.5873 -0.7472 -0.3109
vn -0.628 -0.7478 -0.2155
vn -0.6428 -0.7336 -0.2206
vn -0.6011 -0.7331 -0.3182
vn -0.5448 -0.7329 -0.4075
vn -0.5322 -0.7471 -0.3981
vn -0.6389 -0.6909 -0.3382
vn -0.6833 -0.6914 -0.2345
vn -0.7415 -0.6208 -0.2545
vn -0.6932 -0.6203 -0.367
vn -0.6282 -0.6201 -0.4699
vn -0.579 -0.6907 -0.4331
vn -0.7574 -0.5153 -0.401
vn -0.8103 -0.5159 -0.2781
vn -0.8785 -0.3706 -0.3015
vn -0.821 -0.3701 -0.4346
vn -0.8211 -0.3701 -0.4346
vn -0.7439 -0.3699 -0.5565
vn -0.6863 -0.5151 -0.5134
vn -0.8648 -0.2385 -0.4418
vn -0.9256 -0.2057 -0.3176
vn -0.7705 -0.2722 -0.5763
vn -0.7706 -0.2722 -0.5763
vn -0.7592 -0.6365 -0.1358
vn -0.8003 -0.5811 -0.1481
vn -0.8003 -0.581 -0.1481
vn -0.8305 -0.5502 -0.0867
vn -0.7427 -0.6696 0.0047
vn -0.6948 -0.7191 -0.0098
vn -0.685 -0.7188 -0.1189
vn -0.6536 -0.7483 -0.1135
vn -0.663 -0.7486 -0.0093
vn -0.6786 -0.7344 -0.0096
vn -0.669 -0.7341 -0.1162
vn -0.7113 -0.692 -0.1235
vn -0.7215 -0.6923 -0.0102
vn -0.7831 -0.6218 -0.011
vn -0.7719 -0.6214 -0.134
vn -0.8437 -0.5164 -0.1465
vn -0.856 -0.5168 -0.0121
vn -0.9284 -0.3713 -0.0131
vn -0.9149 -0.371 -0.1588
vn -0.915 -0.371 -0.1588
vn -0.9641 -0.206 -0.1674
vn -0.9784 -0.2062 -0.0138
vn -0.7292 -0.6761 0.1051
vn -0.8476 -0.5163 0.1222
vn -0.7722 -0.5501 0.3178
vn -0.7723 -0.5501 0.3178
vn -0.7138 -0.6696 0.2052
vn -0.6637 -0.7192 0.2056
vn -0.6637 -0.7191 0.2056
vn -0.6876 -0.7193 0.0991
vn -0.6876 -0.7192 0.0991
vn -0.6561 -0.7487 0.0946
vn -0.6333 -0.7486 0.1962
vn -0.6483 -0.7344 0.2008
vn -0.6716 -0.7345 0.0968
vn -0.714 -0.6925 0.1029
vn -0.6892 -0.6924 0.2135
vn -0.6893 -0.6923 0.2135
vn -0.7481 -0.6218 0.2318
vn -0.7751 -0.6219 0.1117
vn -0.8473 -0.5169 0.1221
vn -0.8177 -0.5168 0.2533
vn -0.8178 -0.5168 0.2533
vn -0.8869 -0.3713 0.2748
vn -0.919 -0.3714 0.1325
vn -0.9685 -0.2063 0.1396
vn -0.9347 -0.2062 0.2896
vn -0.69 -0.6365 0.3447
vn -0.7258 -0.5811 0.3681
vn -0.634 -0.6289 0.45
vn -0.6136 -0.6588 0.4353
vn -0.5675 -0.7183 0.4025
vn -0.6235 -0.7188 0.3076
vn -0.5949 -0.7483 0.2935
vn -0.5415 -0.7478 0.3841
vn -0.5543 -0.7336 0.3932
vn -0.609 -0.7341 0.3004
vn -0.6474 -0.692 0.3194
vn -0.5892 -0.6914 0.418
vn -0.6394 -0.6208 0.4535
vn -0.6395 -0.6208 0.4535
vn -0.7026 -0.6214 0.3466
vn -0.768 -0.5164 0.3788
vn -0.768 -0.5165 0.3788
vn -0.6987 -0.5159 0.4956
vn -0.7576 -0.3706 0.5373
vn -0.8328 -0.371 0.4108
vn -0.8776 -0.206 0.4329
vn -0.7982 -0.2057 0.5661
vn -0.5388 -0.6581 0.5259
vn -0.5566 -0.6283 0.5435
vn -0.4983 -0.7177 0.4864
vn -0.4756 -0.7472 0.4642
vn -0.4867 -0.7331 0.4751
vn -0.5173 -0.6909 0.5049
vn -0.5173 -0.691 0.5049
vn -0.5613 -0.6203 0.5479
vn -0.6133 -0.5153 0.5986
vn -0.6648 -0.3701 0.6488
vn -0.7004 -0.2054 0.6835
vn 0.3522 -0.6581 -0.6655
vn 0.3522 -0.6581 -0.6654
vn 0.3641 -0.6283 -0.6875
vn 0.2526 -0.6289 -0.7353
vn 0.2442 -0.6588 -0.7116
vn 0.2258 -0.7183 -0.6581
vn 0.3258 -0.7177 -0.6154
vn 0.4172 -0.7176 -0.5577
vn 0.451 -0.658 -0.603
vn 0.5122 -0.5184 -0.6848
vn 0.3109 -0.7472 -0.5873
vn 0.2155 -0.7478 -0.628
vn 0.2206 -0.7336 -0.6428
vn 0.3182 -0.7331 -0.6011
vn 0.4075 -0.7329 -0.5448
vn 0.3981 -0.7471 -0.5322
vn 0.3382 -0.6909 -0.6389
vn 0.2345 -0.6914 -0.6833
vn 0.2545 -0.6208 -0.7415
vn 0.367 -0.6203 -0.6932
vn 0.4699 -0.6201 -0.6282
vn 0.4331 -0.6907 -0.579
vn 0.4331 -0.6907 -0.5791
vn 0.401 -0.5153 -0.7574
vn 0.2781 -0.5159 -0.8103
vn 0.3015 -0.3706 -0.8785
vn 0.4346 -0.3701 -0.821
vn 0.5565 -0.3699 -0.7439
vn 0.5134 -0.5151 -0.6863
vn 0.4579 -0.2054 -0.8649
vn 0.3176 -0.2057 -0.9256
vn 0.5862 -0.2053 -0.7837
vn 0.1358 -0.6365 -0.7592
vn 0.1481 -0.5811 -0.8003
vn 0.0867 -0.5502 -0.8306
vn 0.0867 -0.5501 -0.8306
vn 0.0867 -0.5502 -0.8305
vn -0.0047 -0.6696 -0.7427
vn 0.0098 -0.7191 -0.6948
vn 0.1189 -0.7188 -0.685
vn 0.1135 -0.7483 -0.6536
vn 0.0093 -0.7486 -0.663
vn 0.0096 -0.7344 -0.6786
vn 0.1162 -0.7341 -0.669
vn 0.1235 -0.692 -0.7113
vn 0.0102 -0.6923 -0.7215
vn 0.011 -0.6218 -0.7831
vn 0.134 -0.6214 -0.7719
vn 0.1465 -0.5164 -0.8437
vn 0.0121 -0.5168 -0.856
vn 0.0131 -0.3713 -0.9284
vn 0.1588 -0.371 -0.9149
vn 0.1674 -0.206 -0.9641
vn 0.0138 -0.2062 -0.9784
vn -0.1051 -0.6761 -0.7292
vn -0.1222 -0.5163 -0.8476
vn -0.3178 -0.5502 -0.7722
vn -0.2052 -0.6696 -0.7138
vn -0.2056 -0.7191 -0.6637
vn -0.2056 -0.7192 -0.6637
vn -0.2056 -0.7191 -0.6638
vn -0.0991 -0.7193 -0.6876
vn -0.0991 -0.7192 -0.6877
vn -0.0946 -0.7487 -0.6561
vn -0.1962 -0.7486 -0.6333
vn -0.2008 -0.7344 -0.6483
vn -0.0968 -0.7345 -0.6716
vn -0.1029 -0.6925 -0.714
vn -0.2135 -0.6924 -0.6892
vn -0.2135 -0.6923 -0.6893
vn -0.2318 -0.6218 -0.7481
vn -0.1117 -0.6219 -0.7751
vn -0.1117 -0.622 -0.775
vn -0.1221 -0.5169 -0.8473
vn -0.2533 -0.5168 -0.8178
vn -0.2533 -0.5168 -0.8177
vn -0.2748 -0.3713 -0.8869
vn -0.1325 -0.3714 -0.919
vn -0.1396 -0.2063 -0.9685
vn -0.2896 -0.2062 -0.9347
vn -0.3447 -0.6365 -0.69
vn -0.3681 -0.5811 -0.7258
vn -0.45 -0.6289 -0.634
vn -0.4353 -0.6588 -0.6136
vn -0.4025 -0.7183 -0.5675
vn -0.3076 -0.7188 -0.6235
vn -0.2935 -0.7483 -0.5949
vn -0.3841 -0.7478 -0.5415
vn -0.3932 -0.7336 -0.5543
vn -0.3004 -0.7341 -0.609
vn -0.3194 -0.692 -0.6474
vn -0.418 -0.6914 -0.5892
vn -0.4535 -0.6208 -0.6394
vn -0.4535 -0.6208 -0.6395
vn -0.4535 -0.6209 -0.6394
vn -0.3466 -0.6214 -0.7026
vn -0.3788 -0.5164 -0.768
vn -0.4956 -0.5159 -0.6987
vn -0.5373 -0.3706 -0.7576
vn -0.4108 -0.371 -0.8328
vn -0.4329 -0.206 -0.8776
vn -0.5661 -0.2057 -0.7982
vn -0.5259 -0.6581 -0.5388
vn -0.5435 -0.6283 -0.5566
vn -0.4864 -0.7177 -0.4983
vn -0.4642 -0.7472 -0.4756
vn -0.4751 -0.7331 -0.4867
vn -0.5049 -0.6909 -0.5173
vn -0.5049 -0.691 -0.5173
vn -0.5479 -0.6203 -0.5613
vn -0.5986 -0.5153 -0.6133
vn -0.6488 -0.3701 -0.6648
vn -0.6489 -0.3701 -0.6648
vn -0.6681 -0.2385 -0.7048
vn 0.6654 -0.6581 0.3522
vn 0.6875 -0.6283 0.3641
vn 0.7353 -0.6289 0.2526
vn 0.7116 -0.6588 0.2442
vn 0.6581 -0.7183 0.2258
vn 0.6154 -0.7177 0.3258
vn 0.5873 -0.7472 0.3109
vn 0.628 -0.7478 0.2155
vn 0.6428 -0.7336 0.2206
vn 0.6011 -0.7331 0.3182
vn 0.6389 -0.6909 0.3382
vn 0.6833 -0.6914 0.2345
vn 0.7415 -0.6208 0.2545
vn 0.6932 -0.6203 0.367
vn 0.7574 -0.5153 0.401
vn 0.8103 -0.5159 0.2781
vn 0.8785 -0.3706 0.3015
vn 0.821 -0.3701 0.4346
vn 0.8211 -0.3701 0.4346
vn 0.8649 -0.2054 0.4579
vn 0.9256 -0.2057 0.3176
vn 0.7592 -0.6365 0.1358
vn 0.8003 -0.581 0.1481
vn 0.8305 -0.5502 0.0867
vn 0.7427 -0.6696 -0.0047
vn 0.6948 -0.7191 0.0098
vn 0.685 -0.7188 0.1189
vn 0.6536 -0.7483 0.1135
vn 0.663 -0.7486 0.0093
vn 0.6786 -0.7344 0.0096
vn 0.669 -0.7341 0.1162
vn 0.7113 -0.692 0.1235
vn 0.7215 -0.6923 0.0102
vn 0.7831 -0.6218 0.011
vn 0.7719 -0.6214 0.134
vn 0.8437 -0.5164 0.1465
vn 0.856 -0.5168 0.0121
vn 0.9284 -0.3713 0.0131
vn 0.9149 -0.371 0.1588
vn 0.915 -0.371 0.1588
vn 0.9641 -0.206 0.1674
vn 0.9784 -0.2062 0.0138
vn 0.7292 -0.6761 -0.1051
vn 0.8476 -0.5163 -0.1222
vn 0.7722 -0.5501 -0.3178
vn 0.7138 -0.6696 -0.2052
vn 0.6637 -0.7191 -0.2056
vn 0.6876 -0.7192 -0.0991
vn 0.6876 -0.7193 -0.0991
vn 0.6561 -0.7487 -0.0946
vn 0.6333 -0.7486 -0.1962
vn 0.6483 -0.7344 -0.2008
vn 0.6716 -0.7345 -0.0968
vn 0.714 -0.6925 -0.1029
vn 0.6892 -0.6924 -0.2135
vn 0.6893 -0.6923 -0.2135
vn 0.6892 -0.6923 -0.2135
vn 0.7481 -0.6218 -0.2318
vn 0.7751 -0.6219 -0.1117
vn 0.8473 -0.5169 -0.1221
vn 0.8178 -0.5168 -0.2533
vn 0.8177 -0.5168 -0.2533
vn 0.8869 -0.3713 -0.2748
vn 0.919 -0.3714 -0.1325
vn 0.9685 -0.2063 -0.1396
vn 0.9347 -0.2062 -0.2896
vn 0.69 -0.6365 -0.3447
vn 0.7259 -0.581 -0.3681
vn 0.634 -0.6289 -0.45
vn 0.6136 -0.6588 -0.4353
vn 0.5675 -0.7183 -0.4025
vn 0.6235 -0.7188 -0.3076
vn 0.5949 -0.7483 -0.2935
vn 0.5415 -0.7478 -0.3841
vn 0.5543 -0.7336 -0.3932
vn 0.609 -0.7341 -0.3004
vn 0.6474 -0.692 -0.3194
vn 0.5892 -0.6914 -0.418
vn 0.6394 -0.6208 -0.4535
vn 0.7026 -0.6214 -0.3466
vn 0.768 -0.5164 -0.3788
vn 0.6987 -0.5159 -0.4956
vn 0.7576 -0.3706 -0.5373
vn 0.8328 -0.371 -0.4108
vn 0.8776 -0.206 -0.4329
vn 0.7982 -0.2057 -0.5661
vn 0.5388 -0.6581 -0.5259
vn 0.5566 -0.6283 -0.5435
vn 0.4983 -0.7177 -0.4864
vn 0.4756 -0.7472 -0.4642
vn 0.4867 -0.7331 -0.4751
vn 0.5173 -0.6909 -0.505
vn 0.5613 -0.6203 -0.5479
vn 0.6133 -0.5153 -0.5986
vn 0.6648 -0.3701 -0.6488
vn 0.7004 -0.2054 -0.6835
vn -0.8759 0.2806 -0.3926
vn -0.9079 0.0415 -0.4172
vn -0.9828 0.0398 -0.1805
vn -0.9523 0.2616 -0.1573
vn -0.8513 0.5167 -0.091
vn -0.769 0.555 -0.3172
vn -0.769 0.5551 -0.3172
vn -0.7689 0.5551 -0.3172
vn -0.6609 0.5646 -0.4943
vn -0.661 0.5646 -0.4943
vn -0.7675 0.2852 -0.5741
vn -0.8001 0.0417 -0.5985
vn -0.8001 0.0417 -0.5984
vn -0.5922 0.7806 -0.2
vn -0.6847 0.7288 0.0069
vn -0.5184 0.8494 0.0989
vn -0.417 0.9047 -0.087
vn -0.3162 0.9187 -0.2365
vn -0.4871 0.7937 -0.3644
vn -0.4871 0.7936 -0.3644
vn -0.2865 0.9581 -0.0029
vn -0.3933 0.9039 0.168
vn -0.3118 0.9254 0.2156
vn -0.2015 0.978 0.0533
vn -0.1057 0.9912 -0.0791
vn -0.189 0.9717 -0.1414
vn -0.1498 0.9847 0.0891
vn -0.2626 0.9327 0.2473
vn -0.2351 0.9345 0.2674
vn -0.1204 0.9865 0.1107
vn -0.0245 0.9995 -0.0183
vn -0.0544 0.9977 -0.0407
vn -0.1061 0.9868 0.1221
vn -0.2221 0.9344 0.2786
vn -0.2115 0.9386 0.2727
vn -0.0998 0.9874 0.1225
vn -0.0053 1.0 -0.0039
vn -0.0096 0.9999 -0.0072
vn -0.9645 0.2149 0.1532
vn -0.9903 0.0342 0.1347
vn -0.8746 0.0218 0.4844
vn -0.8746 0.0218 0.4843
vn -0.8598 0.1305 0.4937
vn -0.8117 0.2597 0.5231
vn -0.882 0.4249 0.2039
vn -0.7481 0.6035 0.276
vn -0.748 0.6035 0.276
vn -0.748 0.6036 0.276
vn -0.7354 0.3705 0.5674
vn -0.7353 0.3705 0.5674
vn -0.6612 0.4388 0.6085
vn -0.6611 0.4388 0.6085
vn -0.6142 0.711 0.3424
vn -0.5121 0.7637 0.393
vn -0.6049 0.4736 0.6402
vn -0.5676 0.4883 0.6629
vn -0.4447 0.786 0.4294
vn -0.4041 0.7937 0.4547
vn -0.5448 0.4927 0.6785
vn -0.5322 0.4925 0.6886
vn -0.3817 0.7949 0.4716
vn -0.3817 0.795 0.4715
vn -0.3714 0.794 0.4813
vn -0.5263 0.4906 0.6944
vn -0.5263 0.4906 0.6945
vn -0.5264 0.4906 0.6944
vn -0.5073 0.5386 0.6727
vn -0.3545 0.811 0.4654
vn -0.6143 0.0081 0.7891
vn -0.6142 0.0081 0.7891
vn -0.6115 0.0011 0.7912
vn -0.6114 0.0011 0.7913
vn -0.2447 -0.0258 0.9693
vn -0.2446 -0.0258 0.9693
vn -0.267 -0.1324 0.9546
vn -0.2669 -0.1324 0.9546
vn -0.3104 -0.2521 0.9166
vn -0.3103 -0.2521 0.9166
vn -0.6119 0.0195 0.7907
vn -0.6118 0.0195 0.7908
vn -0.6035 0.0223 0.7971
vn -0.6035 0.0223 0.797
vn -0.362 -0.3599 0.8599
vn -0.4118 -0.4302 0.8033
vn -0.5984 0.0173 0.801
vn -0.5971 0.011 0.8021
vn -0.4518 -0.4672 0.76
vn -0.4806 -0.4835 0.7316
vn -0.5975 0.0064 0.8018
vn -0.5982 0.0035 0.8013
vn -0.5 -0.4892 0.7146
vn -0.512 -0.4902 0.7054
vn -0.5988 0.0019 0.8009
vn -0.5989 0.0019 0.8009
vn -0.5991 0.0009 0.8007
vn -0.5184 -0.4895 0.7011
vn -0.5355 -0.4414 0.72
vn -0.5977 0.0735 0.7983
vn -0.5978 0.0735 0.7983
vn 0.0918 -0.2581 0.9617
vn 0.1309 -0.0529 0.99
vn 0.44 -0.0744 0.8949
vn 0.3876 -0.3464 0.8543
vn 0.3876 -0.3464 0.8542
vn 0.2624 -0.6245 0.7356
vn 0.0058 -0.4803 0.8771
vn 0.0057 -0.4803 0.8771
vn -0.0987 -0.6481 0.7551
vn 0.1123 -0.8062 0.5809
vn -0.0067 -0.8876 0.4605
vn -0.189 -0.7363 0.6497
vn -0.255 -0.7748 0.5784
vn -0.0879 -0.9193 0.3836
vn -0.141 -0.9306 0.3377
vn -0.3002 -0.7896 0.5351
vn -0.3001 -0.7897 0.5351
vn -0.3298 -0.7941 0.5105
vn -0.1749 -0.9341 0.3114
vn -0.1749 -0.9341 0.3113
vn -0.1955 -0.9346 0.2971
vn -0.3483 -0.7945 0.4975
vn -0.3583 -0.7936 0.4917
vn -0.2066 -0.9343 0.2905
vn -0.2167 -0.9298 0.2975
vn -0.3745 -0.776 0.5075
vn 0.5901 -0.3923 0.7056
vn 0.6516 -0.087 0.7535
vn 0.6517 -0.087 0.7535
vn 0.7974 -0.0913 0.5965
vn 0.7316 -0.4066 0.5472
vn 0.5631 -0.711 0.4212
vn 0.4367 -0.6916 0.5754
vn 0.4367 -0.6915 0.5753
vn 0.2569 -0.8714 0.4179
vn 0.3669 -0.8888 0.2745
vn 0.2225 -0.9606 0.1664
vn 0.1216 -0.9458 0.3011
vn 0.0331 -0.9732 0.2274
vn 0.1302 -0.9867 0.0974
vn 0.0729 -0.9958 0.0545
vn -0.0229 -0.9829 0.1829
vn -0.0579 -0.986 0.1565
vn 0.0379 -0.9989 0.0284
vn 0.0174 -0.9998 0.013
vn -0.0788 -0.9868 0.1417
vn -0.0897 -0.9868 0.1345
vn 0.007 -1.0 0.0052
vn 0.0038 -1.0 0.0029
vn -0.0952 -0.9862 0.1353
vn 0.8435 -0.3923 0.3668
vn 0.9069 -0.087 0.4123
vn 0.9827 -0.0744 0.1693
vn 0.9828 -0.0744 0.1693
vn 0.9289 -0.3464 0.1306
vn 0.7797 -0.6246 0.0439
vn 0.7798 -0.6245 0.0439
vn 0.6753 -0.6915 0.2564
vn 0.4734 -0.8714 0.1285
vn 0.589 -0.8061 -0.0563
vn 0.4399 -0.8876 -0.1365
vn 0.3232 -0.9458 0.0316
vn 0.2275 -0.9732 -0.0324
vn 0.3432 -0.9193 -0.1927
vn 0.2842 -0.9306 -0.2306
vn 0.169 -0.9829 -0.0736
vn 0.1338 -0.986 -0.0998
vn 0.2493 -0.9341 -0.2557
vn 0.2493 -0.934 -0.2557
vn 0.2297 -0.9346 -0.2716
vn 0.2297 -0.9346 -0.2715
vn 0.1137 -0.9868 -0.1156
vn 0.1037 -0.9869 -0.124
vn 0.1037 -0.9868 -0.124
vn 0.2203 -0.9343 -0.2802
vn 0.2242 -0.9298 -0.2919
vn 0.1029 -0.9862 -0.1296
vn 0.9485 -0.2581 -0.1835
vn 0.9866 -0.0529 -0.1541
vn 0.8607 -0.0258 -0.5084
vn 0.8403 -0.1324 -0.5257
vn 0.7916 -0.2521 -0.5566
vn 0.843 -0.4803 -0.2421
vn 0.6965 -0.6481 -0.308
vn 0.7227 -0.3599 -0.5901
vn 0.7226 -0.3599 -0.5901
vn 0.6543 -0.4302 -0.6219
vn 0.5699 -0.7363 -0.3648
vn 0.4828 -0.7748 -0.408
vn 0.4829 -0.7748 -0.408
vn 0.4828 -0.7749 -0.408
vn 0.6014 -0.4672 -0.6481
vn 0.566 -0.4835 -0.6677
vn 0.4285 -0.7896 -0.4391
vn 0.4285 -0.7897 -0.4391
vn 0.3965 -0.7941 -0.4606
vn 0.5443 -0.4892 -0.6815
vn 0.5444 -0.4892 -0.6814
vn 0.5443 -0.4892 -0.6814
vn 0.532 -0.4902 -0.6904
vn 0.3788 -0.7945 -0.4746
vn 0.3705 -0.7936 -0.4826
vn 0.5262 -0.4895 -0.6953
vn 0.5394 -0.4414 -0.7171
vn 0.381 -0.7761 -0.5025
vn 0.5835 0.0081 -0.8121
vn 0.5834 0.0081 -0.8121
vn 0.5864 0.0011 -0.8101
vn 0.5863 0.0011 -0.8101
vn 0.2176 0.0218 -0.9758
vn 0.2175 0.0218 -0.9758
vn 0.2309 0.1305 -0.9642
vn 0.2308 0.1305 -0.9642
vn 0.2726 0.2597 -0.9264
vn 0.5857 0.0195 -0.8103
vn 0.5941 0.0223 -0.8041
vn 0.5941 0.0223 -0.804
vn 0.3366 0.3705 -0.8657
vn 0.397 0.4388 -0.8061
vn 0.5993 0.0173 -0.8003
vn 0.6007 0.011 -0.7994
vn 0.6008 0.011 -0.7994
vn 0.6008 0.011 -0.7993
vn 0.4433 0.4736 -0.7611
vn 0.4755 0.4883 -0.7317
vn 0.4755 0.4884 -0.7317
vn 0.6004 0.0064 -0.7996
vn 0.6005 0.0064 -0.7996
vn 0.5997 0.0035 -0.8002
vn 0.4969 0.4927 -0.7143
vn 0.4969 0.4927 -0.7144
vn 0.5102 0.4925 -0.7051
vn 0.5991 0.0019 -0.8007
vn 0.5988 0.0009 -0.8009
vn 0.5175 0.4907 -0.7011
vn 0.5175 0.4907 -0.701
vn 0.5174 0.4906 -0.7011
vn 0.5175 0.4906 -0.7011
vn 0.502 0.5387 -0.6766
vn 0.502 0.5386 -0.6767
vn 0.597 0.0735 -0.7989
vn -0.1255 0.2149 -0.9685
vn -0.1504 0.0342 -0.988
vn -0.4508 0.0398 -0.8917
vn -0.4199 0.2616 -0.869
vn -0.42 0.2616 -0.869
vn -0.3277 0.5167 -0.7909
vn -0.3277 0.5168 -0.7909
vn -0.3277 0.5167 -0.791
vn -0.0535 0.4249 -0.9036
vn -0.0534 0.4249 -0.9037
vn 0.0535 0.6035 -0.7955
vn 0.0535 0.6035 -0.7956
vn -0.1867 0.7288 -0.6588
vn -0.0515 0.8494 -0.5252
vn 0.155 0.7111 -0.6858
vn 0.2324 0.7637 -0.6022
vn 0.2324 0.7637 -0.6023
vn 0.0501 0.9039 -0.4248
vn 0.1187 0.9254 -0.36
vn 0.2863 0.786 -0.5479
vn 0.3221 0.7937 -0.5161
vn 0.1631 0.9327 -0.3217
vn 0.1901 0.9344 -0.3011
vn 0.1901 0.9345 -0.3011
vn 0.3445 0.795 -0.4993
vn 0.3445 0.7949 -0.4993
vn 0.3568 0.794 -0.4922
vn 0.2045 0.9344 -0.2918
vn 0.2018 0.9386 -0.2799
vn 0.3463 0.811 -0.4715
vn -0.624 0.2806 -0.7293
vn -0.6566 0.0415 -0.7531
vn -0.6567 0.0415 -0.753
vn -0.5215 0.555 -0.648
vn -0.5216 0.555 -0.648
vn -0.3591 0.7806 -0.5116
vn -0.3592 0.7805 -0.5116
vn -0.2013 0.9047 -0.3755
vn -0.0837 0.9581 -0.274
vn -0.0058 0.978 -0.2084
vn 0.0432 0.9847 -0.1689
vn 0.0722 0.9865 -0.1468
vn 0.0872 0.9868 -0.1363
vn 0.0894 0.9874 -0.1303
vn -0.4775 -0.8649 -0.1545
vn -0.4606 -0.8741 -0.1545
vn -0.5511 -0.8344 -0.0027
vn -0.5758 -0.8174 0.0151
vn -0.6152 -0.7883 -0.006
vn -0.5171 -0.8368 -0.1797
vn -0.4226 -0.8494 -0.3161
vn -0.3847 -0.877 -0.2877
vn -0.3847 -0.8771 -0.2877
vn -0.3732 -0.8847 -0.2792
vn -0.5745 -0.7897 -0.2151
vn -0.672 -0.7397 -0.0339
vn -0.7333 -0.6774 -0.0582
vn -0.6371 -0.7289 -0.2506
vn -0.6372 -0.7288 -0.2506
vn -0.6372 -0.7289 -0.2506
vn -0.6371 -0.7288 -0.2506
vn -0.5362 -0.7427 -0.4011
vn -0.4773 -0.8029 -0.357
vn -0.7024 -0.6514 -0.2869
vn -0.7955 -0.6004 -0.0817
vn -0.8547 -0.5081 -0.1062
vn -0.7663 -0.555 -0.3237
vn -0.7662 -0.555 -0.3237
vn -0.7662 -0.5551 -0.3237
vn -0.659 -0.568 -0.4929
vn -0.659 -0.568 -0.493
vn -0.5978 -0.6654 -0.4471
vn -0.8238 -0.4386 -0.3591
vn -0.907 -0.4 -0.1317
vn -0.907 -0.4001 -0.1317
vn -0.9481 -0.277 -0.1562
vn -0.8694 -0.3037 -0.3897
vn -0.761 -0.311 -0.5693
vn -0.761 -0.311 -0.5694
vn -0.7154 -0.4494 -0.5351
vn -0.7153 -0.4494 -0.5351
vn -0.8994 -0.1482 -0.4113
vn -0.9752 -0.1351 -0.1753
vn -0.7915 -0.1518 -0.592
vn -0.6745 -0.6932 0.2539
vn -0.6463 -0.7344 0.2073
vn -0.6462 -0.7345 0.2073
vn -0.7085 -0.5209 0.4761
vn -0.7167 -0.4281 0.5505
vn -0.7372 -0.4075 0.5389
vn -0.7087 -0.6642 0.2379
vn -0.7565 -0.6162 0.219
vn -0.7632 -0.3724 0.5281
vn -0.7868 -0.3288 0.5223
vn -0.8055 -0.5553 0.2069
vn -0.8525 -0.4842 0.1968
vn -0.8078 -0.281 0.5182
vn -0.8266 -0.231 0.5132
vn -0.8957 -0.4043 0.1852
vn -0.9333 -0.3159 0.1706
vn -0.8437 -0.179 0.5061
vn -0.8586 -0.1238 0.4974
vn -0.9636 -0.2186 0.1541
vn -0.9845 -0.1066 0.1393
vn -0.8706 -0.0604 0.4883
vn -0.6003 -0.0008 0.7998
vn -0.6003 -0.0008 0.7997
vn -0.6484 -0.1283 0.7504
vn -0.3907 0.3495 0.8516
vn -0.3194 0.4247 0.8471
vn -0.3054 0.3966 0.8657
vn -0.6029 -0.0041 0.7978
vn -0.6021 -0.0046 0.7984
vn -0.2858 0.3567 0.8894
vn -0.2752 0.3093 0.9103
vn -0.6023 -0.0055 0.7982
vn -0.6024 -0.0055 0.7982
vn -0.603 -0.0057 0.7977
vn -0.6031 -0.0057 0.7977
vn -0.2691 0.2603 0.9273
vn -0.2636 0.2122 0.941
vn -0.6039 -0.0052 0.797
vn -0.6049 -0.0042 0.7963
vn -0.605 -0.0042 0.7963
vn -0.2568 0.1646 0.9523
vn -0.2569 0.1646 0.9523
vn -0.2484 0.1156 0.9617
vn -0.2485 0.1156 0.9617
vn -0.6059 -0.0028 0.7955
vn -0.6081 -0.0015 0.7938
vn -0.6082 -0.0015 0.7938
vn -0.6081 -0.0015 0.7939
vn -0.2419 0.056 0.9687
vn -0.242 0.056 0.9687
vn -0.0281 0.6828 0.73
vn -0.0779 0.6658 0.742
vn 0.1552 0.8031 0.5752
vn 0.1863 0.7968 0.5748
vn 0.2289 0.7528 0.6171
vn 0.0017 0.6431 0.7658
vn 0.0017 0.6431 0.7657
vn 0.0376 0.5832 0.8114
vn 0.2801 0.6858 0.6717
vn 0.3185 0.6103 0.7253
vn 0.0601 0.5138 0.8558
vn 0.0752 0.4399 0.8949
vn 0.3483 0.5291 0.7738
vn 0.3734 0.4436 0.8147
vn 0.0881 0.3641 0.9272
vn 0.1021 0.2864 0.9527
vn 0.1022 0.2864 0.9526
vn 0.3967 0.3529 0.8474
vn 0.4191 0.2538 0.8717
vn 0.1179 0.2036 0.9719
vn 0.1318 0.0988 0.9863
vn 0.4386 0.1233 0.8902
vn 0.3264 0.8367 0.4398
vn 0.3048 0.8494 0.4308
vn 0.427 0.8459 0.3194
vn 0.4813 0.7992 0.36
vn 0.3767 0.7906 0.4827
vn 0.4384 0.7205 0.5372
vn 0.5489 0.7281 0.4106
vn 0.6082 0.6505 0.4549
vn 0.4894 0.6434 0.5887
vn 0.5318 0.5607 0.6346
vn 0.6592 0.5676 0.4931
vn 0.6592 0.5677 0.4931
vn 0.7026 0.4796 0.5256
vn 0.5676 0.473 0.6738
vn 0.5987 0.3788 0.7057
vn 0.7391 0.3849 0.5528
vn 0.7688 0.2796 0.5751
vn 0.6256 0.2745 0.7303
vn 0.6485 0.1334 0.7494
vn 0.7933 0.1358 0.5934
vn 0.5141 0.8367 0.1889
vn 0.5141 0.8366 0.1889
vn 0.4993 0.8494 0.1708
vn 0.5957 0.8031 -0.0136
vn 0.604 0.7968 0.0164
vn 0.6567 0.7528 0.0452
vn 0.5694 0.7906 0.225
vn 0.5694 0.7907 0.225
vn 0.6392 0.7205 0.2688
vn 0.7235 0.6858 0.0789
vn 0.7858 0.6103 0.1006
vn 0.7029 0.6434 0.3032
vn 0.759 0.5607 0.3309
vn 0.8406 0.5291 0.1155
vn 0.887 0.4436 0.1281
vn 0.8067 0.473 0.3542
vn 0.8461 0.3788 0.375
vn 0.9249 0.3529 0.1412
vn 0.9546 0.2538 0.1558
vn 0.8772 0.2745 0.3938
vn 0.9021 0.1334 0.4104
vn 0.9778 0.1233 0.1693
vn 0.6924 0.6829 -0.2331
vn 0.6898 0.6658 -0.2842
vn 0.7066 0.3495 -0.6153
vn 0.7224 0.4247 -0.5457
vn 0.7442 0.3966 -0.5375
vn 0.7351 0.6431 -0.2146
vn 0.735 0.6432 -0.2146
vn 0.735 0.6431 -0.2146
vn 0.789 0.5832 -0.1931
vn 0.7725 0.3567 -0.5253
vn 0.7955 0.3093 -0.5211
vn 0.7954 0.3093 -0.5211
vn 0.7954 0.3093 -0.5212
vn 0.8379 0.5138 -0.184
vn 0.8797 0.4399 -0.1805
vn 0.8135 0.2603 -0.52
vn 0.8282 0.2122 -0.5187
vn 0.9143 0.3641 -0.1773
vn 0.9427 0.2864 -0.1711
vn 0.841 0.1646 -0.5154
vn 0.8524 0.1156 -0.5099
vn 0.8524 0.1156 -0.51
vn 0.9657 0.2036 -0.1614
vn 0.9834 0.0988 -0.1521
vn 0.8609 0.056 -0.5056
vn 0.8609 0.056 -0.5057
vn 0.5976 -0.0008 -0.8018
vn 0.5366 -0.1283 -0.834
vn 0.2566 -0.521 -0.8141
vn 0.3256 -0.4281 -0.843
vn 0.3088 -0.4075 -0.8594
vn 0.3087 -0.4075 -0.8594
vn 0.5951 -0.0041 -0.8037
vn 0.595 -0.0041 -0.8037
vn 0.5958 -0.0046 -0.8031
vn 0.2909 -0.3724 -0.8813
vn 0.291 -0.3724 -0.8813
vn 0.2788 -0.3288 -0.9023
vn 0.5956 -0.0055 -0.8032
vn 0.5956 -0.0055 -0.8033
vn 0.5957 -0.0055 -0.8032
vn 0.595 -0.0057 -0.8037
vn 0.5949 -0.0057 -0.8038
vn 0.2689 -0.281 -0.9212
vn 0.2689 -0.281 -0.9213
vn 0.2588 -0.231 -0.9379
vn 0.594 -0.0052 -0.8044
vn 0.5941 -0.0052 -0.8044
vn 0.593 -0.0042 -0.8052
vn 0.5929 -0.0042 -0.8052
vn 0.5931 -0.0042 -0.8051
vn 0.2472 -0.179 -0.9523
vn 0.2473 -0.179 -0.9523
vn 0.2346 -0.1238 -0.9642
vn 0.2345 -0.1238 -0.9642
vn 0.5919 -0.0028 -0.806
vn 0.592 -0.0028 -0.806
vn 0.5898 -0.0015 -0.8076
vn 0.5897 -0.0015 -0.8076
vn 0.2226 -0.0604 -0.973
vn 0.2225 -0.0604 -0.9731
vn 0.0531 -0.6932 -0.7188
vn 0.0163 -0.7344 -0.6785
vn -0.1583 -0.8344 -0.5279
vn -0.1481 -0.8174 -0.5566
vn -0.1481 -0.8175 -0.5566
vn -0.1481 -0.8174 -0.5567
vn -0.1795 -0.7883 -0.5885
vn 0.028 -0.6642 -0.747
vn -0.0036 -0.6162 -0.7876
vn -0.2224 -0.7397 -0.6351
vn -0.263 -0.6774 -0.687
vn -0.029 -0.5553 -0.8311
vn -0.052 -0.4842 -0.8734
vn -0.303 -0.6004 -0.74
vn -0.303 -0.6004 -0.7401
vn -0.3433 -0.5081 -0.7899
vn -0.0753 -0.4043 -0.9115
vn -0.0999 -0.3159 -0.9435
vn -0.0998 -0.3159 -0.9435
vn -0.3825 -0.4 -0.8329
vn -0.3825 -0.4 -0.8328
vn -0.3826 -0.4 -0.8328
vn -0.4176 -0.277 -0.8654
vn -0.4177 -0.277 -0.8654
vn -0.1243 -0.2186 -0.9679
vn -0.1444 -0.1066 -0.9838
vn -0.4436 -0.1351 -0.886
vn -0.2831 -0.8649 -0.4144
vn -0.2783 -0.8741 -0.3981
vn -0.3185 -0.8368 -0.4453
vn -0.3686 -0.7897 -0.4903
vn -0.4204 -0.7288 -0.5404
vn -0.4736 -0.6514 -0.5927
vn -0.527 -0.555 -0.6436
vn -0.5772 -0.4386 -0.6888
vn -0.6194 -0.3037 -0.724
vn -0.6486 -0.1482 -0.7466
vn -0.6486 -0.1482 -0.7465
vn 0.6063 -0.5313 -0.5917
vn 0.6582 -0.3928 -0.6422
vn 0.75 -0.3934 -0.5317
vn 0.6908 -0.5318 -0.4899
vn 0.5101 -0.7803 -0.3618
vn 0.4478 -0.78 -0.4371
vn 0.375 -0.7798 -0.5013
vn 0.5075 -0.5311 -0.6785
vn 0.2752 -0.9231 -0.2687
vn 0.3134 -0.9232 -0.2224
vn 0.1885 -0.9729 -0.1338
vn 0.1656 -0.9729 -0.1616
vn 0.1387 -0.9728 -0.1854
vn 0.2305 -0.923 -0.3082
vn 0.1017 -0.9899 -0.0992
vn 0.1157 -0.9899 -0.0821
vn 0.0715 -0.9961 -0.0508
vn 0.0628 -0.9961 -0.0613
vn 0.0526 -0.9961 -0.0703
vn 0.0851 -0.9899 -0.1138
vn 0.0851 -0.9898 -0.1138
vn 0.0386 -0.9985 -0.0377
vn 0.0441 -0.9985 -0.0313
vn 0.025 -0.9995 -0.0178
vn 0.0229 -0.9995 -0.0223
vn 0.0184 -0.9995 -0.0246
vn 0.0324 -0.9985 -0.0434
vn 0.0129 -0.9998 -0.0125
vn 0.0111 -0.9999 -0.0079
vn 0.0 -1.0 -0.0
vn 0.0082 -0.9999 -0.011
vn 0.73 -0.5756 -0.3684
vn 0.7776 -0.4857 -0.3992
vn 0.8262 -0.5132 -0.2324
vn 0.5964 -0.7811 -0.1848
vn 0.5603 -0.7808 -0.2764
vn 0.3442 -0.9234 -0.1698
vn 0.3663 -0.9236 -0.1135
vn 0.2203 -0.973 -0.0682
vn 0.207 -0.973 -0.1021
vn 0.127 -0.9899 -0.0627
vn 0.1352 -0.9899 -0.0419
vn 0.0836 -0.9962 -0.0259
vn 0.0785 -0.9962 -0.0387
vn 0.0483 -0.9985 -0.0238
vn 0.0483 -0.9986 -0.0238
vn 0.0515 -0.9985 -0.016
vn 0.0291 -0.9995 -0.009
vn 0.0286 -0.9995 -0.0141
vn 0.0161 -0.9998 -0.0079
vn 0.0129 -0.9999 -0.004
vn 0.8547 -0.5042 -0.1232
vn 0.8582 -0.5132 -0.0104
vn 0.6243 -0.7811 0.0088
vn 0.6179 -0.7812 -0.0891
vn 0.3794 -0.9236 -0.0547
vn 0.3834 -0.9236 0.0054
vn 0.2306 -0.973 0.0033
vn 0.2282 -0.9731 -0.0329
vn 0.14 -0.9899 -0.0202
vn 0.1415 -0.9899 0.002
vn 0.0875 -0.9962 0.0012
vn 0.0866 -0.9962 -0.0125
vn 0.0532 -0.9986 -0.0077
vn 0.0539 -0.9985 0.0008
vn 0.0305 -0.9995 0.0004
vn 0.0316 -0.9995 -0.0045
vn 0.0178 -0.9998 -0.0026
vn 0.0135 -0.9999 0.0002
vn 0.8043 -0.5756 0.1473
vn 0.8587 -0.4857 0.1632
vn 0.8697 -0.3933 0.2982
vn 0.801 -0.5317 0.2749
vn 0.8011 -0.5317 0.2749
vn 0.5915 -0.7803 0.203
vn 0.6156 -0.7808 0.1069
vn 0.3781 -0.9234 0.0657
vn 0.3634 -0.9232 0.1248
vn 0.2186 -0.9729 0.0751
vn 0.2274 -0.973 0.0395
vn 0.1396 -0.9899 0.0242
vn 0.1342 -0.9899 0.0461
vn 0.0829 -0.9961 0.0285
vn 0.0829 -0.9962 0.0285
vn 0.0863 -0.9962 0.015
vn 0.053 -0.9986 0.0092
vn 0.0511 -0.9985 0.0175
vn 0.029 -0.9995 0.01
vn 0.0314 -0.9995 0.0054
vn 0.0177 -0.9998 0.0031
vn 0.0129 -0.9999 0.0044
vn 0.7487 -0.5313 0.3963
vn 0.8128 -0.3928 0.4301
vn 0.6785 -0.5311 0.5075
vn 0.5013 -0.7798 0.375
vn 0.553 -0.78 0.2928
vn 0.3399 -0.9231 0.18
vn 0.3082 -0.923 0.2305
vn 0.1854 -0.9728 0.1387
vn 0.2045 -0.9729 0.1083
vn 0.1255 -0.9899 0.0665
vn 0.1138 -0.9899 0.0851
vn 0.1138 -0.9898 0.0851
vn 0.0703 -0.9961 0.0526
vn 0.0776 -0.9961 0.0411
vn 0.0477 -0.9985 0.0252
vn 0.0434 -0.9985 0.0324
vn 0.0246 -0.9995 0.0184
vn 0.0282 -0.9995 0.0149
vn 0.0159 -0.9998 0.0084
vn 0.011 -0.9999 0.0082
vn -0.5917 -0.5313 -0.6063
vn -0.6422 -0.3928 -0.6582
vn -0.5317 -0.3933 -0.7501
vn -0.5317 -0.3933 -0.75
vn -0.4899 -0.5317 -0.6908
vn -0.3618 -0.7803 -0.51
vn -0.3618 -0.7804 -0.51
vn -0.4371 -0.78 -0.4478
vn -0.5013 -0.7798 -0.375
vn -0.6785 -0.5311 -0.5075
vn -0.2687 -0.9231 -0.2752
vn -0.2224 -0.9232 -0.3134
vn -0.1338 -0.9729 -0.1885
vn -0.1616 -0.9729 -0.1656
vn -0.1854 -0.9728 -0.1387
vn -0.3082 -0.923 -0.2305
vn -0.0992 -0.9899 -0.1017
vn -0.0821 -0.9899 -0.1157
vn -0.0508 -0.9961 -0.0715
vn -0.0613 -0.9961 -0.0628
vn -0.0703 -0.9961 -0.0526
vn -0.1138 -0.9899 -0.0851
vn -0.0377 -0.9985 -0.0386
vn -0.0313 -0.9985 -0.0441
vn -0.0178 -0.9995 -0.025
vn -0.0223 -0.9995 -0.0229
vn -0.0246 -0.9995 -0.0184
vn -0.0434 -0.9985 -0.0324
vn -0.0125 -0.9998 -0.0129
vn -0.0079 -0.9999 -0.0111
vn -0.011 -0.9999 -0.0082
vn -0.3684 -0.5756 -0.73
vn -0.3992 -0.4857 -0.7777
vn -0.2324 -0.5132 -0.8262
vn -0.1848 -0.7811 -0.5964
vn -0.2764 -0.7808 -0.5603
vn -0.1698 -0.9234 -0.3442
vn -0.1135 -0.9236 -0.3663
vn -0.0682 -0.973 -0.2203
vn -0.1021 -0.973 -0.207
vn -0.0627 -0.9899 -0.127
vn -0.0419 -0.9899 -0.1352
vn -0.0259 -0.9962 -0.0836
vn -0.0387 -0.9962 -0.0785
vn -0.0238 -0.9985 -0.0483
vn -0.016 -0.9985 -0.0515
vn -0.009 -0.9995 -0.0291
vn -0.0141 -0.9995 -0.0286
vn -0.0079 -0.9998 -0.0161
vn -0.004 -0.9999 -0.0129
vn -0.1232 -0.5042 -0.8547
vn -0.1232 -0.5042 -0.8548
vn -0.0104 -0.5132 -0.8582
vn 0.0088 -0.7811 -0.6243
vn -0.0891 -0.7812 -0.6179
vn -0.0547 -0.9236 -0.3794
vn 0.0054 -0.9236 -0.3834
vn 0.0033 -0.973 -0.2306
vn -0.0329 -0.9731 -0.2282
vn -0.0202 -0.9899 -0.14
vn 0.002 -0.9899 -0.1415
vn 0.0012 -0.9962 -0.0875
vn -0.0125 -0.9962 -0.0866
vn -0.0077 -0.9986 -0.0532
vn 0.0008 -0.9985 -0.0539
vn 0.0004 -0.9995 -0.0305
vn -0.0045 -0.9995 -0.0315
vn -0.0026 -0.9998 -0.0178
vn 0.0002 -0.9999 -0.0135
vn 0.1473 -0.5756 -0.8043
vn 0.1632 -0.4857 -0.8587
vn 0.2982 -0.3934 -0.8697
vn 0.2749 -0.5317 -0.8011
vn 0.2749 -0.5318 -0.801
vn 0.203 -0.7803 -0.5915
vn 0.1069 -0.7808 -0.6156
vn 0.0657 -0.9234 -0.3781
vn 0.1248 -0.9232 -0.3634
vn 0.0751 -0.9729 -0.2186
vn 0.0395 -0.973 -0.2274
vn 0.0242 -0.9899 -0.1396
vn 0.0461 -0.9899 -0.1342
vn 0.0285 -0.9961 -0.0829
vn 0.0285 -0.9962 -0.0829
vn 0.015 -0.9962 -0.0863
vn 0.0092 -0.9986 -0.053
vn 0.0175 -0.9985 -0.0511
vn 0.01 -0.9995 -0.029
vn 0.0054 -0.9995 -0.0314
vn 0.0031 -0.9998 -0.0177
vn 0.0044 -0.9999 -0.0129
vn 0.3963 -0.5313 -0.7487
vn 0.3963 -0.5313 -0.7488
vn 0.4302 -0.3928 -0.8128
vn 0.2928 -0.78 -0.553
vn 0.18 -0.9231 -0.3399
vn 0.1083 -0.9728 -0.2045
vn 0.1083 -0.9729 -0.2045
vn 0.0665 -0.9899 -0.1255
vn 0.0411 -0.9961 -0.0776
vn 0.0252 -0.9985 -0.0477
vn 0.0149 -0.9995 -0.0282
vn 0.0084 -0.9998 -0.0159
vn -0.6063 -0.5313 0.5917
vn -0.6582 -0.3928 0.6422
vn -0.75 -0.3934 0.5317
vn -0.6908 -0.5317 0.4899
vn -0.5101 -0.7803 0.3618
vn -0.4478 -0.78 0.4371
vn -0.375 -0.7798 0.5013
vn -0.5075 -0.5311 0.6785
vn -0.2752 -0.9231 0.2687
vn -0.3134 -0.9232 0.2224
vn -0.1885 -0.9729 0.1338
vn -0.1656 -0.9729 0.1616
vn -0.1387 -0.9728 0.1854
vn -0.2305 -0.923 0.3082
vn -0.1017 -0.9899 0.0992
vn -0.1157 -0.9899 0.0821
vn -0.0715 -0.9961 0.0508
vn -0.0628 -0.9961 0.0613
vn -0.0526 -0.9961 0.0703
vn -0.0851 -0.9899 0.1138
vn -0.0386 -0.9985 0.0377
vn -0.0441 -0.9985 0.0313
vn -0.025 -0.9995 0.0178
vn -0.0229 -0.9995 0.0223
vn -0.0184 -0.9995 0.0246
vn -0.0324 -0.9985 0.0434
vn -0.0129 -0.9998 0.0125
vn -0.0111 -0.9999 0.0079
vn -0.0082 -0.9999 0.011
vn -0.73 -0.5756 0.3684
vn -0.7777 -0.4857 0.3992
vn -0.8262 -0.5132 0.2324
vn -0.5964 -0.7811 0.1848
vn -0.5603 -0.7808 0.2764
vn -0.3442 -0.9234 0.1698
vn -0.3663 -0.9236 0.1135
vn -0.2203 -0.973 0.0682
vn -0.207 -0.973 0.1021
vn -0.127 -0.9899 0.0627
vn -0.1352 -0.9899 0.0419
vn -0.0836 -0.9962 0.0259
vn -0.0785 -0.9962 0.0387
vn -0.0483 -0.9985 0.0238
vn -0.0515 -0.9985 0.016
vn -0.0291 -0.9995 0.009
vn -0.0286 -0.9995 0.0141
vn -0.0161 -0.9998 0.0079
vn -0.0129 -0.9999 0.004
vn -0.8547 -0.5042 0.1232
vn -0.8582 -0.5132 0.0104
vn -0.6243 -0.7811 -0.0088
vn -0.6179 -0.7812 0.0891
vn -0.3794 -0.9236 0.0547
vn -0.3834 -0.9236 -0.0054
vn -0.2306 -0.973 -0.0033
vn -0.2282 -0.9731 0.0329
vn -0.14 -0.9899 0.0202
vn -0.1415 -0.9899 -0.002
vn -0.0875 -0.9962 -0.0012
vn -0.0866 -0.9962 0.0125
vn -0.0532 -0.9986 0.0077
vn -0.0539 -0.9985 -0.0008
vn -0.0305 -0.9995 -0.0004
vn -0.0316 -0.9995 0.0045
vn -0.0178 -0.9998 0.0026
vn -0.0135 -0.9999 -0.0002
vn -0.8043 -0.5756 -0.1473
vn -0.8587 -0.4857 -0.1632
vn -0.8697 -0.3933 -0.2982
vn -0.801 -0.5318 -0.2749
vn -0.801 -0.5317 -0.2749
vn -0.5915 -0.7803 -0.203
vn -0.6156 -0.7808 -0.1069
vn -0.3781 -0.9234 -0.0657
vn -0.3634 -0.9232 -0.1248
vn -0.2186 -0.9729 -0.0751
vn -0.2274 -0.973 -0.0395
vn -0.1396 -0.9899 -0.0242
vn -0.1342 -0.9899 -0.0461
vn -0.0829 -0.9961 -0.0285
vn -0.0829 -0.9962 -0.0285
vn -0.0863 -0.9962 -0.015
vn -0.053 -0.9986 -0.0092
vn -0.0511 -0.9985 -0.0175
vn -0.029 -0.9995 -0.01
vn -0.0314 -0.9995 -0.0054
vn -0.0177 -0.9998 -0.0031
vn -0.0129 -0.9999 -0.0044
vn -0.7488 -0.5313 -0.3963
vn -0.7487 -0.5313 -0.3963
vn -0.8128 -0.3928 -0.4302
vn -0.553 -0.78 -0.2928
vn -0.3399 -0.9231 -0.18
vn -0.2045 -0.9729 -0.1083
vn -0.1255 -0.9899 -0.0665
vn -0.0776 -0.9961 -0.0411
vn -0.0477 -0.9985 -0.0252
vn -0.0282 -0.9995 -0.0149
vn -0.0159 -0.9998 -0.0084
vn 0.5917 -0.5313 0.6063
vn 0.6422 -0.3928 0.6582
vn 0.5317 -0.3934 0.75
vn 0.4899 -0.5317 0.6908
vn 0.3618 -0.7803 0.5101
vn 0.4371 -0.78 0.4478
vn 0.2687 -0.9231 0.2752
vn 0.2224 -0.9232 0.3134
vn 0.1338 -0.9729 0.1885
vn 0.1616 -0.9729 0.1656
vn 0.0992 -0.9899 0.1017
vn 0.0821 -0.9899 0.1157
vn 0.0508 -0.9961 0.0715
vn 0.0613 -0.9961 0.0628
vn 0.0377 -0.9985 0.0386
vn 0.0313 -0.9985 0.0441
vn 0.0178 -0.9995 0.025
vn 0.0223 -0.9995 0.0229
vn 0.0125 -0.9998 0.0129
vn 0.0079 -0.9999 0.0111
vn 0.3684 -0.5756 0.73
vn 0.3992 -0.4857 0.7777
vn 0.2324 -0.5132 0.8262
vn 0.1848 -0.7811 0.5964
vn 0.2764 -0.7808 0.5603
vn 0.1698 -0.9234 0.3442
vn 0.1135 -0.9235 0.3663
vn 0.1135 -0.9236 0.3663
vn 0.0682 -0.973 0.2203
vn 0.1021 -0.973 0.207
vn 0.0627 -0.9899 0.127
vn 0.0419 -0.9899 0.1352
vn 0.0259 -0.9962 0.0836
vn 0.0387 -0.9962 0.0785
vn 0.0238 -0.9985 0.0483
vn 0.016 -0.9985 0.0515
vn 0.009 -0.9995 0.0291
vn 0.0141 -0.9995 0.0286
vn 0.0079 -0.9998 0.0161
vn 0.004 -0.9999 0.0129
vn 0.1232 -0.5042 0.8547
vn 0.0104 -0.5132 0.8582
vn -0.0088 -0.7811 0.6243
vn 0.0891 -0.7812 0.6179
vn 0.0547 -0.9236 0.3794
vn -0.0054 -0.9236 0.3834
vn -0.0033 -0.973 0.2306
vn 0.0329 -0.9731 0.2282
vn 0.0202 -0.9899 0.14
vn -0.002 -0.9899 0.1415
vn -0.0012 -0.9962 0.0875
vn 0.0125 -0.9962 0.0866
vn 0.0077 -0.9986 0.0532
vn -0.0008 -0.9985 0.0539
vn -0.0004 -0.9995 0.0305
vn 0.0045 -0.9995 0.0315
vn 0.0026 -0.9998 0.0178
vn -0.0002 -0.9999 0.0135
vn -0.1473 -0.5756 0.8043
vn -0.1632 -0.4857 0.8587
vn -0.2982 -0.3934 0.8697
vn -0.2749 -0.5317 0.8011
vn -0.2749 -0.5317 0.801
vn -0.203 -0.7803 0.5915
vn -0.1069 -0.7808 0.6156
vn -0.0657 -0.9234 0.3781
vn -0.1248 -0.9232 0.3634
vn -0.0751 -0.9729 0.2186
vn -0.0395 -0.973 0.2274
vn -0.0242 -0.9899 0.1396
vn -0.0461 -0.9899 0.1342
vn -0.0285 -0.9961 0.0829
vn -0.0285 -0.9962 0.0829
vn -0.015 -0.9962 0.0863
vn -0.0092 -0.9986 0.053
vn -0.0175 -0.9985 0.0511
vn -0.01 -0.9995 0.029
vn -0.0054 -0.9995 0.0314
vn -0.0031 -0.9998 0.0177
vn -0.0044 -0.9999 0.0129
vn -0.0044 -0.9999 0.0128
vn -0.3963 -0.5313 0.7487
vn -0.3963 -0.5313 0.7488
vn -0.4302 -0.3928 0.8128
vn -0.2928 -0.78 0.553
vn -0.18 -0.9231 0.3399
vn -0.1083 -0.9729 0.2045
vn -0.0665 -0.9899 0.1255
vn -0.0411 -0.9961 0.0776
vn -0.0252 -0.9985 0.0477
vn -0.0149 -0.9995 0.0282
vn -0.0084 -0.9998 0.0159
vn 0.3511 -0.7026 0.619
vn 0.2854 -0.7689 0.5721
vn 0.0552 -0.6347 0.7708
vn 0.1161 -0.5772 0.8083
vn 0.2208 -0.4548 0.8628
vn 0.4585 -0.5641 0.6867
vn 0.642 -0.5976 0.4802
vn 0.642 -0.5976 0.4803
vn 0.538 -0.7407 0.4024
vn 0.4708 -0.8089 0.3522
vn 0.5609 -0.3977 0.7261
vn 0.5609 -0.3977 0.726
vn 0.3415 -0.316 0.8852
vn 0.3415 -0.316 0.8851
vn 0.4245 -0.2575 0.868
vn 0.6137 -0.319 0.7222
vn 0.7538 -0.3375 0.5638
vn 0.7257 -0.4227 0.5428
vn 0.6233 -0.3382 0.705
vn 0.454 -0.285 0.8442
vn 0.4193 -0.3939 0.8179
vn 0.5846 -0.4493 0.6755
vn 0.7088 -0.4654 0.5301
vn 0.7489 -0.354 0.5602
vn 0.4806 -0.6242 0.6159
vn 0.3091 -0.5577 0.7703
vn 0.1348 -0.716 0.6849
vn 0.3124 -0.7986 0.5144
vn 0.456 -0.8221 0.341
vn 0.4559 -0.8221 0.341
vn 0.6131 -0.6432 0.4586
vn 0.1722 -0.8879 0.4266
vn 0.1722 -0.8879 0.4267
vn -0.0078 -0.7929 0.6092
vn -0.0078 -0.793 0.6092
vn -0.04 -0.8144 0.579
vn 0.1347 -0.9076 0.3977
vn 0.2847 -0.9347 0.2129
vn 0.3232 -0.9149 0.2417
vn -0.1559 -0.3585 0.9204
vn -0.207 -0.396 0.8946
vn -0.4307 -0.1219 0.8942
vn -0.3983 -0.1075 0.9109
vn -0.3394 -0.0498 0.9393
vn -0.0665 -0.2667 0.9615
vn 0.0569 -0.1744 0.983
vn -0.2458 -0.0007 0.9693
vn -0.1506 0.0075 0.9886
vn 0.1623 -0.1451 0.976
vn 0.2128 -0.1813 0.9601
vn -0.0919 -0.0271 0.9954
vn -0.0998 -0.1032 0.9896
vn 0.1875 -0.2803 0.9414
vn 0.0811 -0.4185 0.9046
vn -0.1794 -0.2026 0.9627
vn -0.3047 -0.2896 0.9073
vn -0.0833 -0.5454 0.834
vn -0.2144 -0.6013 0.7698
vn -0.2144 -0.6012 0.7698
vn -0.4027 -0.3237 0.8562
vn -0.4174 -0.354 0.8369
vn -0.2385 -0.6268 0.7418
vn -0.2385 -0.6267 0.7418
vn -0.5835 0.1198 0.8032
vn -0.5909 0.1231 0.7973
vn -0.6991 0.3198 0.6395
vn -0.7165 0.3034 0.6281
vn -0.7352 0.3057 0.6049
vn -0.5646 0.1484 0.8119
vn -0.5647 0.1484 0.8119
vn -0.5253 0.1686 0.834
vn -0.7472 0.3027 0.5917
vn -0.7471 0.3027 0.5917
vn -0.7423 0.311 0.5935
vn -0.4748 0.1736 0.8628
vn -0.4287 0.1596 0.8892
vn -0.716 0.3287 0.6159
vn -0.7159 0.3287 0.6159
vn -0.6736 0.3453 0.6535
vn -0.4109 0.1226 0.9034
vn -0.411 0.1226 0.9034
vn -0.4353 0.0707 0.8975
vn -0.6322 0.3503 0.6911
vn -0.6047 0.3446 0.7181
vn -0.6046 0.3446 0.7181
vn -0.4906 0.0236 0.871
vn -0.4906 0.0236 0.8711
vn -0.5369 0.0056 0.8436
vn -0.5929 0.3403 0.7298
vn -0.5902 0.3105 0.7452
vn -0.5423 -0.0273 0.8397
vn -0.8043 0.4446 0.3941
vn -0.7678 0.4761 0.4288
vn -0.7866 0.5976 0.1554
vn -0.8326 0.5446 0.1011
vn -0.8788 0.4768 0.0199
vn -0.8461 0.4155 0.3338
vn -0.8813 0.3829 0.277
vn -0.9108 0.4092 -0.055
vn -0.9111 0.3993 -0.1021
vn -0.8907 0.3854 0.2409
vn -0.8696 0.4283 0.2456
vn -0.8838 0.4564 -0.1027
vn -0.8191 0.5719 -0.0439
vn -0.8122 0.5008 0.2993
vn -0.7233 0.5725 0.3861
vn -0.7062 0.7047 0.0684
vn -0.5632 0.8014 0.2014
vn -0.6263 0.617 0.4764
vn -0.5631 0.6311 0.5334
vn -0.4612 0.8378 0.2921
vn -0.4411 0.8344 0.3304
vn -0.5526 0.6126 0.5651
vn -0.7782 0.5951 -0.2004
vn -0.7286 0.6695 -0.1444
vn -0.5773 0.693 -0.4318
vn -0.6347 0.6096 -0.4748
vn -0.694 0.4988 -0.5191
vn -0.8246 0.496 -0.272
vn -0.8527 0.4029 -0.3324
vn -0.7349 0.3971 -0.5497
vn -0.7414 0.3778 -0.5546
vn -0.8484 0.3854 -0.3627
vn -0.8485 0.3854 -0.3627
vn -0.8189 0.4509 -0.3551
vn -0.7166 0.4463 -0.536
vn -0.6448 0.593 -0.4823
vn -0.7503 0.5903 -0.2977
vn -0.6237 0.7595 -0.1849
vn -0.5076 0.7734 -0.3797
vn -0.3223 0.9154 -0.2411
vn -0.4534 0.8904 -0.0399
vn -0.3276 0.9426 0.0646
vn -0.185 0.9729 -0.1384
vn -0.1471 0.983 -0.11
vn -0.2972 0.9496 0.0996
vn -0.4121 0.5951 -0.6899
vn -0.3443 0.6695 -0.6582
vn -0.0731 0.5976 -0.7984
vn -0.1381 0.5446 -0.8272
vn -0.2291 0.4768 -0.8486
vn -0.4939 0.496 -0.7142
vn -0.5598 0.4029 -0.7241
vn -0.31 0.4092 -0.8581
vn -0.3553 0.3993 -0.8452
vn -0.5876 0.3854 -0.7114
vn -0.5719 0.4509 -0.6852
vn -0.5719 0.4509 -0.6853
vn -0.3482 0.4564 -0.8188
vn -0.2735 0.5719 -0.7734
vn -0.4975 0.5903 -0.6356
vn -0.3536 0.7595 -0.546
vn -0.1338 0.7047 -0.6968
vn 0.0341 0.8014 -0.5971
vn -0.1664 0.8904 -0.4236
vn -0.0305 0.9426 -0.3326
vn 0.1499 0.8378 -0.525
vn 0.1923 0.8344 -0.5165
vn 0.0116 0.9496 -0.3132
vn 0.1509 0.4446 -0.8829
vn 0.1945 0.4761 -0.8576
vn 0.416 0.3198 -0.8513
vn 0.4001 0.3034 -0.8648
vn 0.3726 0.3057 -0.8762
vn 0.0812 0.4155 -0.9059
vn 0.0812 0.4155 -0.906
vn 0.0168 0.3829 -0.9236
vn 0.3566 0.3027 -0.8839
vn 0.3566 0.3027 -0.8838
vn 0.3597 0.311 -0.8797
vn 0.3596 0.311 -0.8797
vn -0.0205 0.3854 -0.9225
vn -0.01 0.4283 -0.9036
vn 0.3887 0.3287 -0.8607
vn 0.3886 0.3287 -0.8608
vn 0.4366 0.3453 -0.8307
vn 0.0577 0.5008 -0.8636
vn 0.1661 0.5725 -0.8029
vn 0.4844 0.3503 -0.8016
vn 0.5181 0.3446 -0.7828
vn 0.518 0.3446 -0.7829
vn 0.5181 0.3446 -0.7829
vn 0.2801 0.617 -0.7354
vn 0.3526 0.6312 -0.6909
vn 0.3527 0.6311 -0.6909
vn 0.5326 0.3403 -0.7749
vn 0.5481 0.3105 -0.7766
vn 0.386 0.6126 -0.6897
vn 0.6057 0.1198 -0.7866
vn 0.5979 0.1231 -0.7921
vn 0.7362 -0.1219 -0.6657
vn 0.7361 -0.1219 -0.6658
vn 0.7613 -0.1075 -0.6394
vn 0.8052 -0.0498 -0.5909
vn 0.6193 0.1484 -0.771
vn 0.6517 0.1686 -0.7395
vn 0.8604 -0.0007 -0.5096
vn 0.9058 0.0075 -0.4237
vn 0.6936 0.1736 -0.6992
vn 0.6936 0.1736 -0.6991
vn 0.732 0.1596 -0.6624
vn 0.9289 -0.0271 -0.3693
vn 0.9211 -0.1032 -0.3753
vn 0.7505 0.1226 -0.6494
vn 0.738 0.0707 -0.6711
vn 0.8728 -0.2026 -0.444
vn 0.7843 -0.2896 -0.5486
vn 0.697 0.0236 -0.7167
vn 0.6576 0.0056 -0.7533
vn 0.7075 -0.3237 -0.6282
vn 0.6849 -0.354 -0.6368
vn 0.6523 -0.0273 -0.7574
vn 0.8389 -0.3585 -0.4096
vn 0.7997 -0.396 -0.4512
vn 0.755 -0.6347 -0.1647
vn 0.8082 -0.5772 -0.1169
vn 0.89 -0.4548 -0.0319
vn 0.9036 -0.2667 -0.3353
vn 0.9591 -0.1744 -0.2231
vn 0.9456 -0.316 0.0776
vn 0.9526 -0.2575 0.1621
vn 0.9821 -0.1451 -0.12
vn 0.9811 -0.1813 -0.067
vn 0.938 -0.285 0.1971
vn 0.9031 -0.3939 0.1711
vn 0.956 -0.2803 -0.0861
vn 0.8907 -0.4185 -0.1776
vn 0.8263 -0.5577 0.079
vn 0.6951 -0.716 -0.0641
vn 0.7765 -0.5454 -0.3155
vn 0.6778 -0.6012 -0.4231
vn 0.6778 -0.6013 -0.4231
vn 0.6779 -0.6012 -0.4231
vn 0.5822 -0.793 -0.1795
vn 0.5441 -0.8144 -0.2019
vn 0.6443 -0.6267 -0.4383
vn 0.6929 -0.7026 0.162
vn 0.6294 -0.7689 0.1122
vn 0.7882 -0.5641 0.2459
vn 0.8549 -0.3977 0.333
vn 0.8662 -0.319 0.3847
vn 0.8661 -0.319 0.3847
vn 0.8524 -0.3382 0.3988
vn 0.8132 -0.4493 0.37
vn 0.7266 -0.6242 0.2871
vn 0.5817 -0.7986 0.1544
vn 0.4579 -0.8879 0.0447
vn 0.4195 -0.9076 0.0169
vn -0.1614 0.9067 -0.3897
vn -0.1485 0.8961 -0.4182
vn 0.0501 0.7947 -0.6049
vn 0.0063 0.8329 -0.5534
vn 0.0023 0.8676 -0.4972
vn -0.1478 0.9238 -0.3532
vn -0.2715 0.9408 -0.203
vn -0.2983 0.928 -0.2231
vn -0.3057 0.9242 -0.2287
vn -0.1255 0.9501 -0.2856
vn -0.0079 0.9189 -0.3945
vn -0.0079 0.9188 -0.3945
vn -0.0257 0.9765 -0.214
vn -0.0257 0.9765 -0.2139
vn -0.0836 0.984 -0.157
vn -0.0836 0.9841 -0.157
vn -0.1294 0.9869 -0.0968
vn -0.2236 0.9602 -0.1672
vn 0.1129 0.9492 0.2937
vn 0.1129 0.9493 0.2936
vn 0.1129 0.9492 0.2936
vn -0.0216 0.9693 0.2449
vn 0.0385 0.3274 0.9441
vn 0.0385 0.3273 0.9441
vn 0.413 0.1274 0.9018
vn 0.4131 0.1274 0.9017
vn 0.413 0.1273 0.9018
vn 0.7992 0.063 0.5978
vn 0.7991 0.063 0.5978
vn 0.281 0.9364 0.2101
vn 0.281 0.9364 0.2102
vn 0.2716 -0.6713 0.6896
vn 0.2716 -0.6713 0.6897
vn -0.0171 -0.3664 0.9303
vn -0.003 -0.6523 0.7579
vn -0.003 -0.6523 0.758
vn 0.2208 -0.8247 0.5207
vn 0.3964 -0.8689 0.2965
vn 0.5165 -0.7642 0.3863
vn 0.2333 -0.8313 0.5044
vn 0.0222 -0.6954 0.7183
vn 0.3976 -0.868 0.2974
vn 0.2077 0.6845 -0.6988
vn 0.2754 0.6017 -0.7497
vn 0.4794 0.3485 -0.8054
vn 0.4077 0.4719 -0.7817
vn 0.4077 0.472 -0.7817
vn 0.3638 0.5999 -0.7125
vn 0.1815 0.7571 -0.6275
vn 0.1815 0.7572 -0.6275
vn 0.1298 0.8604 -0.4928
vn 0.2707 0.7812 -0.5625
vn 0.2707 0.7813 -0.5624
vn 0.1215 0.9431 -0.3094
vn 0.1215 0.9431 -0.3096
vn 0.1215 0.9431 -0.3095
vn 0.0462 0.962 -0.269
vn 0.0462 0.962 -0.2691
vn -0.076 0.9846 0.1575
vn -0.076 0.9846 0.1576
vn -0.0805 0.9928 0.0892
vn -0.0805 0.9927 0.0893
vn -0.2964 0.7747 0.5586
vn -0.2964 0.7746 0.5587
vn -0.2964 0.7746 0.5586
vn -0.2112 0.6007 0.7711
vn -0.2112 0.6006 0.7711
vn -0.2777 0.0402 0.9598
vn -0.4231 0.3896 0.818
vn -0.4555 0.0583 0.8883
vn -0.2611 -0.3207 0.9105
vn -0.235 -0.4187 0.8772
vn -0.4511 -0.0806 0.8888
vn 0.581 0.223 -0.7827
vn 0.581 0.223 -0.7828
vn 0.6375 0.0793 -0.7663
vn 0.7455 -0.1769 -0.6426
vn 0.7148 -0.0346 -0.6984
vn 0.7148 -0.0346 -0.6985
vn 0.7149 -0.0346 -0.6984
vn 0.6922 0.1937 -0.6952
vn 0.5358 0.409 -0.7387
vn 0.5358 0.409 -0.7386
vn 0.4129 0.6856 -0.5996
vn 0.4129 0.6856 -0.5995
vn 0.5625 0.5721 -0.597
vn 0.5625 0.5721 -0.5969
vn 0.2829 0.8964 -0.3412
vn 0.1988 0.9212 -0.3345
vn -0.0664 0.997 0.0392
vn -0.0441 0.999 0.0032
vn -0.0441 0.999 0.0031
vn -0.3114 0.9066 0.2849
vn -0.3114 0.9066 0.2848
vn -0.3137 0.8603 0.4018
vn -0.4742 0.6139 0.6311
vn -0.4832 0.7452 0.4595
vn -0.5898 0.5784 0.5635
vn -0.5553 0.3676 0.7461
vn -0.5553 0.3675 0.7461
vn -0.5552 0.3675 0.7461
vn -0.5863 0.2111 0.7821
vn -0.6597 0.4284 0.6175
vn 0.802 -0.2861 -0.5243
vn 0.8005 -0.4087 -0.4383
vn 0.7847 -0.5995 -0.1576
vn 0.8197 -0.5155 -0.2495
vn 0.8197 -0.5155 -0.2496
vn 0.8198 -0.5155 -0.2495
vn 0.9055 -0.3074 -0.2926
vn 0.8268 -0.0468 -0.5606
vn 0.8268 -0.0468 -0.5605
vn 0.7296 0.4323 -0.5299
vn 0.9089 0.2534 -0.3312
vn 0.496 0.8413 -0.2147
vn 0.496 0.8414 -0.2147
vn 0.382 0.8686 -0.3155
vn 0.382 0.8686 -0.3156
vn -0.0186 0.9997 -0.0178
vn 0.0012 0.9998 -0.0194
vn -0.2842 0.9556 0.0782
vn -0.302 0.9356 0.1831
vn -0.302 0.9355 0.1831
vn -0.302 0.9355 0.1832
vn -0.474 0.8286 0.2979
vn -0.474 0.8286 0.2978
vn -0.4449 0.8866 0.1265
vn -0.4449 0.8866 0.1264
vn -0.5546 0.818 0.1525
vn -0.5885 0.7201 0.3676
vn -0.693 0.5892 0.4154
vn -0.6851 0.7085 0.1693
vn 0.739 -0.6689 0.0809
vn 0.7396 -0.6682 0.0811
vn 0.739 -0.6688 0.0809
vn 0.6951 -0.7074 0.1277
vn 0.5353 -0.7437 0.4004
vn 0.5532 -0.723 0.4138
vn 0.6464 -0.5903 0.4835
vn 0.8556 -0.5111 0.0818
vn 0.9958 0.0642 0.0651
vn 0.9958 0.0642 0.0652
vn 0.8006 -0.0218 0.5988
vn 0.4532 0.8244 0.339
vn 0.4532 0.8244 0.3391
vn 0.5718 0.8202 0.0157
vn 0.0091 0.9999 -0.0092
vn 0.0001 1.0 0.0
vn -0.1877 0.9721 -0.1404
vn -0.2485 0.9681 -0.0318
vn -0.386 0.9212 -0.0485
vn -0.2888 0.9327 -0.216
vn -0.361 0.8926 -0.2701
vn -0.4809 0.8743 -0.065
vn -0.4809 0.8744 -0.065
vn -0.6184 0.7798 -0.0972
vn -0.4772 0.803 -0.3569
vn 0.2864 -0.6688 0.686
vn 0.3188 -0.7075 0.6308
vn 0.0704 -0.5995 0.7972
vn -0.0078 -0.5155 0.8568
vn -0.0249 -0.3074 0.9513
vn -0.0249 -0.3074 0.9512
vn 0.3201 -0.5111 0.7977
vn 0.3439 0.0642 0.9368
vn -0.0609 0.2534 0.9654
vn -0.061 0.2534 0.9654
vn -0.0659 0.8413 0.5365
vn -0.0659 0.8414 0.5365
vn 0.1766 0.8202 0.5441
vn -0.0062 0.9999 0.0113
vn -0.0062 0.9999 0.0114
vn -0.0183 0.9998 0.0066
vn -0.0183 0.9998 0.0065
vn -0.0052 0.9556 -0.2947
vn -0.1007 0.9681 -0.2294
vn -0.1556 0.9212 -0.3566
vn -0.0044 0.8866 -0.4625
vn -0.0103 0.818 -0.5751
vn -0.1982 0.8743 -0.443
vn -0.2679 0.7798 -0.5658
vn -0.0311 0.7085 -0.705
vn -0.2765 -0.2861 0.9174
vn -0.1943 -0.4087 0.8917
vn -0.4059 -0.1769 0.8966
vn -0.4681 -0.0346 0.883
vn -0.4714 0.1937 0.8604
vn -0.4715 0.1937 0.8604
vn -0.3042 -0.0468 0.9515
vn -0.3042 -0.0468 0.9514
vn -0.3022 0.4322 0.8496
vn -0.3022 0.4323 0.8496
vn -0.4136 0.5721 0.7082
vn -0.4136 0.5722 0.7082
vn -0.4136 0.5721 0.7083
vn -0.2474 0.8965 0.3676
vn -0.2474 0.8964 0.3677
vn -0.2474 0.8965 0.3677
vn -0.1948 0.8687 0.4554
vn -0.1948 0.8686 0.4555
vn -0.1948 0.8687 0.4555
vn -0.0223 0.9997 -0.0129
vn -0.0223 0.9997 -0.013
vn -0.0094 0.999 -0.0432
vn -0.0094 0.999 -0.0431
vn -0.0094 0.999 -0.0433
vn 0.1852 0.9066 -0.3791
vn 0.1852 0.9066 -0.3792
vn 0.0903 0.9356 -0.3414
vn 0.0903 0.9355 -0.3415
vn 0.1518 0.8286 -0.5388
vn 0.3043 0.7452 -0.5933
vn 0.3043 0.7452 -0.5934
vn 0.3043 0.7453 -0.5933
vn 0.3739 0.5784 -0.725
vn 0.1864 0.72 -0.6685
vn 0.1864 0.72 -0.6684
vn 0.1864 0.7201 -0.6684
vn 0.2027 0.5892 -0.7821
vn 0.2027 0.5892 -0.7822
vn 0.406 0.4284 -0.8072
vn -0.5867 0.223 0.7785
vn -0.5868 0.223 0.7785
vn -0.555 0.0794 0.828
vn -0.6372 0.3485 0.6874
vn -0.6372 0.3485 0.6873
vn -0.6347 0.4719 0.6119
vn -0.5807 0.5999 0.5503
vn -0.5807 0.6 0.5503
vn -0.5572 0.409 0.7227
vn -0.5572 0.4091 0.7226
vn -0.4585 0.6856 0.5654
vn -0.4585 0.6856 0.5655
vn -0.4631 0.7812 0.4186
vn -0.2626 0.9431 0.2039
vn -0.2647 0.9212 0.2852
vn 0.0188 0.997 -0.0748
vn 0.0629 0.9927 -0.1024
vn 0.0629 0.9928 -0.1024
vn 0.4521 0.7746 -0.4422
vn 0.4521 0.7746 -0.4423
vn 0.2969 0.8603 -0.4144
vn 0.2969 0.8603 -0.4145
vn 0.2969 0.8602 -0.4145
vn 0.4714 0.6139 -0.6331
vn 0.4714 0.614 -0.6331
vn 0.6652 0.3896 -0.637
vn 0.7235 0.0583 -0.6878
vn 0.7235 0.0583 -0.6879
vn 0.5588 0.3676 -0.7433
vn 0.5588 0.3676 -0.7434
vn 0.5846 0.2111 -0.7834
vn 0.5846 0.2111 -0.7833
vn 0.7252 -0.0806 -0.6838
vn -0.6116 0.6845 0.3966
vn -0.6414 0.6017 0.476
vn -0.5661 0.7947 0.2189
vn -0.5291 0.8329 0.1623
vn -0.4763 0.8676 0.1426
vn -0.5507 0.7571 0.3514
vn -0.436 0.8605 0.2636
vn -0.3807 0.9189 0.1038
vn -0.2125 0.9765 0.0357
vn -0.2449 0.9621 0.1203
vn 0.1297 0.9846 -0.1174
vn 0.2288 0.9693 -0.0899
vn 0.9166 0.3273 -0.2296
vn 0.9166 0.3273 -0.2297
vn 0.6801 0.6006 -0.4205
vn 0.6801 0.6005 -0.4205
vn 0.8422 0.0401 -0.5376
vn 0.8422 0.0401 -0.5377
vn 0.8875 -0.3665 -0.2792
vn 0.7262 -0.6523 -0.217
vn 0.7997 -0.3207 -0.5076
vn 0.7996 -0.3207 -0.5076
vn 0.7751 -0.4187 -0.4732
vn 0.6953 -0.6954 -0.1815
vn -0.4194 0.9067 -0.0448
vn -0.4431 0.8961 -0.0244
vn -0.3805 0.9238 -0.042
vn -0.3094 0.9501 -0.0398
vn -0.1742 0.9841 -0.0359
vn 0.3135 0.9492 0.0255
vn 0.9817 0.1273 0.1415
vn 0.7382 -0.6713 0.0658
vn 0.5619 -0.8247 0.0647
vn 0.5498 -0.8313 0.0813
usemtl ParticleCeramic
f 1//1 2//2 4//4
f 1//1 4//4 5//5
f 1//1 5//5 6//6
f 1//1 6//6 7//7
f 1//1 7//7 8//8
f 1//1 8//8 9//9
f 1//1 9//9 10//10
f 1//1 10//10 3//3
f 11//11 7//7 6//6
f 11//11 6//6 12//12
f 11//11 13//13 14//14
f 11//11 14//14 15//15
f 11//11 15//15 16//16
f 11//11 16//16 17//17
f 11//11 17//17 8//8
f 11//11 8//8 7//7
f 18//18 15//15 14//14
f 18//18 14//14 19//19
f 18//18 19//19 20//20
f 18//18 20//20 21//21
f 18//18 21//21 22//22
f 18//18 22//22 23//23
f 18//18 24//24 16//16
f 18//18 16//16 15//15
f 25//25 21//21 20//20
f 25//25 20//20 26//26
f 25//25 26//26 27//27
f 25//25 27//27 28//28
f 25//25 28//28 29//29
f 25//25 29//29 31//31
f 25//25 31//31 22//22
f 25//25 22//22 21//21
f 32//32 28//28 27//27
f 32//32 27//27 33//33
f 32//32 33//33 34//34
f 32//32 34//34 35//35
f 32//32 35//35 30//30
f 32//32 30//30 28//28
f 36//36 37//37 38//38
f 36//36 38//38 39//39
f 36//36 39//39 40//40
f 36//36 40//40 41//41
f 36//36 41//41 6//6
f 36//36 6//6 5//5
f 36//36 5//5 4//4
f 36//36 4//4 37//37
f 43//43 42//42 40//40
f 43//43 40//40 45//45
f 44//44 45//45 47//47
f 44//44 47//47 48//48
f 44//44 48//48 14//14
f 44//44 14//14 12//12
f 44//44 13//13 6//6
f 44//44 6//6 42//42
f 49//49 48//48 47//47
f 49//49 47//47 50//50
f 49//49 50//50 51//51
f 49//49 51//51 52//52
f 49//49 52//52 20//20
f 49//49 20//20 19//19
f 49//49 19//19 14//14
f 49//49 14//14 48//48
f 53//53 52//52 51//51
f 53//53 51//51 54//54
f 53//53 54//54 55//55
f 53//53 55//55 56//56
f 53//53 56//56 27//27
f 53//53 27//27 26//26
f 53//53 26//26 20//20
f 53//53 20//20 52//52
f 57//57 56//56 55//55
f 57//57 55//55 58//58
f 57//57 58//58 34//34
f 57//57 34//34 33//33
f 57//57 33//33 27//27
f 57//57 27//27 56//56
f 59//59 60//60 61//61
f 59//59 61//61 62//62
f 59//59 62//62 63//63
f 59//59 63//63 64//64
f 59//59 64//64 40//40
f 59//59 40//40 39//39
f 59//59 39//39 38//38
f 59//59 38//38 60//60
f 65//65 64//64 63//63
f 65//65 63//63 66//66
f 65//65 66//66 67//67
f 65//65 67//67 68//68
f 65//65 68//68 47//47
f 65//65 47//47 46//46
f 65//65 45//45 40//40
f 65//65 40//40 64//64
f 69//69 68//68 67//67
f 69//69 67//67 70//70
f 69//69 70//70 71//71
f 69//69 71//71 72//72
f 69//69 72//72 51//51
f 69//69 51//51 50//50
f 69//69 50//50 47//47
f 69//69 47//47 68//68
f 73//73 72//72 71//71
f 73//73 71//71 74//74
f 73//73 74//74 75//75
f 73//73 75//75 76//76
f 73//73 77//77 55//55
f 73//73 55//55 54//54
f 73//73 54//54 51//51
f 73//73 51//51 72//72
f 79//79 78//78 75//75
f 79//79 75//75 80//80
f 79//79 80//80 34//34
f 79//79 34//34 58//58
f 79//79 58//58 55//55
f 79//79 55//55 77//77
f 81//81 82//82 83//83
f 81//81 83//83 84//84
f 81//81 84//84 85//85
f 81//81 85//85 86//86
f 81//81 86//86 63//63
f 81//81 63//63 62//62
f 81//81 62//62 61//61
f 81//81 61//61 82//82
f 87//87 86//86 85//85
f 87//87 85//85 89//89
f 87//87 89//89 90//90
f 87//87 90//90 92//92
f 87//87 92//92 67//67
f 87//87 67//67 66//66
f 88//88 66//66 63//63
f 88//88 63//63 86//86
f 93//93 92//92 90//90
f 93//93 90//90 94//94
f 93//93 94//94 95//95
f 93//93 95//95 96//96
f 93//93 96//96 71//71
f 93//93 71//71 70//70
f 93//93 70//70 67//67
f 93//93 67//67 92//92
f 97//97 96//96 95//95
f 97//97 95//95 98//98
f 97//97 98//98 99//99
f 97//97 99//99 100//100
f 97//97 100//100 75//75
f 97//97 75//75 74//74
f 97//97 74//74 71//71
f 97//97 71//71 96//96
f 101//101 100//100 99//99
f 101//101 99//99 102//102
f 101//101 102//102 34//34
f 101//101 34//34 80//80
f 101//101 80//80 75//75
f 101//101 75//75 100//100
f 103//103 106//106 107//107
f 103//103 107//107 108//108
f 103//103 108//108 109//109
f 103//103 109//109 110//110
f 104//104 110//110 85//85
f 104//104 85//85 84//84
f 105//105 84//84 83//83
f 105//105 83//83 106//106
f 111//111 110//110 109//109
f 111//111 109//109 112//112
f 111//111 113//113 114//114
f 111//111 114//114 115//115
f 111//111 115//115 91//91
f 111//111 91//91 89//89
f 111//111 89//89 85//85
f 111//111 85//85 110//110
f 116//116 115//115 114//114
f 116//116 114//114 117//117
f 116//116 118//118 120//120
f 116//116 120//120 121//121
f 116//116 121//121 95//95
f 116//116 95//95 94//94
f 116//116 94//94 90//90
f 116//116 90//90 115//115
f 122//122 121//121 120//120
f 122//122 120//120 125//125
f 123//123 125//125 126//126
f 123//123 126//126 127//127
f 124//124 128//128 99//99
f 124//124 99//99 98//98
f 122//122 98//98 95//95
f 122//122 95//95 121//121
f 129//129 128//128 126//126
f 129//129 126//126 130//130
f 129//129 130//130 34//34
f 129//129 34//34 102//102
f 129//129 102//102 99//99
f 129//129 99//99 128//128
f 131//131 132//132 134//134
f 131//131 134//134 135//135
f 131//131 135//135 136//136
f 131//131 136//136 137//137
f 131//131 137//137 138//138
f 131//131 138//138 139//139
f 131//131 139//139 141//141
f 131//131 141//141 132//132
f 142//142 137//137 136//136
f 142//142 136//136 143//143
f 142//142 143//143 144//144
f 142//142 144//144 145//145
f 142//142 145//145 146//146
f 142//142 146//146 147//147
f 142//142 147//147 138//138
f 142//142 138//138 137//137
f 149//149 145//145 144//144
f 149//149 144//144 150//150
f 149//149 150//150 151//151
f 149//149 151//151 152//152
f 149//149 153//153 154//154
f 149//149 154//154 155//155
f 149//149 155//155 146//146
f 149//149 146//146 145//145
f 157//157 152//152 151//151
f 157//157 151//151 158//158
f 157//157 158//158 159//159
f 157//157 159//159 160//160
f 157//157 160//160 161//161
f 157//157 161//161 162//162
f 157//157 162//162 154//154
f 157//157 154//154 152//152
f 163//163 160//160 159//159
f 163//163 159//159 164//164
f 163//163 164//164 34//34
f 163//163 34//34 165//165
f 163//163 165//165 161//161
f 163//163 161//161 160//160
f 166//166 167//167 168//168
f 166//166 168//168 169//169
f 166//166 169//169 170//170
f 166//166 170//170 171//171
f 166//166 172//172 136//136
f 166//166 136//136 135//135
f 166//166 135//135 134//134
f 166//166 134//134 167//167
f 173//173 172//172 170//170
f 173//173 170//170 174//174
f 173//173 174//174 176//176
f 173//173 176//176 177//177
f 173//173 177//177 144//144
f 173//173 144//144 143//143
f 173//173 143//143 136//136
f 173//173 136//136 172//172
f 178//178 177//177 176//176
f 178//178 176//176 179//179
f 178//178 179//179 180//180
f 178//178 180//180 181//181
f 178//178 181//181 151//151
f 178//178 151//151 150//150
f 178//178 150//150 144//144
f 178//178 144//144 177//177
f 182//182 181//181 180//180
f 182//182 180//180 184//184
f 182//182 184//184 185//185
f 182//182 185//185 186//186
f 183//183 186//186 159//159
f 183//183 159//159 158//158
f 182//182 158//158 151//151
f 182//182 151//151 181//181
f 187//187 186//186 185//185
f 187//187 185//185 188//188
f 187//187 188//188 34//34
f 187//187 34//34 164//164
f 187//187 164//164 159//159
f 187//187 159//159 186//186
f 189//189 190//190 191//191
f 189//189 191//191 192//192
f 189//189 192//192 193//193
f 189//189 193//193 194//194
f 189//189 194//194 170//170
f 189//189 170//170 169//169
f 189//189 169//169 168//168
f 189//189 168//168 190//190
f 195//195 194//194 193//193
f 195//195 193//193 196//196
f 195//195 196//196 197//197
f 195//195 197//197 198//198
f 195//195 198//198 176//176
f 195//195 176//176 174//174
f 195//195 175//175 170//170
f 195//195 170//170 194//194
f 199//199 198//198 197//197
f 199//199 197//197 200//200
f 199//199 200//200 201//201
f 199//199 201//201 202//202
f 199//199 202//202 180//180
f 199//199 180//180 179//179
f 199//199 179//179 176//176
f 199//199 176//176 198//198
f 203//203 202//202 201//201
f 203//203 201//201 205//205
f 204//204 205//205 206//206
f 204//204 206//206 207//207
f 203//203 207//207 185//185
f 203//203 185//185 184//184
f 203//203 184//184 180//180
f 203//203 180//180 202//202
f 208//208 207//207 206//206
f 208//208 206//206 209//209
f 208//208 209//209 34//34
f 208//208 34//34 188//188
f 208//208 188//188 185//185
f 208//208 185//185 207//207
f 210//210 211//211 212//212
f 210//210 212//212 213//213
f 210//210 213//213 214//214
f 210//210 214//214 216//216
f 210//210 216//216 193//193
f 210//210 193//193 192//192
f 210//210 192//192 191//191
f 210//210 191//191 211//211
f 217//217 216//216 214//214
f 217//217 214//214 218//218
f 217//217 218//218 219//219
f 217//217 219//219 222//222
f 217//217 222//222 197//197
f 217//217 197//197 196//196
f 217//217 196//196 193//193
f 217//217 193//193 216//216
f 223//223 222//222 220//220
f 223//223 220//220 224//224
f 223//223 224//224 225//225
f 223//223 225//225 226//226
f 223//223 226//226 201//201
f 223//223 201//201 200//200
f 223//223 200//200 197//197
f 223//223 197//197 222//222
f 227//227 226//226 225//225
f 227//227 225//225 229//229
f 227//227 229//229 230//230
f 227//227 230//230 231//231
f 228//228 231//231 206//206
f 228//228 206//206 205//205
f 227//227 205//205 201//201
f 227//227 201//201 226//226
f 232//232 231//231 230//230
f 232//232 230//230 233//233
f 232//232 233//233 34//34
f 232//232 34//34 209//209
f 232//232 209//209 206//206
f 232//232 206//206 231//231
f 234//234 237//237 10//10
f 234//234 10//10 9//9
f 235//235 9//9 8//8
f 235//235 8//8 238//238
f 236//236 238//238 214//214
f 236//236 214//214 213//213
f 234//234 213//213 212//212
f 234//234 212//212 237//237
f 239//239 238//238 8//8
f 239//239 8//8 17//17
f 239//239 17//17 16//16
f 239//239 16//16 240//240
f 239//239 240//240 220//220
f 239//239 220//220 218//218
f 239//239 218//218 215//215
f 239//239 215//215 238//238
f 241//241 240//240 16//16
f 241//241 16//16 23//23
f 241//241 24//24 22//22
f 241//241 22//22 242//242
f 241//241 242//242 225//225
f 241//241 225//225 224//224
f 241//241 224//224 221//221
f 241//241 221//221 240//240
f 243//243 242//242 22//22
f 243//243 22//22 31//31
f 243//243 31//31 29//29
f 243//243 29//29 244//244
f 243//243 244//244 230//230
f 243//243 230//230 229//229
f 243//243 229//229 225//225
f 243//243 225//225 242//242
f 246//246 245//245 29//29
f 246//246 29//29 35//35
f 246//246 35//35 34//34
f 246//246 34//34 233//233
f 246//246 233//233 230//230
f 246//246 230//230 244//244
f 247//247 250//250 251//251
f 247//247 251//251 252//252
f 247//247 252//252 253//253
f 247//247 253//253 255//255
f 248//248 255//255 256//256
f 248//248 256//256 257//257
f 249//249 257//257 258//258
f 249//249 258//258 250//250
f 259//259 255//255 253//253
f 259//259 253//253 260//260
f 259//259 260//260 262//262
f 259//259 262//262 263//263
f 259//259 263//263 264//264
f 259//259 264//264 265//265
f 259//259 266//266 256//256
f 259//259 256//256 255//255
f 268//268 263//263 262//262
f 268//268 262//262 269//269
f 268//268 269//269 270//270
f 268//268 270//270 271//271
f 268//268 271//271 272//272
f 268//268 272//272 273//273
f 268//268 274//274 264//264
f 268//268 264//264 263//263
f 275//275 271//271 270//270
f 275//275 270//270 276//276
f 275//275 276//276 277//277
f 275//275 277//277 278//278
f 275//275 278//278 279//279
f 275//275 279//279 280//280
f 275//275 281//281 272//272
f 275//275 272//272 271//271
f 282//282 278//278 277//277
f 282//282 277//277 283//283
f 282//282 283//283 34//34
f 282//282 34//34 284//284
f 282//282 284//284 279//279
f 282//282 279//279 278//278
f 285//285 286//286 287//287
f 285//285 287//287 288//288
f 285//285 288//288 290//290
f 285//285 290//290 291//291
f 285//285 292//292 253//253
f 285//285 253//253 252//252
f 285//285 252//252 251//251
f 285//285 251//251 286//286
f 293//293 292//292 290//290
f 293//293 290//290 294//294
f 293//293 294//294 295//295
f 293//293 295//295 296//296
f 293//293 296//296 262//262
f 293//293 262//262 260//260
f 293//293 261//261 254//254
f 293//293 254//254 292//292
f 297//297 296//296 295//295
f 297//297 295//295 298//298
f 297//297 298//298 299//299
f 297//297 299//299 300//300
f 297//297 300//300 270//270
f 297//297 270//270 269//269
f 297//297 269//269 262//262
f 297//297 262//262 296//296
f 301//301 300//300 299//299
f 301//301 299//299 302//302
f 301//301 302//302 303//303
f 301//301 303//303 304//304
f 301//301 304//304 277//277
f 301//301 277//277 276//276
f 301//301 276//276 270//270
f 301//301 270//270 300//300
f 305//305 304//304 303//303
f 305//305 303//303 306//306
f 305//305 307//307 34//34
f 305//305 34//34 283//283
f 305//305 283//283 277//277
f 305//305 277//277 304//304
f 308//308 309//309 310//310
f 308//308 310//310 311//311
f 308//308 311//311 312//312
f 308//308 312//312 314//314
f 308//308 314//314 290//290
f 308//308 290//290 289//289
f 308//308 288//288 287//287
f 308//308 287//287 309//309
f 315//315 314//314 313//313
f 315//315 313//313 316//316
f 315//315 316//316 317//317
f 315//315 317//317 318//318
f 315//315 318//318 295//295
f 315//315 295//295 294//294
f 315//315 294//294 290//290
f 315//315 290//290 314//314
f 319//319 318//318 317//317
f 319//319 317//317 320//320
f 319//319 320//320 321//321
f 319//319 321//321 322//322
f 319//319 322//322 299//299
f 319//319 299//299 298//298
f 319//319 298//298 295//295
f 319//319 295//295 318//318
f 323//323 322//322 321//321
f 323//323 321//321 324//324
f 323//323 324//324 325//325
f 323//323 325//325 326//326
f 323//323 327//327 303//303
f 323//323 303//303 302//302
f 323//323 302//302 299//299
f 323//323 299//299 322//322
f 328//328 327//327 325//325
f 328//328 325//325 329//329
f 328//328 329//329 34//34
f 328//328 34//34 307//307
f 328//328 307//307 303//303
f 328//328 303//303 326//326
f 330//330 332//332 333//333
f 330//330 333//333 334//334
f 331//331 334//334 335//335
f 331//331 335//335 337//337
f 331//331 337//337 313//313
f 331//331 313//313 311//311
f 331//331 311//311 310//310
f 331//331 310//310 332//332
f 338//338 337//337 335//335
f 338//338 335//335 341//341
f 339//339 341//341 342//342
f 339//339 342//342 345//345
f 340//340 345//345 317//317
f 340//340 317//317 316//316
f 339//339 316//316 313//313
f 339//339 313//313 337//337
f 346//346 345//345 342//342
f 346//346 342//342 347//347
f 346//346 347//347 348//348
f 346//346 348//348 349//349
f 346//346 349//349 321//321
f 346//346 321//321 320//320
f 346//346 320//320 317//317
f 346//346 317//317 345//345
f 350//350 349//349 348//348
f 350//350 348//348 351//351
f 350//350 351//351 352//352
f 350//350 352//352 353//353
f 350//350 353//353 325//325
f 350//350 325//325 324//324
f 350//350 324//324 321//321
f 350//350 321//321 349//349
f 354//354 353//353 352//352
f 354//354 352//352 355//355
f 354//354 355//355 34//34
f 354//354 34//34 329//329
f 354//354 329//329 325//325
f 354//354 325//325 353//353
f 356//356 359//359 141//141
f 356//356 141//141 139//139
f 356//356 140//140 138//138
f 356//356 138//138 360//360
f 357//357 360//360 336//336
f 357//357 336//336 334//334
f 358//358 334//334 333//333
f 358//358 333//333 359//359
f 361//361 360//360 138//138
f 361//361 138//138 148//148
f 361//361 147//147 146//146
f 361//361 146//146 362//362
f 361//361 362//362 343//343
f 361//361 343//343 341//341
f 361//361 341//341 335//335
f 361//361 335//335 360//360
f 363//363 362//362 146//146
f 363//363 146//146 155//155
f 363//363 156//156 154//154
f 363//363 154//154 364//364
f 363//363 364//364 348//348
f 363//363 348//348 347//347
f 363//363 347//347 344//344
f 363//363 344//344 362//362
f 365//365 364//364 154//154
f 365//365 154//154 162//162
f 366//366 162//162 161//161
f 366//366 161//161 368//368
f 367//367 369//369 352//352
f 367//367 352//352 351//351
f 367//367 351//351 348//348
f 367//367 348//348 364//364
f 370//370 369//369 161//161
f 370//370 161//161 165//165
f 370//370 165//165 34//34
f 370//370 34//34 355//355
f 370//370 355//355 352//352
f 370//370 352//352 368//368
f 371//371 373//373 374//374
f 371//371 374//374 375//375
f 372//372 375//375 376//376
f 372//372 376//376 377//377
f 372//372 377//377 109//109
f 372//372 109//109 108//108
f 372//372 108//108 107//107
f 372//372 107//107 373//373
f 378//378 377//377 376//376
f 378//378 376//376 379//379
f 378//378 380//380 381//381
f 378//378 381//381 382//382
f 378//378 382//382 114//114
f 378//378 114//114 113//113
f 378//378 113//113 109//109
f 378//378 109//109 377//377
f 383//383 382//382 381//381
f 383//383 381//381 384//384
f 383//383 384//384 385//385
f 383//383 385//385 386//386
f 383//383 387//387 120//120
f 383//383 120//120 119//119
f 383//383 118//118 114//114
f 383//383 114//114 382//382
f 388//388 386//386 385//385
f 388//388 385//385 389//389
f 388//388 389//389 391//391
f 388//388 391//391 392//392
f 388//388 392//392 126//126
f 388//388 126//126 125//125
f 388//388 125//125 120//120
f 388//388 120//120 386//386
f 393//393 392//392 391//391
f 393//393 391//391 394//394
f 393//393 394//394 34//34
f 393//393 34//34 130//130
f 393//393 130//130 126//126
f 393//393 126//126 392//392
f 395//395 396//396 397//397
f 395//395 397//397 398//398
f 395//395 398//398 399//399
f 395//395 399//399 400//400
f 395//395 401//401 376//376
f 395//395 376//376 375//375
f 395//395 375//375 374//374
f 395//395 374//374 396//396
f 402//402 400//400 399//399
f 402//402 399//399 403//403
f 402//402 403//403 404//404
f 402//402 404//404 405//405
f 402//402 405//405 381//381
f 402//402 381//381 380//380
f 402//402 380//380 376//376
f 402//402 376//376 400//400
f 406//406 405//405 404//404
f 406//406 404//404 407//407
f 406//406 407//407 408//408
f 406//406 408//408 409//409
f 406//406 409//409 385//385
f 406//406 385//385 384//384
f 406//406 384//384 381//381
f 406//406 381//381 405//405
f 410//410 409//409 408//408
f 410//410 408//408 411//411
f 410//410 411//411 412//412
f 410//410 412//412 413//413
f 410//410 413//413 391//391
f 410//410 391//391 390//390
f 410//410 389//389 385//385
f 410//410 385//385 409//409
f 414//414 413//413 412//412
f 414//414 412//412 415//415
f 414//414 416//416 34//34
f 414//414 34//34 394//394
f 414//414 394//394 391//391
f 414//414 391//391 413//413
f 417//417 418//418 419//419
f 417//417 419//419 420//420
f 417//417 420//420 421//421
f 417//417 421//421 422//422
f 417//417 422//422 399//399
f 417//417 399//399 398//398
f 417//417 398//398 397//397
f 417//417 397//397 418//418
f 423//423 422//422 421//421
f 423//423 421//421 424//424
f 423//423 424//424 425//425
f 423//423 425//425 426//426
f 423//423 426//426 404//404
f 423//423 404//404 403//403
f 423//423 403//403 399//399
f 423//423 399//399 422//422
f 427//427 426//426 425//425
f 427//427 425//425 428//428
f 427//427 428//428 429//429
f 427//427 429//429 430//430
f 427//427 430//430 408//408
f 427//427 408//408 407//407
f 427//427 407//407 404//404
f 427//427 404//404 426//426
f 431//431 430//430 429//429
f 431//431 429//429 432//432
f 431//431 432//432 433//433
f 431//431 433//433 434//434
f 431//431 435//435 412//412
f 431//431 412//412 411//411
f 431//431 411//411 408//408
f 431//431 408//408 430//430
f 437//437 436//436 433//433
f 437//437 433//433 438//438
f 437//437 438//438 34//34
f 437//437 34//34 416//416
f 437//437 416//416 412//412
f 437//437 412//412 436//436
f 439//439 440//440 441//441
f 439//439 441//441 442//442
f 439//439 442//442 443//443
f 439//439 443//443 445//445
f 439//439 445//445 421//421
f 439//439 421//421 420//420
f 439//439 420//420 419//419
f 439//439 419//419 440//440
f 446//446 445//445 444//444
f 446//446 444//444 447//447
f 446//446 447//447 448//448
f 446//446 448//448 451//451
f 446//446 451//451 425//425
f 446//446 425//425 424//424
f 446//446 424//424 421//421
f 446//446 421//421 445//445
f 452//452 451//451 449//449
f 452//452 449//449 453//453
f 452//452 454//454 455//455
f 452//452 455//455 456//456
f 452//452 456//456 429//429
f 452//452 429//429 428//428
f 452//452 428//428 425//425
f 452//452 425//425 451//451
f 457//457 456//456 455//455
f 457//457 455//455 459//459
f 457//457 460//460 461//461
f 457//457 461//461 462//462
f 458//458 463//463 433//433
f 458//458 433//433 432//432
f 457//457 432//432 429//429
f 457//457 429//429 456//456
f 465//465 464//464 461//461
f 465//465 461//461 466//466
f 465//465 466//466 34//34
f 465//465 34//34 438//438
f 465//465 438//438 433//433
f 465//465 433//433 462//462
f 467//467 468//468 258//258
f 467//467 258//258 257//257
f 467//467 257//257 256//256
f 467//467 256//256 469//469
f 467//467 469//469 443//443
f 467//467 443//443 442//442
f 467//467 442//442 441//441
f 467//467 441//441 468//468
f 470//470 469//469 256//256
f 470//470 256//256 265//265
f 470//470 267//267 264//264
f 470//470 264//264 471//471
f 470//470 471//471 449//449
f 470//470 449//449 447//447
f 470//470 447//447 443//443
f 470//470 443//443 469//469
f 472//472 471//471 264//264
f 472//472 264//264 274//274
f 472//472 273//273 272//272
f 472//472 272//272 473//473
f 472//472 473//473 455//455
f 472//472 455//455 454//454
f 472//472 454//454 450//450
f 472//472 450//450 471//471
f 474//474 473//473 272//272
f 474//474 272//272 281//281
f 474//474 281//281 279//279
f 474//474 279//279 475//475
f 474//474 476//476 461//461
f 474//474 461//461 459//459
f 474//474 459//459 455//455
f 474//474 455//455 473//473
f 477//477 475//475 279//279
f 477//477 279//279 284//284
f 477//477 284//284 34//34
f 477//477 34//34 466//466
f 477//477 466//466 461//461
f 477//477 461//461 475//475
f 478//478 480//480 481//481
f 478//478 481//481 482//482
f 479//479 482//482 483//483
f 479//479 483//483 484//484
f 479//479 484//484 485//485
f 479//479 485//485 486//486
f 479//479 486//486 487//487
f 479//479 487//487 480//480
f 488//488 484//484 483//483
f 488//488 483//483 489//489
f 488//488 489//489 490//490
f 488//488 490//490 491//491
f 488//488 491//491 492//492
f 488//488 492//492 493//493
f 488//488 493//493 485//485
f 488//488 485//485 484//484
f 494//494 491//491 490//490
f 494//494 490//490 495//495
f 494//494 495//495 496//496
f 494//494 496//496 497//497
f 494//494 497//497 498//498
f 494//494 498//498 499//499
f 494//494 499//499 492//492
f 494//494 492//492 491//491
f 500//500 497//497 496//496
f 500//500 496//496 501//501
f 500//500 501//501 502//502
f 500//500 502//502 503//503
f 500//500 503//503 504//504
f 500//500 504//504 505//505
f 500//500 505//505 498//498
f 500//500 498//498 497//497
f 506//506 503//503 502//502
f 506//506 502//502 507//507
f 506//506 507//507 4//4
f 506//506 4//4 3//3
f 506//506 2//2 10//10
f 506//506 10//10 508//508
f 506//506 508//508 504//504
f 506//506 504//504 503//503
f 509//509 510//510 511//511
f 509//509 511//511 512//512
f 509//509 512//512 513//513
f 509//509 513//513 514//514
f 509//509 514//514 483//483
f 509//509 483//483 482//482
f 509//509 482//482 481//481
f 509//509 481//481 510//510
f 515//515 514//514 513//513
f 515//515 513//513 517//517
f 515//515 517//517 518//518
f 515//515 518//518 519//519
f 516//516 519//519 490//490
f 516//516 490//490 489//489
f 516//516 489//489 483//483
f 516//516 483//483 514//514
f 520//520 519//519 518//518
f 520//520 518//518 521//521
f 520//520 521//521 522//522
f 520//520 522//522 523//523
f 520//520 523//523 496//496
f 520//520 496//496 495//495
f 520//520 495//495 490//490
f 520//520 490//490 519//519
f 524//524 523//523 522//522
f 524//524 522//522 525//525
f 524//524 525//525 526//526
f 524//524 526//526 527//527
f 524//524 527//527 502//502
f 524//524 502//502 501//501
f 524//524 501//501 496//496
f 524//524 496//496 523//523
f 528//528 527//527 526//526
f 528//528 526//526 529//529
f 528//528 529//529 38//38
f 528//528 38//38 37//37
f 528//528 37//37 4//4
f 528//528 4//4 507//507
f 528//528 507//507 502//502
f 528//528 502//502 527//527
f 530//530 531//531 532//532
f 530//530 532//532 533//533
f 530//530 533//533 534//534
f 530//530 534//534 535//535
f 530//530 536//536 513//513
f 530//530 513//513 512//512
f 530//530 512//512 511//511
f 530//530 511//511 531//531
f 537//537 535//535 534//534
f 537//537 534//534 538//538
f 537//537 538//538 539//539
f 537//537 539//539 540//540
f 537//537 540//540 518//518
f 537//537 518//518 517//517
f 537//537 517//517 513//513
f 537//537 513//513 535//535
f 541//541 540//540 539//539
f 541//541 539//539 542//542
f 541//541 542//542 543//543
f 541//541 543//543 544//544
f 541//541 544//544 522//522
f 541//541 522//522 521//521
f 541//541 521//521 518//518
f 541//541 518//518 540//540
f 545//545 544//544 543//543
f 545//545 543//543 546//546
f 545//545 546//546 547//547
f 545//545 547//547 548//548
f 545//545 548//548 526//526
f 545//545 526//526 525//525
f 545//545 525//525 522//522
f 545//545 522//522 544//544
f 549//549 548//548 547//547
f 549//549 547//547 550//550
f 549//549 550//550 61//61
f 549//549 61//61 60//60
f 549//549 60//60 38//38
f 549//549 38//38 529//529
f 549//549 529//529 526//526
f 549//549 526//526 548//548
f 551//551 552//552 553//553
f 551//551 553//553 554//554
f 551//551 554//554 555//555
f 551//551 555//555 556//556
f 551//551 556//556 534//534
f 551//551 534//534 533//533
f 551//551 533//533 532//532
f 551//551 532//532 552//552
f 557//557 556//556 555//555
f 557//557 555//555 559//559
f 558//558 559//559 560//560
f 558//558 560//560 561//561
f 558//558 561//561 539//539
f 558//558 539//539 538//538
f 558//558 538//538 534//534
f 558//558 534//534 556//556
f 562//562 561//561 560//560
f 562//562 560//560 563//563
f 562//562 563//563 564//564
f 562//562 564//564 565//565
f 562//562 565//565 543//543
f 562//562 543//543 542//542
f 562//562 542//542 539//539
f 562//562 539//539 561//561
f 566//566 565//565 564//564
f 566//566 564//564 567//567
f 566//566 567//567 568//568
f 566//566 568//568 569//569
f 566//566 569//569 547//547
f 566//566 547//547 546//546
f 566//566 546//546 543//543
f 566//566 543//543 565//565
f 570//570 569//569 568//568
f 570//570 568//568 571//571
f 570//570 571//571 83//83
f 570//570 83//83 82//82
f 570//570 82//82 61//61
f 570//570 61//61 550//550
f 570//570 550//550 547//547
f 570//570 547//547 569//569
f 572//572 573//573 574//574
f 572//572 574//574 575//575
f 572//572 575//575 576//576
f 572//572 576//576 577//577
f 572//572 577//577 555//555
f 572//572 555//555 554//554
f 572//572 554//554 553//553
f 572//572 553//553 573//573
f 578//578 577//577 576//576
f 578//578 576//576 579//579
f 578//578 579//579 580//580
f 578//578 580//580 581//581
f 578//578 581//581 560//560
f 578//578 560//560 559//559
f 578//578 559//559 555//555
f 578//578 555//555 577//577
f 582//582 581//581 580//580
f 582//582 580//580 583//583
f 582//582 583//583 584//584
f 582//582 584//584 585//585
f 582//582 585//585 564//564
f 582//582 564//564 563//563
f 582//582 563//563 560//560
f 582//582 560//560 581//581
f 586//586 585//585 584//584
f 586//586 584//584 587//587
f 586//586 587//587 588//588
f 586//586 588//588 589//589
f 586//586 589//589 568//568
f 586//586 568//568 567//567
f 586//586 567//567 564//564
f 586//586 564//564 585//585
f 590//590 589//589 588//588
f 590//590 588//588 592//592
f 590//590 592//592 107//107
f 590//590 107//107 106//106
f 591//591 106//106 83//83
f 591//591 83//83 571//571
f 590//590 571//571 568//568
f 590//590 568//568 589//589
f 593//593 595//595 597//597
f 593//593 597//597 598//598
f 594//594 598//598 599//599
f 594//594 599//599 600//600
f 593//593 600//600 601//601
f 593//593 601//601 602//602
f 594//594 602//602 603//603
f 594//594 603//603 596//596
f 604//604 600//600 599//599
f 604//604 599//599 605//605
f 604//604 605//605 606//606
f 604//604 606//606 607//607
f 604//604 607//607 608//608
f 604//604 608//608 609//609
f 604//604 609//609 601//601
f 604//604 601//601 600//600
f 610//610 607//607 606//606
f 610//610 606//606 611//611
f 610//610 611//611 612//612
f 610//610 612//612 613//613
f 610//610 613//613 614//614
f 610//610 614//614 615//615
f 610//610 615//615 608//608
f 610//610 608//608 607//607
f 616//616 613//613 612//612
f 616//616 612//612 617//617
f 616//616 617//617 618//618
f 616//616 618//618 619//619
f 616//616 619//619 620//620
f 616//616 620//620 621//621
f 616//616 621//621 614//614
f 616//616 614//614 613//613
f 622//622 619//619 618//618
f 622//622 618//618 624//624
f 623//623 624//624 134//134
f 623//623 134//134 133//133
f 623//623 132//132 141//141
f 623//623 141//141 625//625
f 623//623 625//625 620//620
f 623//623 620//620 619//619
f 626//626 627//627 628//628
f 626//626 628//628 629//629
f 626//626 629//629 630//630
f 626//626 630//630 631//631
f 626//626 631//631 599//599
f 626//626 599//599 598//598
f 626//626 598//598 597//597
f 626//626 597//597 627//627
f 632//632 631//631 630//630
f 632//632 630//630 634//634
f 633//633 634//634 635//635
f 633//633 635//635 636//636
f 632//632 636//636 606//606
f 632//632 606//606 605//605
f 633//633 605//605 599//599
f 633//633 599//599 631//631
f 637//637 636//636 635//635
f 637//637 635//635 638//638
f 637//637 638//638 639//639
f 637//637 639//639 640//640
f 637//637 640//640 612//612
f 637//637 612//612 611//611
f 637//637 611//611 606//606
f 637//637 606//606 636//636
f 641//641 640//640 639//639
f 641//641 639//639 642//642
f 641//641 642//642 643//643
f 641//641 643//643 644//644
f 641//641 644//644 618//618
f 641//641 618//618 617//617
f 641//641 617//617 612//612
f 641//641 612//612 640//640
f 645//645 644//644 643//643
f 645//645 643//643 646//646
f 645//645 646//646 168//168
f 645//645 168//168 167//167
f 645//645 167//167 134//134
f 645//645 134//134 624//624
f 645//645 624//624 618//618
f 645//645 618//618 644//644
f 647//647 648//648 649//649
f 647//647 649//649 650//650
f 647//647 650//650 651//651
f 647//647 651//651 652//652
f 647//647 653//653 630//630
f 647//647 630//630 629//629
f 647//647 629//629 628//628
f 647//647 628//628 648//648
f 654//654 653//653 651//651
f 654//654 651//651 655//655
f 654//654 655//655 656//656
f 654//654 656//656 657//657
f 654//654 657//657 635//635
f 654//654 635//635 634//634
f 654//654 634//634 630//630
f 654//654 630//630 653//653
f 658//658 657//657 656//656
f 658//658 656//656 659//659
f 658//658 659//659 660//660
f 658//658 660//660 661//661
f 658//658 661//661 639//639
f 658//658 639//639 638//638
f 658//658 638//638 635//635
f 658//658 635//635 657//657
f 662//662 661//661 660//660
f 662//662 660//660 663//663
f 662//662 663//663 664//664
f 662//662 664//664 665//665
f 662//662 665//665 643//643
f 662//662 643//643 642//642
f 662//662 642//642 639//639
f 662//662 639//639 661//661
f 666//666 665//665 664//664
f 666//666 664//664 667//667
f 666//666 667//667 191//191
f 666//666 191//191 190//190
f 666//666 190//190 168//168
f 666//666 168//168 646//646
f 666//666 646//646 643//643
f 666//666 643//643 665//665
f 668//668 669//669 670//670
f 668//668 670//670 671//671
f 668//668 671//671 672//672
f 668//668 672//672 673//673
f 668//668 673//673 651//651
f 668//668 651//651 650//650
f 668//668 650//650 649//649
f 668//668 649//649 669//669
f 674//674 673//673 672//672
f 674//674 672//672 676//676
f 675//675 676//676 677//677
f 675//675 677//677 678//678
f 675//675 678//678 656//656
f 675//675 656//656 655//655
f 675//675 655//655 651//651
f 675//675 651//651 673//673
f 679//679 678//678 677//677
f 679//679 677//677 680//680
f 679//679 680//680 681//681
f 679//679 681//681 682//682
f 679//679 682//682 660//660
f 679//679 660//660 659//659
f 679//679 659//659 656//656
f 679//679 656//656 678//678
f 683//683 682//682 681//681
f 683//683 681//681 684//684
f 683//683 684//684 685//685
f 683//683 685//685 686//686
f 683//683 686//686 664//664
f 683//683 664//664 663//663
f 683//683 663//663 660//660
f 683//683 660//660 682//682
f 687//687 686//686 685//685
f 687//687 685//685 689//689
f 688//688 689//689 212//212
f 688//688 212//212 211//211
f 688//688 211//211 191//191
f 688//688 191//191 667//667
f 688//688 667//667 664//664
f 688//688 664//664 686//686
f 690//690 691//691 487//487
f 690//690 487//487 486//486
f 690//690 486//486 485//485
f 690//690 485//485 692//692
f 690//690 692//692 672//672
f 690//690 672//672 671//671
f 690//690 671//671 670//670
f 690//690 670//670 691//691
f 693//693 692//692 485//485
f 693//693 485//485 493//493
f 693//693 493//493 492//492
f 693//693 492//492 694//694
f 693//693 694//694 677//677
f 693//693 677//677 676//676
f 693//693 676//676 672//672
f 693//693 672//672 692//692
f 695//695 694//694 492//492
f 695//695 492//492 499//499
f 695//695 499//499 498//498
f 695//695 498//498 696//696
f 695//695 696//696 681//681
f 695//695 681//681 680//680
f 695//695 680//680 677//677
f 695//695 677//677 694//694
f 697//697 696//696 498//498
f 697//697 498//498 505//505
f 697//697 505//505 504//504
f 697//697 504//504 698//698
f 697//697 698//698 685//685
f 697//697 685//685 684//684
f 697//697 684//684 681//681
f 697//697 681//681 696//696
f 699//699 698//698 504//504
f 699//699 504//504 508//508
f 699//699 508//508 10//10
f 699//699 10//10 237//237
f 699//699 237//237 212//212
f 699//699 212//212 689//689
f 699//699 689//689 685//685
f 699//699 685//685 698//698
f 700//700 702//702 704//704
f 700//700 704//704 705//705
f 701//701 705//705 706//706
f 701//701 706//706 707//707
f 700//700 707//707 708//708
f 700//700 708//708 709//709
f 700//700 709//709 710//710
f 700//700 710//710 703//703
f 712//712 707//707 706//706
f 712//712 706//706 713//713
f 712//712 713//713 714//714
f 712//712 714//714 715//715
f 712//712 715//715 716//716
f 712//712 716//716 717//717
f 712//712 717//717 708//708
f 712//712 708//708 707//707
f 719//719 715//715 714//714
f 719//719 714//714 720//720
f 719//719 720//720 721//721
f 719//719 721//721 722//722
f 719//719 722//722 723//723
f 719//719 723//723 724//724
f 719//719 724//724 716//716
f 719//719 716//716 715//715
f 725//725 722//722 721//721
f 725//725 721//721 726//726
f 725//725 726//726 727//727
f 725//725 727//727 728//728
f 725//725 728//728 729//729
f 725//725 729//729 730//730
f 725//725 730//730 723//723
f 725//725 723//723 722//722
f 731//731 728//728 727//727
f 731//731 727//727 732//732
f 731//731 732//732 251//251
f 731//731 251//251 250//250
f 731//731 250//250 258//258
f 731//731 258//258 733//733
f 731//731 733//733 729//729
f 731//731 729//729 728//728
f 734//734 735//735 736//736
f 734//734 736//736 737//737
f 734//734 737//737 738//738
f 734//734 738//738 739//739
f 734//734 739//739 706//706
f 734//734 706//706 705//705
f 734//734 705//705 704//704
f 734//734 704//704 735//735
f 740//740 739//739 738//738
f 740//740 738//738 742//742
f 740//740 742//742 743//743
f 740//740 743//743 744//744
f 741//741 744//744 714//714
f 741//741 714//714 713//713
f 740//740 713//713 706//706
f 740//740 706//706 739//739
f 745//745 744//744 743//743
f 745//745 743//743 746//746
f 745//745 746//746 747//747
f 745//745 747//747 748//748
f 745//745 748//748 721//721
f 745//745 721//721 720//720
f 745//745 720//720 714//714
f 745//745 714//714 744//744
f 749//749 748//748 747//747
f 749//749 747//747 750//750
f 749//749 750//750 751//751
f 749//749 751//751 752//752
f 749//749 752//752 727//727
f 749//749 727//727 726//726
f 749//749 726//726 721//721
f 749//749 721//721 748//748
f 753//753 752//752 751//751
f 753//753 751//751 754//754
f 753//753 754//754 287//287
f 753//753 287//287 286//286
f 753//753 286//286 251//251
f 753//753 251//251 732//732
f 753//753 732//732 727//727
f 753//753 727//727 752//752
f 755//755 756//756 757//757
f 755//755 757//757 758//758
f 755//755 758//758 759//759
f 755//755 759//759 760//760
f 755//755 761//761 738//738
f 755//755 738//738 737//737
f 755//755 737//737 736//736
f 755//755 736//736 756//756
f 762//762 760//760 759//759
f 762//762 759//759 763//763
f 762//762 763//763 764//764
f 762//762 764//764 765//765
f 762//762 765//765 743//743
f 762//762 743//743 742//742
f 762//762 742//742 738//738
f 762//762 738//738 761//761
f 766//766 765//765 764//764
f 766//766 764//764 767//767
f 766//766 767//767 768//768
f 766//766 768//768 769//769
f 766//766 769//769 747//747
f 766//766 747//747 746//746
f 766//766 746//746 743//743
f 766//766 743//743 765//765
f 770//770 769//769 768//768
f 770//770 768//768 771//771
f 770//770 771//771 772//772
f 770//770 772//772 773//773
f 770//770 773//773 751//751
f 770//770 751//751 750//750
f 770//770 750//750 747//747
f 770//770 747//747 769//769
f 774//774 773//773 772//772
f 774//774 772//772 775//775
f 774//774 775//775 310//310
f 774//774 310//310 309//309
f 774//774 309//309 287//287
f 774//774 287//287 754//754
f 774//774 754//754 751//751
f 774//774 751//751 773//773
f 776//776 777//777 779//779
f 776//776 779//779 780//780
f 776//776 780//780 781//781
f 776//776 781//781 782//782
f 776//776 782//782 759//759
f 776//776 759//759 758//758
f 776//776 758//758 757//757
f 776//776 757//757 778//778
f 783//783 782//782 781//781
f 783//783 781//781 785//785
f 784//784 785//785 786//786
f 784//784 786//786 787//787
f 784//784 787//787 764//764
f 784//784 764//764 763//763
f 784//784 763//763 759//759
f 784//784 759//759 782//782
f 788//788 787//787 786//786
f 788//788 786//786 789//789
f 788//788 789//789 790//790
f 788//788 790//790 791//791
f 788//788 791//791 768//768
f 788//788 768//768 767//767
f 788//788 767//767 764//764
f 788//788 764//764 787//787
f 792//792 791//791 790//790
f 792//792 790//790 793//793
f 792//792 793//793 794//794
f 792//792 794//794 795//795
f 792//792 795//795 772//772
f 792//792 772//772 771//771
f 792//792 771//771 768//768
f 792//792 768//768 791//791
f 796//796 795//795 794//794
f 796//796 794//794 798//798
f 797//797 798//798 333//333
f 797//797 333//333 332//332
f 796//796 332//332 310//310
f 796//796 310//310 775//775
f 796//796 775//775 772//772
f 796//796 772//772 795//795
f 799//799 800//800 603//603
f 799//799 603//603 602//602
f 799//799 602//602 601//601
f 799//799 601//601 802//802
f 799//799 802//802 781//781
f 799//799 781//781 780//780
f 799//799 780//780 779//779
f 799//799 779//779 801//801
f 803//803 802//802 601//601
f 803//803 601//601 609//609
f 803//803 609//609 608//608
f 803//803 608//608 804//804
f 803//803 804//804 786//786
f 803//803 786//786 785//785
f 803//803 785//785 781//781
f 803//803 781//781 802//802
f 805//805 804//804 608//608
f 805//805 608//608 615//615
f 805//805 615//615 614//614
f 805//805 614//614 806//806
f 805//805 806//806 790//790
f 805//805 790//790 789//789
f 805//805 789//789 786//786
f 805//805 786//786 804//804
f 807//807 806//806 614//614
f 807//807 614//614 621//621
f 807//807 621//621 620//620
f 807//807 620//620 808//808
f 807//807 808//808 794//794
f 807//807 794//794 793//793
f 807//807 793//793 790//790
f 807//807 790//790 806//806
f 809//809 808//808 620//620
f 809//809 620//620 625//625
f 809//809 625//625 141//141
f 809//809 141//141 359//359
f 809//809 359//359 333//333
f 809//809 333//333 798//798
f 809//809 798//798 794//794
f 809//809 794//794 808//808
f 810//810 812//812 813//813
f 810//810 813//813 814//814
f 811//811 814//814 815//815
f 811//811 815//815 816//816
f 810//810 816//816 576//576
f 810//810 576//576 575//575
f 811//811 575//575 574//574
f 811//811 574//574 812//812
f 817//817 816//816 815//815
f 817//817 815//815 818//818
f 817//817 818//818 819//819
f 817//817 819//819 820//820
f 817//817 820//820 580//580
f 817//817 580//580 579//579
f 817//817 579//579 576//576
f 817//817 576//576 816//816
f 821//821 820//820 819//819
f 821//821 819//819 822//822
f 821//821 822//822 823//823
f 821//821 823//823 824//824
f 821//821 824//824 584//584
f 821//821 584//584 583//583
f 821//821 583//583 580//580
f 821//821 580//580 820//820
f 825//825 824//824 823//823
f 825//825 823//823 826//826
f 825//825 826//826 827//827
f 825//825 827//827 828//828
f 825//825 828//828 588//588
f 825//825 588//588 587//587
f 825//825 587//587 584//584
f 825//825 584//584 824//824
f 829//829 828//828 827//827
f 829//829 827//827 831//831
f 830//830 831//831 374//374
f 830//830 374//374 373//373
f 829//829 373//373 107//107
f 829//829 107//107 592//592
f 829//829 592//592 588//588
f 829//829 588//588 828//828
f 832//832 833//833 834//834
f 832//832 834//834 835//835
f 832//832 835//835 836//836
f 832//832 836//836 837//837
f 832//832 837//837 815//815
f 832//832 815//815 814//814
f 832//832 814//814 813//813
f 832//832 813//813 833//833
f 838//838 837//837 836//836
f 838//838 836//836 840//840
f 839//839 840//840 841//841
f 839//839 841//841 842//842
f 838//838 842//842 819//819
f 838//838 819//819 818//818
f 839//839 818//818 815//815
f 839//839 815//815 837//837
f 843//843 842//842 841//841
f 843//843 841//841 844//844
f 843//843 844//844 845//845
f 843//843 845//845 846//846
f 843//843 846//846 823//823
f 843//843 823//823 822//822
f 843//843 822//822 819//819
f 843//843 819//819 842//842
f 847//847 846//846 845//845
f 847//847 845//845 848//848
f 847//847 848//848 849//849
f 847//847 849//849 850//850
f 847//847 850//850 827//827
f 847//847 827//827 826//826
f 847//847 826//826 823//823
f 847//847 823//823 846//846
f 851//851 850//850 849//849
f 851//851 849//849 852//852
f 851//851 852//852 397//397
f 851//851 397//397 396//396
f 851//851 396//396 374//374
f 851//851 374//374 831//831
f 851//851 831//831 827//827
f 851//851 827//827 850//850
f 853//853 854//854 855//855
f 853//853 855//855 856//856
f 853//853 856//856 857//857
f 853//853 857//857 858//858
f 853//853 858//858 836//836
f 853//853 836//836 835//835
f 853//853 835//835 834//834
f 853//853 834//834 854//854
f 859//859 858//858 857//857
f 859//859 857//857 860//860
f 859//859 860//860 861//861
f 859//859 861//861 862//862
f 859//859 862//862 841//841
f 859//859 841//841 840//840
f 859//859 840//840 836//836
f 859//859 836//836 858//858
f 863//863 862//862 861//861
f 863//863 861//861 864//864
f 863//863 864//864 865//865
f 863//863 865//865 866//866
f 863//863 866//866 845//845
f 863//863 845//845 844//844
f 863//863 844//844 841//841
f 863//863 841//841 862//862
f 867//867 866//866 865//865
f 867//867 865//865 868//868
f 867//867 868//868 869//869
f 867//867 869//869 870//870
f 867//867 870//870 849//849
f 867//867 849//849 848//848
f 867//867 848//848 845//845
f 867//867 845//845 866//866
f 871//871 870//870 869//869
f 871//871 869//869 872//872
f 871//871 872//872 419//419
f 871//871 419//419 418//418
f 871//871 418//418 397//397
f 871//871 397//397 852//852
f 871//871 852//852 849//849
f 871//871 849//849 870//870
f 873//873 874//874 876//876
f 873//873 876//876 877//877
f 873//873 877//877 878//878
f 873//873 878//878 879//879
f 873//873 879//879 857//857
f 873//873 857//857 856//856
f 873//873 856//856 855//855
f 873//873 855//855 875//875
f 880//880 879//879 878//878
f 880//880 878//878 881//881
f 880//880 881//881 883//883
f 880//880 883//883 884//884
f 880//880 884//884 861//861
f 880//880 861//861 860//860
f 880//880 860//860 857//857
f 880//880 857//857 879//879
f 885//885 884//884 883//883
f 885//885 883//883 886//886
f 885//885 886//886 887//887
f 885//885 887//887 888//888
f 885//885 888//888 865//865
f 885//885 865//865 864//864
f 885//885 864//864 861//861
f 885//885 861//861 884//884
f 889//889 888//888 887//887
f 889//889 887//887 890//890
f 889//889 890//890 891//891
f 889//889 891//891 892//892
f 889//889 892//892 869//869
f 889//889 869//869 868//868
f 889//889 868//868 865//865
f 889//889 865//865 888//888
f 893//893 892//892 891//891
f 893//893 891//891 895//895
f 893//893 896//896 441//441
f 893//893 441//441 440//440
f 893//893 440//440 419//419
f 893//893 419//419 872//872
f 894//894 872//872 869//869
f 894//894 869//869 892//892
f 897//897 898//898 711//711
f 897//897 711//711 709//709
f 897//897 709//709 708//708
f 897//897 708//708 899//899
f 897//897 899//899 878//878
f 897//897 878//878 877//877
f 897//897 877//877 876//876
f 897//897 876//876 898//898
f 900//900 899//899 708//708
f 900//900 708//708 718//718
f 900//900 717//717 716//716
f 900//900 716//716 901//901
f 900//900 901//901 883//883
f 900//900 883//883 881//881
f 900//900 882//882 878//878
f 900//900 878//878 899//899
f 902//902 901//901 716//716
f 902//902 716//716 724//724
f 902//902 724//724 723//723
f 902//902 723//723 903//903
f 902//902 903//903 887//887
f 902//902 887//887 886//886
f 902//902 886//886 883//883
f 902//902 883//883 901//901
f 904//904 903//903 723//723
f 904//904 723//723 730//730
f 904//904 730//730 729//729
f 904//904 729//729 905//905
f 904//904 905//905 891//891
f 904//904 891//891 890//890
f 904//904 890//890 887//887
f 904//904 887//887 903//903
f 906//906 905//905 729//729
f 906//906 729//729 733//733
f 906//906 733//733 258//258
f 906//906 258//258 468//468
f 906//906 468//468 441//441
f 906//906 441//441 895//895
f 906//906 895//895 891//891
f 906//906 891//891 905//905
f 907//907 908//908 909//909
f 907//907 909//909 910//910
f 907//907 910//910 911//911
f 907//907 911//911 912//912
f 907//907 912//912 913//913
f 907//907 913//913 914//914
f 907//907 915//915 916//916
f 907//907 916//916 908//908
f 917//917 912//912 911//911
f 917//917 911//911 918//918
f 917//917 918//918 919//919
f 917//917 919//919 921//921
f 917//917 921//921 923//923
f 917//917 923//923 924//924
f 917//917 924//924 913//913
f 917//917 913//913 912//912
f 925//925 922//922 920//920
f 925//925 920//920 927//927
f 926//926 928//928 930//930
f 926//926 930//930 932//932
f 926//926 932//932 935//935
f 926//926 935//935 937//937
f 926//926 938//938 923//923
f 926//926 923//923 921//921
f 939//939 933//933 931//931
f 939//939 931//931 940//940
f 939//939 940//940 941//941
f 939//939 941//941 942//942
f 939//939 942//942 943//943
f 939//939 943//943 944//944
f 939//939 944//944 936//936
f 939//939 936//936 934//934
f 946//946 942//942 941//941
f 946//946 941//941 947//947
f 946//946 947//947 948//948
f 946//946 948//948 949//949
f 946//946 950//950 951//951
f 946//946 951//951 952//952
f 946//946 952//952 943//943
f 946//946 943//943 942//942
f 953//953 954//954 955//955
f 953//953 955//955 956//956
f 953//953 956//956 957//957
f 953//953 957//957 958//958
f 953//953 958//958 911//911
f 953//953 911//911 910//910
f 953//953 910//910 909//909
f 953//953 909//909 954//954
f 960//960 958//958 957//957
f 960//960 957//957 963//963
f 961//961 963//963 965//965
f 961//961 965//965 966//966
f 961//961 966//966 919//919
f 961//961 919//919 918//918
f 962//962 918//918 911//911
f 962//962 911//911 959//959
f 968//968 966//966 965//965
f 968//968 965//965 969//969
f 968//968 969//969 970//970
f 968//968 970//970 971//971
f 968//968 971//971 930//930
f 968//968 930//930 928//928
f 968//968 929//929 919//919
f 968//968 919//919 967//967
f 972//972 971//971 970//970
f 972//972 970//970 973//973
f 972//972 973//973 974//974
f 972//972 974//974 975//975
f 972//972 975//975 941//941
f 972//972 941//941 940//940
f 972//972 940//940 931//931
f 972//972 931//931 971//971
f 976//976 975//975 974//974
f 976//976 974//974 977//977
f 976//976 977//977 978//978
f 976//976 978//978 979//979
f 976//976 979//979 948//948
f 976//976 948//948 947//947
f 976//976 947//947 941//941
f 976//976 941//941 975//975
f 980//980 981//981 982//982
f 980//980 982//982 983//983
f 980//980 983//983 984//984
f 980//980 984//984 985//985
f 980//980 985//985 957//957
f 980//980 957//957 956//956
f 980//980 956//956 955//955
f 980//980 955//955 981//981
f 986//986 985//985 984//984
f 986//986 984//984 987//987
f 986//986 988//988 990//990
f 986//986 990//990 992//992
f 986//986 992//992 965//965
f 986//986 965//965 964//964
f 986//986 963//963 957//957
f 986//986 957//957 985//985
f 993//993 992//992 991//991
f 993//993 991//991 994//994
f 993//993 994//994 995//995
f 993//993 995//995 996//996
f 993//993 997//997 970//970
f 993//993 970//970 969//969
f 993//993 969//969 965//965
f 993//993 965//965 992//992
f 999//999 998//998 995//995
f 999//999 995//995 1000//1000
f 999//999 1000//1000 1001//1001
f 999//999 1001//1001 1002//1002
f 999//999 1002//1002 974//974
f 999//999 974//974 973//973
f 999//999 973//973 970//970
f 999//999 970//970 997//997
f 1004//1004 1003//1003 1001//1001
f 1004//1004 1001//1001 1005//1005
f 1004//1004 1005//1005 1006//1006
f 1004//1004 1006//1006 1007//1007
f 1004//1004 1007//1007 978//978
f 1004//1004 978//978 977//977
f 1004//1004 977//977 974//974
f 1004//1004 974//974 1002//1002
f 1008//1008 1009//1009 1010//1010
f 1008//1008 1010//1010 1011//1011
f 1008//1008 1011//1011 1012//1012
f 1008//1008 1012//1012 1013//1013
f 1008//1008 1014//1014 984//984
f 1008//1008 984//984 983//983
f 1008//1008 983//983 982//982
f 1008//1008 982//982 1009//1009
f 1016//1016 1015//1015 1012//1012
f 1016//1016 1012//1012 1017//1017
f 1016//1016 1017//1017 1018//1018
f 1016//1016 1018//1018 1020//1020
f 1016//1016 1020//1020 991//991
f 1016//1016 991//991 988//988
f 1016//1016 989//989 984//984
f 1016//1016 984//984 1015//1015
f 1021//1021 1020//1020 1018//1018
f 1021//1021 1018//1018 1022//1022
f 1021//1021 1022//1022 1023//1023
f 1021//1021 1023//1023 1025//1025
f 1021//1021 1025//1025 995//995
f 1021//1021 995//995 994//994
f 1021//1021 994//994 991//991
f 1021//1021 991//991 1020//1020
f 1026//1026 1025//1025 1023//1023
f 1026//1026 1023//1023 1027//1027
f 1026//1026 1027//1027 1028//1028
f 1026//1026 1028//1028 1029//1029
f 1026//1026 1030//1030 1001//1001
f 1026//1026 1001//1001 1000//1000
f 1026//1026 1000//1000 995//995
f 1026//1026 995//995 1025//1025
f 1031//1031 1030//1030 1028//1028
f 1031//1031 1028//1028 1033//1033
f 1031//1031 1033//1033 1034//1034
f 1031//1031 1034//1034 1035//1035
f 1031//1031 1035//1035 1006//1006
f 1031//1031 1006//1006 1005//1005
f 1032//1032 1005//1005 1001//1001
f 1032//1032 1001//1001 1029//1029
f 1036//1036 1037//1037 1038//1038
f 1036//1036 1038//1038 1039//1039
f 1036//1036 1040//1040 1041//1041
f 1036//1036 1041//1041 1042//1042
f 1036//1036 1042//1042 1012//1012
f 1036//1036 1012//1012 1011//1011
f 1036//1036 1011//1011 1010//1010
f 1036//1036 1010//1010 1037//1037
f 1043//1043 1042//1042 1041//1041
f 1043//1043 1041//1041 1044//1044
f 1043//1043 1044//1044 1045//1045
f 1043//1043 1045//1045 1046//1046
f 1043//1043 1046//1046 1018//1018
f 1043//1043 1018//1018 1017//1017
f 1043//1043 1017//1017 1012//1012
f 1043//1043 1012//1012 1042//1042
f 1047//1047 1046//1046 1045//1045
f 1047//1047 1045//1045 1048//1048
f 1047//1047 1048//1048 1049//1049
f 1047//1047 1049//1049 1051//1051
f 1047//1047 1051//1051 1024//1024
f 1047//1047 1024//1024 1022//1022
f 1047//1047 1022//1022 1019//1019
f 1047//1047 1019//1019 1046//1046
f 1052//1052 1051//1051 1049//1049
f 1052//1052 1049//1049 1053//1053
f 1052//1052 1053//1053 1054//1054
f 1052//1052 1054//1054 1055//1055
f 1052//1052 1055//1055 1028//1028
f 1052//1052 1028//1028 1027//1027
f 1052//1052 1027//1027 1024//1024
f 1052//1052 1024//1024 1051//1051
f 1057//1057 1056//1056 1054//1054
f 1057//1057 1054//1054 1058//1058
f 1057//1057 1059//1059 1060//1060
f 1057//1057 1060//1060 1061//1061
f 1057//1057 1061//1061 1034//1034
f 1057//1057 1034//1034 1033//1033
f 1057//1057 1033//1033 1028//1028
f 1057//1057 1028//1028 1055//1055
f 1062//1062 1063//1063 1064//1064
f 1062//1062 1064//1064 1065//1065
f 1062//1062 1065//1065 1066//1066
f 1062//1062 1066//1066 1067//1067
f 1062//1062 1067//1067 1068//1068
f 1062//1062 1068//1068 1069//1069
f 1062//1062 1070//1070 1071//1071
f 1062//1062 1071//1071 1063//1063
f 1072//1072 1067//1067 1066//1066
f 1072//1072 1066//1066 1073//1073
f 1072//1072 1073//1073 1074//1074
f 1072//1072 1074//1074 1075//1075
f 1072//1072 1075//1075 1076//1076
f 1072//1072 1076//1076 1077//1077
f 1072//1072 1077//1077 1068//1068
f 1072//1072 1068//1068 1067//1067
f 1078//1078 1075//1075 1074//1074
f 1078//1078 1074//1074 1080//1080
f 1078//1078 1080//1080 1081//1081
f 1078//1078 1081//1081 1082//1082
f 1078//1078 1082//1082 1083//1083
f 1078//1078 1083//1083 1085//1085
f 1079//1079 1085//1085 1076//1076
f 1079//1079 1076//1076 1075//1075
f 1087//1087 1082//1082 1081//1081
f 1087//1087 1081//1081 1089//1089
f 1087//1087 1089//1089 1090//1090
f 1087//1087 1090//1090 1091//1091
f 1087//1087 1091//1091 1092//1092
f 1087//1087 1092//1092 1093//1093
f 1088//1088 1093//1093 1083//1083
f 1088//1088 1083//1083 1082//1082
f 1094//1094 1091//1091 1090//1090
f 1094//1094 1090//1090 1095//1095
f 1094//1094 1095//1095 1096//1096
f 1094//1094 1096//1096 1097//1097
f 1094//1094 1097//1097 1098//1098
f 1094//1094 1098//1098 1099//1099
f 1094//1094 1100//1100 1092//1092
f 1094//1094 1092//1092 1091//1091
f 1102//1102 1103//1103 1104//1104
f 1102//1102 1104//1104 1105//1105
f 1102//1102 1105//1105 1106//1106
f 1102//1102 1106//1106 1107//1107
f 1102//1102 1108//1108 1066//1066
f 1102//1102 1066//1066 1065//1065
f 1102//1102 1065//1065 1064//1064
f 1102//1102 1064//1064 1103//1103
f 1109//1109 1108//1108 1106//1106
f 1109//1109 1106//1106 1111//1111
f 1110//1110 1111//1111 1112//1112
f 1110//1110 1112//1112 1113//1113
f 1110//1110 1113//1113 1074//1074
f 1110//1110 1074//1074 1073//1073
f 1110//1110 1073//1073 1066//1066
f 1110//1110 1066//1066 1108//1108
f 1114//1114 1113//1113 1112//1112
f 1114//1114 1112//1112 1115//1115
f 1114//1114 1115//1115 1116//1116
f 1114//1114 1116//1116 1117//1117
f 1114//1114 1117//1117 1081//1081
f 1114//1114 1081//1081 1080//1080
f 1114//1114 1080//1080 1074//1074
f 1114//1114 1074//1074 1113//1113
f 1118//1118 1117//1117 1116//1116
f 1118//1118 1116//1116 1119//1119
f 1118//1118 1119//1119 1120//1120
f 1118//1118 1120//1120 1121//1121
f 1118//1118 1121//1121 1090//1090
f 1118//1118 1090//1090 1089//1089
f 1118//1118 1089//1089 1081//1081
f 1118//1118 1081//1081 1117//1117
f 1122//1122 1121//1121 1120//1120
f 1122//1122 1120//1120 1124//1124
f 1122//1122 1124//1124 1125//1125
f 1122//1122 1125//1125 1126//1126
f 1122//1122 1126//1126 1096//1096
f 1122//1122 1096//1096 1095//1095
f 1123//1123 1095//1095 1090//1090
f 1123//1123 1090//1090 1121//1121
f 1127//1127 1128//1128 1129//1129
f 1127//1127 1129//1129 1130//1130
f 1127//1127 1130//1130 1131//1131
f 1127//1127 1131//1131 1132//1132
f 1127//1127 1132//1132 1106//1106
f 1127//1127 1106//1106 1105//1105
f 1127//1127 1105//1105 1104//1104
f 1127//1127 1104//1104 1128//1128
f 1133//1133 1132//1132 1131//1131
f 1133//1133 1131//1131 1134//1134
f 1133//1133 1135//1135 1136//1136
f 1133//1133 1136//1136 1137//1137
f 1133//1133 1137//1137 1112//1112
f 1133//1133 1112//1112 1111//1111
f 1133//1133 1111//1111 1106//1106
f 1133//1133 1106//1106 1132//1132
f 1138//1138 1137//1137 1136//1136
f 1138//1138 1136//1136 1139//1139
f 1138//1138 1139//1139 1140//1140
f 1138//1138 1140//1140 1141//1141
f 1138//1138 1142//1142 1116//1116
f 1138//1138 1116//1116 1115//1115
f 1138//1138 1115//1115 1112//1112
f 1138//1138 1112//1112 1137//1137
f 1143//1143 1141//1141 1140//1140
f 1143//1143 1140//1140 1144//1144
f 1143//1143 1144//1144 1145//1145
f 1143//1143 1145//1145 1146//1146
f 1143//1143 1146//1146 1120//1120
f 1143//1143 1120//1120 1119//1119
f 1143//1143 1119//1119 1116//1116
f 1143//1143 1116//1116 1142//1142
f 1148//1148 1147//1147 1145//1145
f 1148//1148 1145//1145 1149//1149
f 1148//1148 1149//1149 1150//1150
f 1148//1148 1150//1150 1151//1151
f 1148//1148 1151//1151 1125//1125
f 1148//1148 1125//1125 1124//1124
f 1148//1148 1124//1124 1120//1120
f 1148//1148 1120//1120 1147//1147
f 1152//1152 1153//1153 1154//1154
f 1152//1152 1154//1154 1155//1155
f 1152//1152 1155//1155 1156//1156
f 1152//1152 1156//1156 1157//1157
f 1152//1152 1158//1158 1131//1131
f 1152//1152 1131//1131 1130//1130
f 1152//1152 1130//1130 1129//1129
f 1152//1152 1129//1129 1153//1153
f 1160//1160 1158//1158 1156//1156
f 1160//1160 1156//1156 1161//1161
f 1160//1160 1161//1161 1162//1162
f 1160//1160 1162//1162 1163//1163
f 1160//1160 1163//1163 1136//1136
f 1160//1160 1136//1136 1135//1135
f 1160//1160 1135//1135 1131//1131
f 1160//1160 1131//1131 1159//1159
f 1164//1164 1163//1163 1162//1162
f 1164//1164 1162//1162 1165//1165
f 1164//1164 1166//1166 1167//1167
f 1164//1164 1167//1167 1170//1170
f 1164//1164 1171//1171 1140//1140
f 1164//1164 1140//1140 1139//1139
f 1164//1164 1139//1139 1136//1136
f 1164//1164 1136//1136 1163//1163
f 1172//1172 1171//1171 1168//1168
f 1172//1172 1168//1168 1173//1173
f 1172//1172 1174//1174 1175//1175
f 1172//1172 1175//1175 1176//1176
f 1172//1172 1176//1176 1145//1145
f 1172//1172 1145//1145 1144//1144
f 1172//1172 1144//1144 1140//1140
f 1172//1172 1140//1140 1171//1171
f 1178//1178 1176//1176 1175//1175
f 1178//1178 1175//1175 1180//1180
f 1178//1178 1180//1180 1181//1181
f 1178//1178 1181//1181 1182//1182
f 1179//1179 1182//1182 1150//1150
f 1179//1179 1150//1150 1149//1149
f 1178//1178 1149//1149 1145//1145
f 1178//1178 1145//1145 1177//1177
f 1183//1183 1184//1184 916//916
f 1183//1183 916//916 914//914
f 1183//1183 914//914 913//913
f 1183//1183 913//913 1185//1185
f 1183//1183 1185//1185 1156//1156
f 1183//1183 1156//1156 1155//1155
f 1183//1183 1155//1155 1154//1154
f 1183//1183 1154//1154 1184//1184
f 1186//1186 1185//1185 913//913
f 1186//1186 913//913 924//924
f 1186//1186 924//924 923//923
f 1186//1186 923//923 1187//1187
f 1186//1186 1187//1187 1162//1162
f 1186//1186 1162//1162 1161//1161
f 1186//1186 1161//1161 1156//1156
f 1186//1186 1156//1156 1185//1185
f 1188//1188 1187//1187 923//923
f 1188//1188 923//923 937//937
f 1188//1188 937//937 936//936
f 1188//1188 936//936 1189//1189
f 1188//1188 1189//1189 1169//1169
f 1188//1188 1169//1169 1165//1165
f 1188//1188 1165//1165 1162//1162
f 1188//1188 1162//1162 1187//1187
f 1190//1190 1189//1189 936//936
f 1190//1190 936//936 945//945
f 1190//1190 944//944 943//943
f 1190//1190 943//943 1191//1191
f 1190//1190 1191//1191 1175//1175
f 1190//1190 1175//1175 1174//1174
f 1190//1190 1174//1174 1169//1169
f 1190//1190 1169//1169 1189//1189
f 1193//1193 1192//1192 943//943
f 1193//1193 943//943 952//952
f 1193//1193 952//952 951//951
f 1193//1193 951//951 1194//1194
f 1193//1193 1194//1194 1181//1181
f 1193//1193 1181//1181 1180//1180
f 1193//1193 1180//1180 1175//1175
f 1193//1193 1175//1175 1191//1191
f 1195//1195 1196//1196 1197//1197
f 1195//1195 1197//1197 1198//1198
f 1195//1195 1198//1198 1200//1200
f 1195//1195 1200//1200 1201//1201
f 1195//1195 1201//1201 1202//1202
f 1195//1195 1202//1202 1203//1203
f 1195//1195 1203//1203 1204//1204
f 1195//1195 1204//1204 1196//1196
f 1205//1205 1201//1201 1200//1200
f 1205//1205 1200//1200 1206//1206
f 1205//1205 1206//1206 1207//1207
f 1205//1205 1207//1207 1210//1210
f 1205//1205 1210//1210 1211//1211
f 1205//1205 1211//1211 1212//1212
f 1205//1205 1212//1212 1202//1202
f 1205//1205 1202//1202 1201//1201
f 1213//1213 1210//1210 1208//1208
f 1213//1213 1208//1208 1215//1215
f 1214//1214 1215//1215 1216//1216
f 1214//1214 1216//1216 1217//1217
f 1214//1214 1217//1217 1218//1218
f 1214//1214 1218//1218 1221//1221
f 1214//1214 1221//1221 1211//1211
f 1214//1214 1211//1211 1210//1210
f 1223//1223 1217//1217 1216//1216
f 1223//1223 1216//1216 1226//1226
f 1223//1223 1226//1226 1227//1227
f 1223//1223 1227//1227 1228//1228
f 1224//1224 1228//1228 1229//1229
f 1224//1224 1229//1229 1230//1230
f 1225//1225 1230//1230 1219//1219
f 1225//1225 1219//1219 1217//1217
f 1231//1231 1228//1228 1227//1227
f 1231//1231 1227//1227 1232//1232
f 1231//1231 1232//1232 1233//1233
f 1231//1231 1233//1233 1234//1234
f 1231//1231 1234//1234 1235//1235
f 1231//1231 1235//1235 1236//1236
f 1231//1231 1236//1236 1229//1229
f 1231//1231 1229//1229 1228//1228
f 1237//1237 1238//1238 1240//1240
f 1237//1237 1240//1240 1241//1241
f 1237//1237 1241//1241 1242//1242
f 1237//1237 1242//1242 1243//1243
f 1237//1237 1243//1243 1200//1200
f 1237//1237 1200//1200 1198//1198
f 1237//1237 1199//1199 1197//1197
f 1237//1237 1197//1197 1238//1238
f 1245//1245 1243//1243 1242//1242
f 1245//1245 1242//1242 1247//1247
f 1245//1245 1247//1247 1248//1248
f 1245//1245 1248//1248 1249//1249
f 1246//1246 1249//1249 1208//1208
f 1246//1246 1208//1208 1206//1206
f 1245//1245 1206//1206 1200//1200
f 1245//1245 1200//1200 1244//1244
f 1250//1250 1249//1249 1248//1248
f 1250//1250 1248//1248 1251//1251
f 1250//1250 1251//1251 1253//1253
f 1250//1250 1253//1253 1254//1254
f 1250//1250 1254//1254 1216//1216
f 1250//1250 1216//1216 1215//1215
f 1250//1250 1215//1215 1209//1209
f 1250//1250 1209//1209 1249//1249
f 1255//1255 1254//1254 1253//1253
f 1255//1255 1253//1253 1256//1256
f 1255//1255 1256//1256 1257//1257
f 1255//1255 1257//1257 1258//1258
f 1255//1255 1259//1259 1227//1227
f 1255//1255 1227//1227 1226//1226
f 1255//1255 1226//1226 1216//1216
f 1255//1255 1216//1216 1254//1254
f 1260//1260 1259//1259 1257//1257
f 1260//1260 1257//1257 1262//1262
f 1261//1261 1262//1262 1263//1263
f 1261//1261 1263//1263 1264//1264
f 1261//1261 1264//1264 1233//1233
f 1261//1261 1233//1233 1232//1232
f 1261//1261 1232//1232 1227//1227
f 1261//1261 1227//1227 1259//1259
f 1265//1265 1266//1266 1267//1267
f 1265//1265 1267//1267 1268//1268
f 1265//1265 1268//1268 1269//1269
f 1265//1265 1269//1269 1272//1272
f 1265//1265 1272//1272 1242//1242
f 1265//1265 1242//1242 1241//1241
f 1265//1265 1241//1241 1240//1240
f 1265//1265 1240//1240 1266//1266
f 1273//1273 1272//1272 1270//1270
f 1273//1273 1270//1270 1274//1274
f 1273//1273 1275//1275 1276//1276
f 1273//1273 1276//1276 1278//1278
f 1273//1273 1278//1278 1248//1248
f 1273//1273 1248//1248 1247//1247
f 1273//1273 1247//1247 1242//1242
f 1273//1273 1242//1242 1272//1272
f 1279//1279 1278//1278 1276//1276
f 1279//1279 1276//1276 1281//1281
f 1279//1279 1281//1281 1283//1283
f 1279//1279 1283//1283 1284//1284
f 1280//1280 1285//1285 1253//1253
f 1280//1280 1253//1253 1252//1252
f 1279//1279 1251//1251 1248//1248
f 1279//1279 1248//1248 1278//1278
f 1286//1286 1284//1284 1283//1283
f 1286//1286 1283//1283 1287//1287
f 1286//1286 1287//1287 1288//1288
f 1286//1286 1288//1288 1289//1289
f 1286//1286 1290//1290 1257//1257
f 1286//1286 1257//1257 1256//1256
f 1286//1286 1256//1256 1253//1253
f 1286//1286 1253//1253 1285//1285
f 1291//1291 1290//1290 1288//1288
f 1291//1291 1288//1288 1292//1292
f 1291//1291 1292//1292 1293//1293
f 1291//1291 1293//1293 1294//1294
f 1291//1291 1294//1294 1263//1263
f 1291//1291 1263//1263 1262//1262
f 1291//1291 1262//1262 1257//1257
f 1291//1291 1257//1257 1290//1290
f 1295//1295 1296//1296 1297//1297
f 1295//1295 1297//1297 1298//1298
f 1295//1295 1298//1298 1299//1299
f 1295//1295 1299//1299 1300//1300
f 1295//1295 1301//1301 1271//1271
f 1295//1295 1271//1271 1268//1268
f 1295//1295 1268//1268 1267//1267
f 1295//1295 1267//1267 1296//1296
f 1302//1302 1301//1301 1299//1299
f 1302//1302 1299//1299 1304//1304
f 1302//1302 1304//1304 1305//1305
f 1302//1302 1305//1305 1307//1307
f 1303//1303 1307//1307 1276//1276
f 1303//1303 1276//1276 1275//1275
f 1303//1303 1275//1275 1271//1271
f 1303//1303 1271//1271 1300//1300
f 1308//1308 1307//1307 1305//1305
f 1308//1308 1305//1305 1309//1309
f 1308//1308 1309//1309 1311//1311
f 1308//1308 1311//1311 1313//1313
f 1308//1308 1313//1313 1283//1283
f 1308//1308 1283//1283 1281//1281
f 1308//1308 1282//1282 1277//1277
f 1308//1308 1277//1277 1307//1307
f 1314//1314 1313//1313 1311//1311
f 1314//1314 1311//1311 1315//1315
f 1314//1314 1315//1315 1317//1317
f 1314//1314 1317//1317 1318//1318
f 1314//1314 1319//1319 1288//1288
f 1314//1314 1288//1288 1287//1287
f 1314//1314 1287//1287 1283//1283
f 1314//1314 1283//1283 1313//1313
f 1320//1320 1318//1318 1317//1317
f 1320//1320 1317//1317 1322//1322
f 1320//1320 1322//1322 1323//1323
f 1320//1320 1323//1323 1324//1324
f 1320//1320 1324//1324 1293//1293
f 1320//1320 1293//1293 1292//1292
f 1321//1321 1292//1292 1288//1288
f 1321//1321 1288//1288 1319//1319
f 1325//1325 1326//1326 1071//1071
f 1325//1325 1071//1071 1069//1069
f 1325//1325 1069//1069 1068//1068
f 1325//1325 1068//1068 1327//1327
f 1325//1325 1327//1327 1299//1299
f 1325//1325 1299//1299 1298//1298
f 1325//1325 1298//1298 1297//1297
f 1325//1325 1297//1297 1326//1326
f 1328//1328 1327//1327 1068//1068
f 1328//1328 1068//1068 1077//1077
f 1328//1328 1077//1077 1076//1076
f 1328//1328 1076//1076 1329//1329
f 1328//1328 1329//1329 1305//1305
f 1328//1328 1305//1305 1304//1304
f 1328//1328 1304//1304 1299//1299
f 1328//1328 1299//1299 1327//1327
f 1331//1331 1329//1329 1076//1076
f 1331//1331 1076//1076 1085//1085
f 1332//1332 1086//1086 1084//1084
f 1332//1332 1084//1084 1334//1334
f 1331//1331 1335//1335 1311//1311
f 1331//1331 1311//1311 1309//1309
f 1333//1333 1310//1310 1306//1306
f 1333//1333 1306//1306 1330//1330
f 1336//1336 1335//1335 1083//1083
f 1336//1336 1083//1083 1093//1093
f 1336//1336 1093//1093 1092//1092
f 1336//1336 1092//1092 1337//1337
f 1336//1336 1337//1337 1317//1317
f 1336//1336 1317//1317 1315//1315
f 1336//1336 1316//1316 1312//1312
f 1336//1336 1312//1312 1335//1335
f 1339//1339 1338//1338 1092//1092
f 1339//1339 1092//1092 1099//1099
f 1339//1339 1101//1101 1098//1098
f 1339//1339 1098//1098 1340//1340
f 1339//1339 1340//1340 1323//1323
f 1339//1339 1323//1323 1322//1322
f 1339//1339 1322//1322 1317//1317
f 1339//1339 1317//1317 1337//1337
f 1341//1341 1342//1342 1343//1343
f 1341//1341 1343//1343 1344//1344
f 1341//1341 1345//1345 1346//1346
f 1341//1341 1346//1346 1347//1347
f 1341//1341 1347//1347 1041//1041
f 1341//1341 1041//1041 1039//1039
f 1341//1341 1039//1039 1038//1038
f 1341//1341 1038//1038 1342//1342
f 1348//1348 1347//1347 1346//1346
f 1348//1348 1346//1346 1349//1349
f 1348//1348 1349//1349 1350//1350
f 1348//1348 1350//1350 1351//1351
f 1348//1348 1351//1351 1045//1045
f 1348//1348 1045//1045 1044//1044
f 1348//1348 1044//1044 1041//1041
f 1348//1348 1041//1041 1347//1347
f 1352//1352 1351//1351 1350//1350
f 1352//1352 1350//1350 1353//1353
f 1352//1352 1353//1353 1354//1354
f 1352//1352 1354//1354 1355//1355
f 1352//1352 1355//1355 1049//1049
f 1352//1352 1049//1049 1048//1048
f 1352//1352 1048//1048 1045//1045
f 1352//1352 1045//1045 1351//1351
f 1356//1356 1355//1355 1354//1354
f 1356//1356 1354//1354 1359//1359
f 1357//1357 1359//1359 1360//1360
f 1357//1357 1360//1360 1362//1362
f 1358//1358 1362//1362 1054//1054
f 1358//1358 1054//1054 1053//1053
f 1357//1357 1053//1053 1050//1050
f 1357//1357 1050//1050 1355//1355
f 1363//1363 1362//1362 1361//1361
f 1363//1363 1361//1361 1364//1364
f 1363//1363 1364//1364 1365//1365
f 1363//1363 1365//1365 1366//1366
f 1363//1363 1366//1366 1060//1060
f 1363//1363 1060//1060 1058//1058
f 1363//1363 1058//1058 1054//1054
f 1363//1363 1054//1054 1362//1362
f 1367//1367 1368//1368 1369//1369
f 1367//1367 1369//1369 1370//1370
f 1367//1367 1370//1370 1371//1371
f 1367//1367 1371//1371 1372//1372
f 1367//1367 1372//1372 1346//1346
f 1367//1367 1346//1346 1344//1344
f 1367//1367 1344//1344 1343//1343
f 1367//1367 1343//1343 1368//1368
f 1373//1373 1372//1372 1371//1371
f 1373//1373 1371//1371 1375//1375
f 1374//1374 1375//1375 1376//1376
f 1374//1374 1376//1376 1377//1377
f 1373//1373 1377//1377 1350//1350
f 1373//1373 1350//1350 1349//1349
f 1374//1374 1349//1349 1346//1346
f 1374//1374 1346//1346 1372//1372
f 1378//1378 1377//1377 1376//1376
f 1378//1378 1376//1376 1379//1379
f 1378//1378 1379//1379 1380//1380
f 1378//1378 1380//1380 1381//1381
f 1378//1378 1381//1381 1354//1354
f 1378//1378 1354//1354 1353//1353
f 1378//1378 1353//1353 1350//1350
f 1378//1378 1350//1350 1377//1377
f 1382//1382 1381//1381 1380//1380
f 1382//1382 1380//1380 1383//1383
f 1382//1382 1383//1383 1384//1384
f 1382//1382 1384//1384 1385//1385
f 1382//1382 1385//1385 1361//1361
f 1382//1382 1361//1361 1359//1359
f 1382//1382 1359//1359 1354//1354
f 1382//1382 1354//1354 1381//1381
f 1386//1386 1385//1385 1384//1384
f 1386//1386 1384//1384 1388//1388
f 1387//1387 1388//1388 1389//1389
f 1387//1387 1389//1389 1390//1390
f 1387//1387 1390//1390 1365//1365
f 1387//1387 1365//1365 1364//1364
f 1387//1387 1364//1364 1361//1361
f 1387//1387 1361//1361 1385//1385
f 1391//1391 1392//1392 1393//1393
f 1391//1391 1393//1393 1394//1394
f 1391//1391 1394//1394 1395//1395
f 1391//1391 1395//1395 1396//1396
f 1391//1391 1396//1396 1371//1371
f 1391//1391 1371//1371 1370//1370
f 1391//1391 1370//1370 1369//1369
f 1391//1391 1369//1369 1392//1392
f 1397//1397 1396//1396 1395//1395
f 1397//1397 1395//1395 1398//1398
f 1397//1397 1398//1398 1399//1399
f 1397//1397 1399//1399 1400//1400
f 1397//1397 1400//1400 1376//1376
f 1397//1397 1376//1376 1375//1375
f 1397//1397 1375//1375 1371//1371
f 1397//1397 1371//1371 1396//1396
f 1401//1401 1400//1400 1399//1399
f 1401//1401 1399//1399 1402//1402
f 1401//1401 1402//1402 1403//1403
f 1401//1401 1403//1403 1404//1404
f 1401//1401 1404//1404 1380//1380
f 1401//1401 1380//1380 1379//1379
f 1401//1401 1379//1379 1376//1376
f 1401//1401 1376//1376 1400//1400
f 1406//1406 1405//1405 1403//1403
f 1406//1406 1403//1403 1407//1407
f 1406//1406 1407//1407 1408//1408
f 1406//1406 1408//1408 1409//1409
f 1406//1406 1410//1410 1384//1384
f 1406//1406 1384//1384 1383//1383
f 1406//1406 1383//1383 1380//1380
f 1406//1406 1380//1380 1404//1404
f 1411//1411 1410//1410 1408//1408
f 1411//1411 1408//1408 1412//1412
f 1411//1411 1412//1412 1413//1413
f 1411//1411 1413//1413 1414//1414
f 1411//1411 1414//1414 1389//1389
f 1411//1411 1389//1389 1388//1388
f 1411//1411 1388//1388 1384//1384
f 1411//1411 1384//1384 1410//1410
f 1415//1415 1416//1416 1417//1417
f 1415//1415 1417//1417 1418//1418
f 1415//1415 1418//1418 1419//1419
f 1415//1415 1419//1419 1420//1420
f 1415//1415 1421//1421 1395//1395
f 1415//1415 1395//1395 1394//1394
f 1415//1415 1394//1394 1393//1393
f 1415//1415 1393//1393 1416//1416
f 1423//1423 1422//1422 1419//1419
f 1423//1423 1419//1419 1425//1425
f 1424//1424 1425//1425 1426//1426
f 1424//1424 1426//1426 1427//1427
f 1424//1424 1427//1427 1399//1399
f 1424//1424 1399//1399 1398//1398
f 1424//1424 1398//1398 1395//1395
f 1424//1424 1395//1395 1421//1421
f 1428//1428 1427//1427 1426//1426
f 1428//1428 1426//1426 1429//1429
f 1428//1428 1429//1429 1430//1430
f 1428//1428 1430//1430 1432//1432
f 1428//1428 1432//1432 1403//1403
f 1428//1428 1403//1403 1402//1402
f 1428//1428 1402//1402 1399//1399
f 1428//1428 1399//1399 1427//1427
f 1433//1433 1432//1432 1431//1431
f 1433//1433 1431//1431 1434//1434
f 1433//1433 1434//1434 1435//1435
f 1433//1433 1435//1435 1437//1437
f 1433//1433 1438//1438 1408//1408
f 1433//1433 1408//1408 1407//1407
f 1433//1433 1407//1407 1403//1403
f 1433//1433 1403//1403 1432//1432
f 1439//1439 1438//1438 1435//1435
f 1439//1439 1435//1435 1440//1440
f 1439//1439 1440//1440 1441//1441
f 1439//1439 1441//1441 1442//1442
f 1439//1439 1442//1442 1413//1413
f 1439//1439 1413//1413 1412//1412
f 1439//1439 1412//1412 1408//1408
f 1439//1439 1408//1408 1437//1437
f 1443//1443 1444//1444 1204//1204
f 1443//1443 1204//1204 1203//1203
f 1443//1443 1203//1203 1202//1202
f 1443//1443 1202//1202 1445//1445
f 1443//1443 1445//1445 1419//1419
f 1443//1443 1419//1419 1418//1418
f 1443//1443 1418//1418 1417//1417
f 1443//1443 1417//1417 1444//1444
f 1446//1446 1445//1445 1202//1202
f 1446//1446 1202//1202 1212//1212
f 1446//1446 1212//1212 1211//1211
f 1446//1446 1211//1211 1448//1448
f 1447//1447 1448//1448 1426//1426
f 1447//1447 1426//1426 1425//1425
f 1446//1446 1425//1425 1419//1419
f 1446//1446 1419//1419 1445//1445
f 1449//1449 1448//1448 1211//1211
f 1449//1449 1211//1211 1221//1221
f 1450//1450 1222//1222 1220//1220
f 1450//1450 1220//1220 1451//1451
f 1449//1449 1452//1452 1431//1431
f 1449//1449 1431//1431 1429//1429
f 1449//1449 1429//1429 1426//1426
f 1449//1449 1426//1426 1448//1448
f 1453//1453 1452//1452 1220//1220
f 1453//1453 1220//1220 1230//1230
f 1453//1453 1230//1230 1229//1229
f 1453//1453 1229//1229 1454//1454
f 1453//1453 1455//1455 1435//1435
f 1453//1453 1435//1435 1434//1434
f 1453//1453 1434//1434 1431//1431
f 1453//1453 1431//1431 1452//1452
f 1456//1456 1455//1455 1229//1229
f 1456//1456 1229//1229 1236//1236
f 1456//1456 1236//1236 1235//1235
f 1456//1456 1235//1235 1457//1457
f 1456//1456 1457//1457 1441//1441
f 1456//1456 1441//1441 1440//1440
f 1456//1456 1440//1440 1436//1436
f 1456//1456 1436//1436 1454//1454
f 1458//1458 1459//1459 1460//1460
f 1458//1458 1460//1460 1461//1461
f 1458//1458 1461//1461 1462//1462
f 1458//1458 1462//1462 1464//1464
f 1458//1458 1464//1464 1465//1465
f 1458//1458 1465//1465 1466//1466
f 1458//1458 1466//1466 1467//1467
f 1458//1458 1467//1467 1459//1459
f 1468//1468 1464//1464 1462//1462
f 1468//1468 1462//1462 1469//1469
f 1468//1468 1469//1469 1470//1470
f 1468//1468 1470//1470 1471//1471
f 1468//1468 1472//1472 1473//1473
f 1468//1468 1473//1473 1474//1474
f 1468//1468 1474//1474 1465//1465
f 1468//1468 1465//1465 1464//1464
f 1475//1475 1472//1472 1470//1470
f 1475//1475 1470//1470 1476//1476
f 1475//1475 1476//1476 1477//1477
f 1475//1475 1477//1477 1478//1478
f 1475//1475 1478//1478 1479//1479
f 1475//1475 1479//1479 1480//1480
f 1475//1475 1480//1480 1473//1473
f 1475//1475 1473//1473 1472//1472
f 1481//1481 1478//1478 1477//1477
f 1481//1481 1477//1477 1482//1482
f 1481//1481 1482//1482 1483//1483
f 1481//1481 1483//1483 1484//1484
f 1481//1481 1484//1484 1485//1485
f 1481//1481 1485//1485 1486//1486
f 1481//1481 1486//1486 1479//1479
f 1481//1481 1479//1479 1478//1478
f 1487//1487 1484//1484 1483//1483
f 1487//1487 1483//1483 1488//1488
f 1487//1487 1488//1488 909//909
f 1487//1487 909//909 908//908
f 1487//1487 908//908 916//916
f 1487//1487 916//916 1489//1489
f 1487//1487 1489//1489 1485//1485
f 1487//1487 1485//1485 1484//1484
f 1490//1490 1491//1491 1492//1492
f 1490//1490 1492//1492 1493//1493
f 1490//1490 1493//1493 1495//1495
f 1490//1490 1495//1495 1496//1496
f 1490//1490 1496//1496 1463//1463
f 1490//1490 1463//1463 1461//1461
f 1490//1490 1461//1461 1460//1460
f 1490//1490 1460//1460 1491//1491
f 1497//1497 1496//1496 1495//1495
f 1497//1497 1495//1495 1498//1498
f 1497//1497 1499//1499 1500//1500
f 1497//1497 1500//1500 1501//1501
f 1497//1497 1501//1501 1470//1470
f 1497//1497 1470//1470 1469//1469
f 1497//1497 1469//1469 1462//1462
f 1497//1497 1462//1462 1496//1496
f 1502//1502 1501//1501 1500//1500
f 1502//1502 1500//1500 1503//1503
f 1502//1502 1503//1503 1504//1504
f 1502//1502 1504//1504 1505//1505
f 1502//1502 1505//1505 1477//1477
f 1502//1502 1477//1477 1476//1476
f 1502//1502 1476//1476 1470//1470
f 1502//1502 1470//1470 1501//1501
f 1506//1506 1505//1505 1504//1504
f 1506//1506 1504//1504 1507//1507
f 1506//1506 1507//1507 1508//1508
f 1506//1506 1508//1508 1509//1509
f 1506//1506 1509//1509 1483//1483
f 1506//1506 1483//1483 1482//1482
f 1506//1506 1482//1482 1477//1477
f 1506//1506 1477//1477 1505//1505
f 1510//1510 1509//1509 1508//1508
f 1510//1510 1508//1508 1511//1511
f 1510//1510 1511//1511 955//955
f 1510//1510 955//955 954//954
f 1510//1510 954//954 909//909
f 1510//1510 909//909 1488//1488
f 1510//1510 1488//1488 1483//1483
f 1510//1510 1483//1483 1509//1509
f 1512//1512 1513//1513 1514//1514
f 1512//1512 1514//1514 1515//1515
f 1512//1512 1515//1515 1516//1516
f 1512//1512 1516//1516 1517//1517
f 1512//1512 1517//1517 1495//1495
f 1512//1512 1495//1495 1493//1493
f 1512//1512 1494//1494 1492//1492
f 1512//1512 1492//1492 1513//1513
f 1518//1518 1517//1517 1516//1516
f 1518//1518 1516//1516 1519//1519
f 1518//1518 1519//1519 1520//1520
f 1518//1518 1520//1520 1521//1521
f 1518//1518 1521//1521 1500//1500
f 1518//1518 1500//1500 1498//1498
f 1518//1518 1498//1498 1495//1495
f 1518//1518 1495//1495 1517//1517
f 1522//1522 1521//1521 1520//1520
f 1522//1522 1520//1520 1523//1523
f 1522//1522 1523//1523 1524//1524
f 1522//1522 1524//1524 1525//1525
f 1522//1522 1525//1525 1504//1504
f 1522//1522 1504//1504 1503//1503
f 1522//1522 1503//1503 1500//1500
f 1522//1522 1500//1500 1521//1521
f 1526//1526 1525//1525 1524//1524
f 1526//1526 1524//1524 1527//1527
f 1526//1526 1527//1527 1528//1528
f 1526//1526 1528//1528 1529//1529
f 1526//1526 1529//1529 1508//1508
f 1526//1526 1508//1508 1507//1507
f 1526//1526 1507//1507 1504//1504
f 1526//1526 1504//1504 1525//1525
f 1530//1530 1529//1529 1528//1528
f 1530//1530 1528//1528 1531//1531
f 1530//1530 1531//1531 982//982
f 1530//1530 982//982 981//981
f 1530//1530 981//981 955//955
f 1530//1530 955//955 1511//1511
f 1530//1530 1511//1511 1508//1508
f 1530//1530 1508//1508 1529//1529
f 1532//1532 1533//1533 1534//1534
f 1532//1532 1534//1534 1535//1535
f 1532//1532 1535//1535 1536//1536
f 1532//1532 1536//1536 1537//1537
f 1532//1532 1537//1537 1516//1516
f 1532//1532 1516//1516 1515//1515
f 1532//1532 1515//1515 1514//1514
f 1532//1532 1514//1514 1533//1533
f 1538//1538 1537//1537 1536//1536
f 1538//1538 1536//1536 1539//1539
f 1538//1538 1539//1539 1540//1540
f 1538//1538 1540//1540 1542//1542
f 1538//1538 1542//1542 1520//1520
f 1538//1538 1520//1520 1519//1519
f 1538//1538 1519//1519 1516//1516
f 1538//1538 1516//1516 1537//1537
f 1543//1543 1542//1542 1541//1541
f 1543//1543 1541//1541 1544//1544
f 1543//1543 1545//1545 1546//1546
f 1543//1543 1546//1546 1547//1547
f 1543//1543 1547//1547 1524//1524
f 1543//1543 1524//1524 1523//1523
f 1543//1543 1523//1523 1520//1520
f 1543//1543 1520//1520 1542//1542
f 1549//1549 1548//1548 1546//1546
f 1549//1549 1546//1546 1550//1550
f 1549//1549 1550//1550 1551//1551
f 1549//1549 1551//1551 1552//1552
f 1549//1549 1552//1552 1528//1528
f 1549//1549 1528//1528 1527//1527
f 1549//1549 1527//1527 1524//1524
f 1549//1549 1524//1524 1548//1548
f 1553//1553 1552//1552 1551//1551
f 1553//1553 1551//1551 1554//1554
f 1553//1553 1554//1554 1010//1010
f 1553//1553 1010//1010 1009//1009
f 1553//1553 1009//1009 982//982
f 1553//1553 982//982 1531//1531
f 1553//1553 1531//1531 1528//1528
f 1553//1553 1528//1528 1552//1552
f 1555//1555 1556//1556 1557//1557
f 1555//1555 1557//1557 1558//1558
f 1555//1555 1558//1558 1559//1559
f 1555//1555 1559//1559 1560//1560
f 1555//1555 1560//1560 1536//1536
f 1555//1555 1536//1536 1535//1535
f 1555//1555 1535//1535 1534//1534
f 1555//1555 1534//1534 1556//1556
f 1561//1561 1560//1560 1559//1559
f 1561//1561 1559//1559 1562//1562
f 1561//1561 1562//1562 1563//1563
f 1561//1561 1563//1563 1564//1564
f 1561//1561 1564//1564 1540//1540
f 1561//1561 1540//1540 1539//1539
f 1561//1561 1539//1539 1536//1536
f 1561//1561 1536//1536 1560//1560
f 1566//1566 1565//1565 1563//1563
f 1566//1566 1563//1563 1567//1567
f 1566//1566 1567//1567 1568//1568
f 1566//1566 1568//1568 1569//1569
f 1566//1566 1569//1569 1546//1546
f 1566//1566 1546//1546 1545//1545
f 1566//1566 1545//1545 1540//1540
f 1566//1566 1540//1540 1565//1565
f 1570//1570 1569//1569 1568//1568
f 1570//1570 1568//1568 1571//1571
f 1570//1570 1571//1571 1572//1572
f 1570//1570 1572//1572 1573//1573
f 1570//1570 1573//1573 1551//1551
f 1570//1570 1551//1551 1550//1550
f 1570//1570 1550//1550 1546//1546
f 1570//1570 1546//1546 1569//1569
f 1574//1574 1573//1573 1572//1572
f 1574//1574 1572//1572 1575//1575
f 1574//1574 1575//1575 1038//1038
f 1574//1574 1038//1038 1037//1037
f 1574//1574 1037//1037 1010//1010
f 1574//1574 1010//1010 1554//1554
f 1574//1574 1554//1554 1551//1551
f 1574//1574 1551//1551 1573//1573
f 1576//1576 1577//1577 1578//1578
f 1576//1576 1578//1578 1579//1579
f 1576//1576 1579//1579 1580//1580
f 1576//1576 1580//1580 1582//1582
f 1576//1576 1582//1582 1583//1583
f 1576//1576 1583//1583 1584//1584
f 1576//1576 1584//1584 1585//1585
f 1576//1576 1585//1585 1577//1577
f 1588//1588 1582//1582 1581//1581
f 1588//1588 1581//1581 1590//1590
f 1589//1589 1590//1590 1591//1591
f 1589//1589 1591//1591 1592//1592
f 1589//1589 1593//1593 1594//1594
f 1589//1589 1594//1594 1595//1595
f 1589//1589 1595//1595 1583//1583
f 1589//1589 1583//1583 1582//1582
f 1596//1596 1593//1593 1591//1591
f 1596//1596 1591//1591 1597//1597
f 1596//1596 1597//1597 1598//1598
f 1596//1596 1598//1598 1599//1599
f 1596//1596 1599//1599 1600//1600
f 1596//1596 1600//1600 1601//1601
f 1596//1596 1601//1601 1594//1594
f 1596//1596 1594//1594 1593//1593
f 1602//1602 1599//1599 1598//1598
f 1602//1602 1598//1598 1603//1603
f 1602//1602 1603//1603 1604//1604
f 1602//1602 1604//1604 1605//1605
f 1602//1602 1605//1605 1606//1606
f 1602//1602 1606//1606 1607//1607
f 1602//1602 1607//1607 1600//1600
f 1602//1602 1600//1600 1599//1599
f 1608//1608 1605//1605 1604//1604
f 1608//1608 1604//1604 1609//1609
f 1608//1608 1609//1609 1064//1064
f 1608//1608 1064//1064 1063//1063
f 1608//1608 1063//1063 1071//1071
f 1608//1608 1071//1071 1610//1610
f 1608//1608 1610//1610 1606//1606
f 1608//1608 1606//1606 1605//1605
f 1611//1611 1612//1612 1613//1613
f 1611//1611 1613//1613 1614//1614
f 1611//1611 1614//1614 1615//1615
f 1611//1611 1615//1615 1616//1616
f 1611//1611 1616//1616 1580//1580
f 1611//1611 1580//1580 1579//1579
f 1611//1611 1579//1579 1578//1578
f 1611//1611 1578//1578 1612//1612
f 1617//1617 1616//1616 1615//1615
f 1617//1617 1615//1615 1618//1618
f 1617//1617 1618//1618 1620//1620
f 1617//1617 1620//1620 1621//1621
f 1617//1617 1621//1621 1591//1591
f 1617//1617 1591//1591 1590//1590
f 1617//1617 1590//1590 1581//1581
f 1617//1617 1581//1581 1616//1616
f 1622//1622 1621//1621 1620//1620
f 1622//1622 1620//1620 1623//1623
f 1622//1622 1623//1623 1624//1624
f 1622//1622 1624//1624 1625//1625
f 1622//1622 1625//1625 1598//1598
f 1622//1622 1598//1598 1597//1597
f 1622//1622 1597//1597 1591//1591
f 1622//1622 1591//1591 1621//1621
f 1626//1626 1625//1625 1624//1624
f 1626//1626 1624//1624 1627//1627
f 1626//1626 1627//1627 1628//1628
f 1626//1626 1628//1628 1629//1629
f 1626//1626 1629//1629 1604//1604
f 1626//1626 1604//1604 1603//1603
f 1626//1626 1603//1603 1598//1598
f 1626//1626 1598//1598 1625//1625
f 1630//1630 1629//1629 1628//1628
f 1630//1630 1628//1628 1631//1631
f 1630//1630 1631//1631 1104//1104
f 1630//1630 1104//1104 1103//1103
f 1630//1630 1103//1103 1064//1064
f 1630//1630 1064//1064 1609//1609
f 1630//1630 1609//1609 1604//1604
f 1630//1630 1604//1604 1629//1629
f 1632//1632 1633//1633 1634//1634
f 1632//1632 1634//1634 1635//1635
f 1632//1632 1635//1635 1636//1636
f 1632//1632 1636//1636 1637//1637
f 1632//1632 1637//1637 1615//1615
f 1632//1632 1615//1615 1614//1614
f 1632//1632 1614//1614 1613//1613
f 1632//1632 1613//1613 1633//1633
f 1638//1638 1637//1637 1636//1636
f 1638//1638 1636//1636 1639//1639
f 1638//1638 1639//1639 1640//1640
f 1638//1638 1640//1640 1641//1641
f 1638//1638 1641//1641 1620//1620
f 1638//1638 1620//1620 1618//1618
f 1638//1638 1619//1619 1615//1615
f 1638//1638 1615//1615 1637//1637
f 1642//1642 1641//1641 1640//1640
f 1642//1642 1640//1640 1643//1643
f 1642//1642 1643//1643 1644//1644
f 1642//1642 1644//1644 1645//1645
f 1642//1642 1645//1645 1624//1624
f 1642//1642 1624//1624 1623//1623
f 1642//1642 1623//1623 1620//1620
f 1642//1642 1620//1620 1641//1641
f 1646//1646 1645//1645 1644//1644
f 1646//1646 1644//1644 1647//1647
f 1646//1646 1647//1647 1648//1648
f 1646//1646 1648//1648 1649//1649
f 1646//1646 1649//1649 1628//1628
f 1646//1646 1628//1628 1627//1627
f 1646//1646 1627//1627 1624//1624
f 1646//1646 1624//1624 1645//1645
f 1650//1650 1649//1649 1648//1648
f 1650//1650 1648//1648 1651//1651
f 1650//1650 1651//1651 1129//1129
f 1650//1650 1129//1129 1128//1128
f 1650//1650 1128//1128 1104//1104
f 1650//1650 1104//1104 1631//1631
f 1650//1650 1631//1631 1628//1628
f 1650//1650 1628//1628 1649//1649
f 1652//1652 1653//1653 1654//1654
f 1652//1652 1654//1654 1655//1655
f 1652//1652 1655//1655 1656//1656
f 1652//1652 1656//1656 1657//1657
f 1652//1652 1657//1657 1636//1636
f 1652//1652 1636//1636 1635//1635
f 1652//1652 1635//1635 1634//1634
f 1652//1652 1634//1634 1653//1653
f 1659//1659 1658//1658 1656//1656
f 1659//1659 1656//1656 1661//1661
f 1659//1659 1661//1661 1662//1662
f 1659//1659 1662//1662 1664//1664
f 1659//1659 1664//1664 1640//1640
f 1659//1659 1640//1640 1639//1639
f 1660//1660 1639//1639 1636//1636
f 1660//1660 1636//1636 1657//1657
f 1665//1665 1664//1664 1663//1663
f 1665//1665 1663//1663 1666//1666
f 1665//1665 1667//1667 1668//1668
f 1665//1665 1668//1668 1669//1669
f 1665//1665 1670//1670 1644//1644
f 1665//1665 1644//1644 1643//1643
f 1665//1665 1643//1643 1640//1640
f 1665//1665 1640//1640 1664//1664
f 1671//1671 1669//1669 1668//1668
f 1671//1671 1668//1668 1672//1672
f 1671//1671 1672//1672 1673//1673
f 1671//1671 1673//1673 1674//1674
f 1671//1671 1674//1674 1648//1648
f 1671//1671 1648//1648 1647//1647
f 1671//1671 1647//1647 1644//1644
f 1671//1671 1644//1644 1670//1670
f 1675//1675 1674//1674 1673//1673
f 1675//1675 1673//1673 1676//1676
f 1675//1675 1676//1676 1154//1154
f 1675//1675 1154//1154 1153//1153
f 1675//1675 1153//1153 1129//1129
f 1675//1675 1129//1129 1651//1651
f 1675//1675 1651//1651 1648//1648
f 1675//1675 1648//1648 1674//1674
f 1677//1677 1678//1678 1467//1467
f 1677//1677 1467//1467 1466//1466
f 1677//1677 1466//1466 1465//1465
f 1677//1677 1465//1465 1679//1679
f 1677//1677 1679//1679 1656//1656
f 1677//1677 1656//1656 1655//1655
f 1677//1677 1655//1655 1654//1654
f 1677//1677 1654//1654 1678//1678
f 1680//1680 1679//1679 1465//1465
f 1680//1680 1465//1465 1474//1474
f 1680//1680 1474//1474 1473//1473
f 1680//1680 1473//1473 1681//1681
f 1680//1680 1682//1682 1662//1662
f 1680//1680 1662//1662 1661//1661
f 1680//1680 1661//1661 1656//1656
f 1680//1680 1656//1656 1679//1679
f 1684//1684 1683//1683 1473//1473
f 1684//1684 1473//1473 1480//1480
f 1684//1684 1480//1480 1479//1479
f 1684//1684 1479//1479 1685//1685
f 1684//1684 1685//1685 1668//1668
f 1684//1684 1668//1668 1666//1666
f 1684//1684 1667//1667 1662//1662
f 1684//1684 1662//1662 1682//1682
f 1687//1687 1685//1685 1479//1479
f 1687//1687 1479//1479 1486//1486
f 1687//1687 1486//1486 1485//1485
f 1687//1687 1485//1485 1688//1688
f 1687//1687 1688//1688 1673//1673
f 1687//1687 1673//1673 1672//1672
f 1687//1687 1672//1672 1668//1668
f 1687//1687 1668//1668 1686//1686
f 1689//1689 1688//1688 1485//1485
f 1689//1689 1485//1485 1489//1489
f 1689//1689 1489//1489 916//916
f 1689//1689 916//916 1184//1184
f 1689//1689 1184//1184 1154//1154
f 1689//1689 1154//1154 1676//1676
f 1689//1689 1676//1676 1673//1673
f 1689//1689 1673//1673 1688//1688
f 1690//1690 1691//1691 1692//1692
f 1690//1690 1692//1692 1693//1693
f 1690//1690 1693//1693 1694//1694
f 1690//1690 1694//1694 1696//1696
f 1690//1690 1696//1696 1697//1697
f 1690//1690 1697//1697 1698//1698
f 1690//1690 1698//1698 1699//1699
f 1690//1690 1699//1699 1691//1691
f 1700//1700 1696//1696 1695//1695
f 1700//1700 1695//1695 1702//1702
f 1701//1701 1702//1702 1703//1703
f 1701//1701 1703//1703 1704//1704
f 1701//1701 1705//1705 1706//1706
f 1701//1701 1706//1706 1707//1707
f 1701//1701 1707//1707 1697//1697
f 1701//1701 1697//1697 1696//1696
f 1708//1708 1704//1704 1703//1703
f 1708//1708 1703//1703 1709//1709
f 1708//1708 1709//1709 1710//1710
f 1708//1708 1710//1710 1711//1711
f 1708//1708 1711//1711 1712//1712
f 1708//1708 1712//1712 1713//1713
f 1708//1708 1713//1713 1706//1706
f 1708//1708 1706//1706 1704//1704
f 1714//1714 1711//1711 1710//1710
f 1714//1714 1710//1710 1715//1715
f 1714//1714 1715//1715 1716//1716
f 1714//1714 1716//1716 1717//1717
f 1714//1714 1717//1717 1718//1718
f 1714//1714 1718//1718 1719//1719
f 1714//1714 1719//1719 1712//1712
f 1714//1714 1712//1712 1711//1711
f 1720//1720 1717//1717 1716//1716
f 1720//1720 1716//1716 1721//1721
f 1720//1720 1721//1721 1197//1197
f 1720//1720 1197//1197 1196//1196
f 1720//1720 1196//1196 1204//1204
f 1720//1720 1204//1204 1722//1722
f 1720//1720 1722//1722 1718//1718
f 1720//1720 1718//1718 1717//1717
f 1723//1723 1724//1724 1725//1725
f 1723//1723 1725//1725 1726//1726
f 1723//1723 1727//1727 1728//1728
f 1723//1723 1728//1728 1729//1729
f 1723//1723 1729//1729 1694//1694
f 1723//1723 1694//1694 1693//1693
f 1723//1723 1693//1693 1692//1692
f 1723//1723 1692//1692 1724//1724
f 1730//1730 1729//1729 1728//1728
f 1730//1730 1728//1728 1731//1731
f 1730//1730 1731//1731 1732//1732
f 1730//1730 1732//1732 1733//1733
f 1730//1730 1733//1733 1703//1703
f 1730//1730 1703//1703 1702//1702
f 1730//1730 1702//1702 1694//1694
f 1730//1730 1694//1694 1729//1729
f 1734//1734 1733//1733 1732//1732
f 1734//1734 1732//1732 1735//1735
f 1734//1734 1735//1735 1736//1736
f 1734//1734 1736//1736 1737//1737
f 1734//1734 1737//1737 1710//1710
f 1734//1734 1710//1710 1709//1709
f 1734//1734 1709//1709 1703//1703
f 1734//1734 1703//1703 1733//1733
f 1739//1739 1737//1737 1736//1736
f 1739//1739 1736//1736 1740//1740
f 1739//1739 1740//1740 1741//1741
f 1739//1739 1741//1741 1742//1742
f 1739//1739 1742//1742 1716//1716
f 1739//1739 1716//1716 1715//1715
f 1739//1739 1715//1715 1710//1710
f 1739//1739 1710//1710 1738//1738
f 1743//1743 1742//1742 1741//1741
f 1743//1743 1741//1741 1744//1744
f 1743//1743 1744//1744 1240//1240
f 1743//1743 1240//1240 1238//1238
f 1743//1743 1239//1239 1197//1197
f 1743//1743 1197//1197 1721//1721
f 1743//1743 1721//1721 1716//1716
f 1743//1743 1716//1716 1742//1742
f 1745//1745 1746//1746 1747//1747
f 1745//1745 1747//1747 1748//1748
f 1745//1745 1748//1748 1749//1749
f 1745//1745 1749//1749 1750//1750
f 1745//1745 1750//1750 1728//1728
f 1745//1745 1728//1728 1727//1727
f 1745//1745 1727//1727 1725//1725
f 1745//1745 1725//1725 1746//1746
f 1751//1751 1750//1750 1749//1749
f 1751//1751 1749//1749 1752//1752
f 1751//1751 1752//1752 1753//1753
f 1751//1751 1753//1753 1754//1754
f 1751//1751 1754//1754 1732//1732
f 1751//1751 1732//1732 1731//1731
f 1751//1751 1731//1731 1728//1728
f 1751//1751 1728//1728 1750//1750
f 1755//1755 1754//1754 1753//1753
f 1755//1755 1753//1753 1756//1756
f 1755//1755 1756//1756 1757//1757
f 1755//1755 1757//1757 1758//1758
f 1755//1755 1758//1758 1736//1736
f 1755//1755 1736//1736 1735//1735
f 1755//1755 1735//1735 1732//1732
f 1755//1755 1732//1732 1754//1754
f 1759//1759 1758//1758 1757//1757
f 1759//1759 1757//1757 1760//1760
f 1759//1759 1760//1760 1761//1761
f 1759//1759 1761//1761 1762//1762
f 1759//1759 1762//1762 1741//1741
f 1759//1759 1741//1741 1740//1740
f 1759//1759 1740//1740 1736//1736
f 1759//1759 1736//1736 1758//1758
f 1763//1763 1762//1762 1761//1761
f 1763//1763 1761//1761 1764//1764
f 1763//1763 1764//1764 1267//1267
f 1763//1763 1267//1267 1266//1266
f 1763//1763 1266//1266 1240//1240
f 1763//1763 1240//1240 1744//1744
f 1763//1763 1744//1744 1741//1741
f 1763//1763 1741//1741 1762//1762
f 1765//1765 1766//1766 1767//1767
f 1765//1765 1767//1767 1768//1768
f 1765//1765 1768//1768 1769//1769
f 1765//1765 1769//1769 1771//1771
f 1765//1765 1772//1772 1749//1749
f 1765//1765 1749//1749 1748//1748
f 1765//1765 1748//1748 1747//1747
f 1765//1765 1747//1747 1766//1766
f 1773//1773 1771//1771 1769//1769
f 1773//1773 1769//1769 1774//1774
f 1773//1773 1774//1774 1775//1775
f 1773//1773 1775//1775 1777//1777
f 1773//1773 1777//1777 1753//1753
f 1773//1773 1753//1753 1752//1752
f 1773//1773 1752//1752 1749//1749
f 1773//1773 1749//1749 1772//1772
f 1778//1778 1777//1777 1776//1776
f 1778//1778 1776//1776 1779//1779
f 1778//1778 1779//1779 1780//1780
f 1778//1778 1780//1780 1781//1781
f 1778//1778 1782//1782 1757//1757
f 1778//1778 1757//1757 1756//1756
f 1778//1778 1756//1756 1753//1753
f 1778//1778 1753//1753 1777//1777
f 1783//1783 1781//1781 1780//1780
f 1783//1783 1780//1780 1784//1784
f 1783//1783 1784//1784 1785//1785
f 1783//1783 1785//1785 1786//1786
f 1783//1783 1786//1786 1761//1761
f 1783//1783 1761//1761 1760//1760
f 1783//1783 1760//1760 1757//1757
f 1783//1783 1757//1757 1781//1781
f 1787//1787 1786//1786 1785//1785
f 1787//1787 1785//1785 1788//1788
f 1787//1787 1789//1789 1297//1297
f 1787//1787 1297//1297 1296//1296
f 1787//1787 1296//1296 1267//1267
f 1787//1787 1267//1267 1764//1764
f 1787//1787 1764//1764 1761//1761
f 1787//1787 1761//1761 1786//1786
f 1790//1790 1791//1791 1585//1585
f 1790//1790 1585//1585 1584//1584
f 1790//1790 1584//1584 1583//1583
f 1790//1790 1583//1583 1792//1792
f 1790//1790 1792//1792 1769//1769
f 1790//1790 1769//1769 1768//1768
f 1790//1790 1768//1768 1767//1767
f 1790//1790 1767//1767 1791//1791
f 1793//1793 1792//1792 1583//1583
f 1793//1793 1583//1583 1595//1595
f 1793//1793 1595//1595 1594//1594
f 1793//1793 1594//1594 1794//1794
f 1793//1793 1794//1794 1776//1776
f 1793//1793 1776//1776 1774//1774
f 1793//1793 1774//1774 1770//1770
f 1793//1793 1770//1770 1792//1792
f 1796//1796 1795//1795 1594//1594
f 1796//1796 1594//1594 1601//1601
f 1796//1796 1601//1601 1600//1600
f 1796//1796 1600//1600 1797//1797
f 1796//1796 1797//1797 1780//1780
f 1796//1796 1780//1780 1779//1779
f 1796//1796 1779//1779 1775//1775
f 1796//1796 1775//1775 1794//1794
f 1798//1798 1797//1797 1600//1600
f 1798//1798 1600//1600 1607//1607
f 1798//1798 1607//1607 1606//1606
f 1798//1798 1606//1606 1799//1799
f 1798//1798 1799//1799 1785//1785
f 1798//1798 1785//1785 1784//1784
f 1798//1798 1784//1784 1780//1780
f 1798//1798 1780//1780 1797//1797
f 1800//1800 1799//1799 1606//1606
f 1800//1800 1606//1606 1610//1610
f 1800//1800 1610//1610 1071//1071
f 1800//1800 1071//1071 1326//1326
f 1800//1800 1326//1326 1297//1297
f 1800//1800 1297//1297 1788//1788
f 1800//1800 1789//1789 1785//1785
f 1800//1800 1785//1785 1799//1799
f 1801//1801 1802//1802 1803//1803
f 1801//1801 1803//1803 1804//1804
f 1801//1801 1804//1804 1805//1805
f 1801//1801 1805//1805 1807//1807
f 1801//1801 1807//1807 1559//1559
f 1801//1801 1559//1559 1558//1558
f 1801//1801 1558//1558 1557//1557
f 1801//1801 1557//1557 1802//1802
f 1808//1808 1807//1807 1806//1806
f 1808//1808 1806//1806 1809//1809
f 1808//1808 1809//1809 1810//1810
f 1808//1808 1810//1810 1811//1811
f 1808//1808 1812//1812 1563//1563
f 1808//1808 1563//1563 1562//1562
f 1808//1808 1562//1562 1559//1559
f 1808//1808 1559//1559 1807//1807
f 1813//1813 1811//1811 1810//1810
f 1813//1813 1810//1810 1814//1814
f 1813//1813 1814//1814 1815//1815
f 1813//1813 1815//1815 1816//1816
f 1813//1813 1816//1816 1568//1568
f 1813//1813 1568//1568 1567//1567
f 1813//1813 1567//1567 1563//1563
f 1813//1813 1563//1563 1811//1811
f 1817//1817 1816//1816 1815//1815
f 1817//1817 1815//1815 1818//1818
f 1817//1817 1818//1818 1819//1819
f 1817//1817 1819//1819 1820//1820
f 1817//1817 1820//1820 1572//1572
f 1817//1817 1572//1572 1571//1571
f 1817//1817 1571//1571 1568//1568
f 1817//1817 1568//1568 1816//1816
f 1821//1821 1820//1820 1819//1819
f 1821//1821 1819//1819 1822//1822
f 1821//1821 1822//1822 1343//1343
f 1821//1821 1343//1343 1342//1342
f 1821//1821 1342//1342 1038//1038
f 1821//1821 1038//1038 1575//1575
f 1821//1821 1575//1575 1572//1572
f 1821//1821 1572//1572 1820//1820
f 1823//1823 1824//1824 1825//1825
f 1823//1823 1825//1825 1826//1826
f 1823//1823 1827//1827 1828//1828
f 1823//1823 1828//1828 1829//1829
f 1823//1823 1829//1829 1806//1806
f 1823//1823 1806//1806 1804//1804
f 1823//1823 1804//1804 1803//1803
f 1823//1823 1803//1803 1824//1824
f 1830//1830 1829//1829 1828//1828
f 1830//1830 1828//1828 1831//1831
f 1830//1830 1832//1832 1833//1833
f 1830//1830 1833//1833 1834//1834
f 1830//1830 1834//1834 1810//1810
f 1830//1830 1810//1810 1809//1809
f 1830//1830 1809//1809 1806//1806
f 1830//1830 1806//1806 1829//1829
f 1835//1835 1834//1834 1833//1833
f 1835//1835 1833//1833 1836//1836
f 1835//1835 1836//1836 1837//1837
f 1835//1835 1837//1837 1838//1838
f 1835//1835 1838//1838 1815//1815
f 1835//1835 1815//1815 1814//1814
f 1835//1835 1814//1814 1810//1810
f 1835//1835 1810//1810 1834//1834
f 1839//1839 1838//1838 1837//1837
f 1839//1839 1837//1837 1840//1840
f 1839//1839 1840//1840 1842//1842
f 1839//1839 1842//1842 1843//1843
f 1839//1839 1843//1843 1819//1819
f 1839//1839 1819//1819 1818//1818
f 1839//1839 1818//1818 1815//1815
f 1839//1839 1815//1815 1838//1838
f 1844//1844 1843//1843 1842//1842
f 1844//1844 1842//1842 1845//1845
f 1844//1844 1845//1845 1369//1369
f 1844//1844 1369//1369 1368//1368
f 1844//1844 1368//1368 1343//1343
f 1844//1844 1343//1343 1822//1822
f 1844//1844 1822//1822 1819//1819
f 1844//1844 1819//1819 1843//1843
f 1846//1846 1847//1847 1848//1848
f 1846//1846 1848//1848 1849//1849
f 1846//1846 1849//1849 1850//1850
f 1846//1846 1850//1850 1851//1851
f 1846//1846 1851//1851 1828//1828
f 1846//1846 1828//1828 1826//1826
f 1846//1846 1827//1827 1825//1825
f 1846//1846 1825//1825 1847//1847
f 1852//1852 1851//1851 1850//1850
f 1852//1852 1850//1850 1853//1853
f 1852//1852 1853//1853 1854//1854
f 1852//1852 1854//1854 1855//1855
f 1852//1852 1855//1855 1833//1833
f 1852//1852 1833//1833 1832//1832
f 1852//1852 1832//1832 1828//1828
f 1852//1852 1828//1828 1851//1851
f 1856//1856 1855//1855 1854//1854
f 1856//1856 1854//1854 1857//1857
f 1856//1856 1857//1857 1858//1858
f 1856//1856 1858//1858 1859//1859
f 1856//1856 1859//1859 1837//1837
f 1856//1856 1837//1837 1836//1836
f 1856//1856 1836//1836 1833//1833
f 1856//1856 1833//1833 1855//1855
f 1860//1860 1859//1859 1858//1858
f 1860//1860 1858//1858 1861//1861
f 1860//1860 1861//1861 1862//1862
f 1860//1860 1862//1862 1863//1863
f 1860//1860 1863//1863 1842//1842
f 1860//1860 1842//1842 1841//1841
f 1860//1860 1840//1840 1837//1837
f 1860//1860 1837//1837 1859//1859
f 1864//1864 1863//1863 1862//1862
f 1864//1864 1862//1862 1865//1865
f 1864//1864 1865//1865 1393//1393
f 1864//1864 1393//1393 1392//1392
f 1864//1864 1392//1392 1369//1369
f 1864//1864 1369//1369 1845//1845
f 1864//1864 1845//1845 1842//1842
f 1864//1864 1842//1842 1863//1863
f 1866//1866 1867//1867 1868//1868
f 1866//1866 1868//1868 1869//1869
f 1866//1866 1869//1869 1870//1870
f 1866//1866 1870//1870 1871//1871
f 1866//1866 1872//1872 1850//1850
f 1866//1866 1850//1850 1849//1849
f 1866//1866 1849//1849 1848//1848
f 1866//1866 1848//1848 1867//1867
f 1873//1873 1871//1871 1870//1870
f 1873//1873 1870//1870 1874//1874
f 1873//1873 1874//1874 1875//1875
f 1873//1873 1875//1875 1876//1876
f 1873//1873 1876//1876 1854//1854
f 1873//1873 1854//1854 1853//1853
f 1873//1873 1853//1853 1850//1850
f 1873//1873 1850//1850 1872//1872
f 1877//1877 1876//1876 1875//1875
f 1877//1877 1875//1875 1878//1878
f 1877//1877 1879//1879 1880//1880
f 1877//1877 1880//1880 1881//1881
f 1877//1877 1881//1881 1858//1858
f 1877//1877 1858//1858 1857//1857
f 1877//1877 1857//1857 1854//1854
f 1877//1877 1854//1854 1876//1876
f 1883//1883 1882//1882 1880//1880
f 1883//1883 1880//1880 1884//1884
f 1883//1883 1884//1884 1885//1885
f 1883//1883 1885//1885 1886//1886
f 1883//1883 1886//1886 1862//1862
f 1883//1883 1862//1862 1861//1861
f 1883//1883 1861//1861 1858//1858
f 1883//1883 1858//1858 1881//1881
f 1887//1887 1886//1886 1885//1885
f 1887//1887 1885//1885 1888//1888
f 1887//1887 1889//1889 1417//1417
f 1887//1887 1417//1417 1416//1416
f 1887//1887 1416//1416 1393//1393
f 1887//1887 1393//1393 1865//1865
f 1887//1887 1865//1865 1862//1862
f 1887//1887 1862//1862 1886//1886
f 1890//1890 1891//1891 1699//1699
f 1890//1890 1699//1699 1698//1698
f 1890//1890 1698//1698 1697//1697
f 1890//1890 1697//1697 1892//1892
f 1890//1890 1892//1892 1870//1870
f 1890//1890 1870//1870 1869//1869
f 1890//1890 1869//1869 1868//1868
f 1890//1890 1868//1868 1891//1891
f 1893//1893 1892//1892 1697//1697
f 1893//1893 1697//1697 1707//1707
f 1893//1893 1707//1707 1706//1706
f 1893//1893 1706//1706 1894//1894
f 1893//1893 1894//1894 1875//1875
f 1893//1893 1875//1875 1874//1874
f 1893//1893 1874//1874 1870//1870
f 1893//1893 1870//1870 1892//1892
f 1895//1895 1894//1894 1706//1706
f 1895//1895 1706//1706 1713//1713
f 1895//1895 1713//1713 1712//1712
f 1895//1895 1712//1712 1896//1896
f 1895//1895 1896//1896 1880//1880
f 1895//1895 1880//1880 1878//1878
f 1895//1895 1879//1879 1875//1875
f 1895//1895 1875//1875 1894//1894
f 1897//1897 1896//1896 1712//1712
f 1897//1897 1712//1712 1719//1719
f 1897//1897 1719//1719 1718//1718
f 1897//1897 1718//1718 1898//1898
f 1897//1897 1898//1898 1885//1885
f 1897//1897 1885//1885 1884//1884
f 1897//1897 1884//1884 1880//1880
f 1897//1897 1880//1880 1896//1896
f 1899//1899 1898//1898 1718//1718
f 1899//1899 1718//1718 1722//1722
f 1899//1899 1722//1722 1204//1204
f 1899//1899 1204//1204 1444//1444
f 1899//1899 1444//1444 1417//1417
f 1899//1899 1417//1417 1888//1888
f 1899//1899 1889//1889 1885//1885
f 1899//1899 1885//1885 1898//1898
f 1900//1900 1902//1902 1903//1903
f 1900//1900 1903//1903 1904//1904
f 1900//1900 1904//1904 1905//1905
f 1900//1900 1905//1905 1906//1906
f 1901//1901 1906//1906 1907//1907
f 1901//1901 1907//1907 1908//1908
f 1900//1900 1908//1908 1909//1909
f 1900//1900 1909//1909 1902//1902
f 1910//1910 1906//1906 1905//1905
f 1910//1910 1905//1905 1911//1911
f 1910//1910 1911//1911 1912//1912
f 1910//1910 1912//1912 1913//1913
f 1910//1910 1913//1913 1914//1914
f 1910//1910 1914//1914 1915//1915
f 1910//1910 1915//1915 1907//1907
f 1910//1910 1907//1907 1906//1906
f 1916//1916 1913//1913 1912//1912
f 1916//1916 1912//1912 1917//1917
f 1916//1916 1917//1917 1918//1918
f 1916//1916 1918//1918 1919//1919
f 1916//1916 1919//1919 1920//1920
f 1916//1916 1920//1920 1921//1921
f 1916//1916 1921//1921 1914//1914
f 1916//1916 1914//1914 1913//1913
f 1922//1922 1919//1919 1918//1918
f 1922//1922 1918//1918 1923//1923
f 1922//1922 1923//1923 1924//1924
f 1922//1922 1924//1924 1925//1925
f 1922//1922 1925//1925 1926//1926
f 1922//1922 1926//1926 1927//1927
f 1922//1922 1927//1927 1920//1920
f 1922//1922 1920//1920 1919//1919
f 1928//1928 1925//1925 1924//1924
f 1928//1928 1924//1924 1929//1929
f 1928//1928 1929//1929 1460//1460
f 1928//1928 1460//1460 1459//1459
f 1928//1928 1459//1459 1467//1467
f 1928//1928 1467//1467 1930//1930
f 1928//1928 1930//1930 1926//1926
f 1928//1928 1926//1926 1925//1925
f 1931//1931 1932//1932 1934//1934
f 1931//1931 1934//1934 1935//1935
f 1931//1931 1935//1935 1936//1936
f 1931//1931 1936//1936 1937//1937
f 1931//1931 1937//1937 1905//1905
f 1931//1931 1905//1905 1904//1904
f 1931//1931 1904//1904 1903//1903
f 1931//1931 1903//1903 1933//1933
f 1938//1938 1937//1937 1936//1936
f 1938//1938 1936//1936 1939//1939
f 1938//1938 1939//1939 1940//1940
f 1938//1938 1940//1940 1941//1941
f 1938//1938 1941//1941 1912//1912
f 1938//1938 1912//1912 1911//1911
f 1938//1938 1911//1911 1905//1905
f 1938//1938 1905//1905 1937//1937
f 1942//1942 1941//1941 1940//1940
f 1942//1942 1940//1940 1943//1943
f 1942//1942 1943//1943 1944//1944
f 1942//1942 1944//1944 1945//1945
f 1942//1942 1945//1945 1918//1918
f 1942//1942 1918//1918 1917//1917
f 1942//1942 1917//1917 1912//1912
f 1942//1942 1912//1912 1941//1941
f 1946//1946 1945//1945 1944//1944
f 1946//1946 1944//1944 1947//1947
f 1946//1946 1947//1947 1948//1948
f 1946//1946 1948//1948 1949//1949
f 1946//1946 1949//1949 1924//1924
f 1946//1946 1924//1924 1923//1923
f 1946//1946 1923//1923 1918//1918
f 1946//1946 1918//1918 1945//1945
f 1951//1951 1950//1950 1948//1948
f 1951//1951 1948//1948 1952//1952
f 1951//1951 1952//1952 1492//1492
f 1951//1951 1492//1492 1491//1491
f 1951//1951 1491//1491 1460//1460
f 1951//1951 1460//1460 1929//1929
f 1951//1951 1929//1929 1924//1924
f 1951//1951 1924//1924 1949//1949
f 1953//1953 1954//1954 1955//1955
f 1953//1953 1955//1955 1956//1956
f 1953//1953 1956//1956 1957//1957
f 1953//1953 1957//1957 1959//1959
f 1953//1953 1959//1959 1936//1936
f 1953//1953 1936//1936 1935//1935
f 1953//1953 1935//1935 1934//1934
f 1953//1953 1934//1934 1954//1954
f 1960//1960 1959//1959 1958//1958
f 1960//1960 1958//1958 1961//1961
f 1960//1960 1961//1961 1962//1962
f 1960//1960 1962//1962 1963//1963
f 1960//1960 1963//1963 1940//1940
f 1960//1960 1940//1940 1939//1939
f 1960//1960 1939//1939 1936//1936
f 1960//1960 1936//1936 1959//1959
f 1964//1964 1963//1963 1962//1962
f 1964//1964 1962//1962 1965//1965
f 1964//1964 1966//1966 1967//1967
f 1964//1964 1967//1967 1968//1968
f 1964//1964 1968//1968 1944//1944
f 1964//1964 1944//1944 1943//1943
f 1964//1964 1943//1943 1940//1940
f 1964//1964 1940//1940 1963//1963
f 1969//1969 1968//1968 1967//1967
f 1969//1969 1967//1967 1970//1970
f 1969//1969 1971//1971 1973//1973
f 1969//1969 1973//1973 1974//1974
f 1969//1969 1974//1974 1948//1948
f 1969//1969 1948//1948 1947//1947
f 1969//1969 1947//1947 1944//1944
f 1969//1969 1944//1944 1968//1968
f 1975//1975 1974//1974 1973//1973
f 1975//1975 1973//1973 1976//1976
f 1975//1975 1976//1976 1514//1514
f 1975//1975 1514//1514 1513//1513
f 1975//1975 1513//1513 1492//1492
f 1975//1975 1492//1492 1952//1952
f 1975//1975 1952//1952 1948//1948
f 1975//1975 1948//1948 1974//1974
f 1977//1977 1978//1978 1980//1980
f 1977//1977 1980//1980 1981//1981
f 1977//1977 1981//1981 1982//1982
f 1977//1977 1982//1982 1983//1983
f 1977//1977 1983//1983 1957//1957
f 1977//1977 1957//1957 1956//1956
f 1977//1977 1956//1956 1955//1955
f 1977//1977 1955//1955 1979//1979
f 1984//1984 1983//1983 1982//1982
f 1984//1984 1982//1982 1985//1985
f 1984//1984 1985//1985 1986//1986
f 1984//1984 1986//1986 1987//1987
f 1984//1984 1987//1987 1962//1962
f 1984//1984 1962//1962 1961//1961
f 1984//1984 1961//1961 1958//1958
f 1984//1984 1958//1958 1983//1983
f 1988//1988 1987//1987 1986//1986
f 1988//1988 1986//1986 1989//1989
f 1988//1988 1989//1989 1990//1990
f 1988//1988 1990//1990 1992//1992
f 1988//1988 1992//1992 1967//1967
f 1988//1988 1967//1967 1966//1966
f 1988//1988 1966//1966 1962//1962
f 1988//1988 1962//1962 1987//1987
f 1993//1993 1992//1992 1990//1990
f 1993//1993 1990//1990 1995//1995
f 1993//1993 1995//1995 1996//1996
f 1993//1993 1996//1996 1997//1997
f 1994//1994 1997//1997 1973//1973
f 1994//1994 1973//1973 1972//1972
f 1994//1994 1972//1972 1967//1967
f 1994//1994 1967//1967 1992//1992
f 1998//1998 1997//1997 1996//1996
f 1998//1998 1996//1996 1999//1999
f 1998//1998 2000//2000 1534//1534
f 1998//1998 1534//1534 1533//1533
f 1998//1998 1533//1533 1514//1514
f 1998//1998 1514//1514 1976//1976
f 1998//1998 1976//1976 1973//1973
f 1998//1998 1973//1973 1997//1997
f 2001//2001 2002//2002 2003//2003
f 2001//2001 2003//2003 2004//2004
f 2001//2001 2004//2004 2005//2005
f 2001//2001 2005//2005 2006//2006
f 2001//2001 2006//2006 1982//1982
f 2001//2001 1982//1982 1981//1981
f 2001//2001 1981//1981 1980//1980
f 2001//2001 1980//1980 2002//2002
f 2007//2007 2006//2006 2005//2005
f 2007//2007 2005//2005 2008//2008
f 2007//2007 2008//2008 2009//2009
f 2007//2007 2009//2009 2010//2010
f 2007//2007 2010//2010 1986//1986
f 2007//2007 1986//1986 1985//1985
f 2007//2007 1985//1985 1982//1982
f 2007//2007 1982//1982 2006//2006
f 2011//2011 2010//2010 2009//2009
f 2011//2011 2009//2009 2012//2012
f 2011//2011 2013//2013 2014//2014
f 2011//2011 2014//2014 2015//2015
f 2011//2011 2015//2015 1991//1991
f 2011//2011 1991//1991 1989//1989
f 2011//2011 1989//1989 1986//1986
f 2011//2011 1986//1986 2010//2010
f 2016//2016 2015//2015 2014//2014
f 2016//2016 2014//2014 2017//2017
f 2016//2016 2017//2017 2018//2018
f 2016//2016 2018//2018 2019//2019
f 2016//2016 2019//2019 1996//1996
f 2016//2016 1996//1996 1995//1995
f 2016//2016 1995//1995 1990//1990
f 2016//2016 1990//1990 2015//2015
f 2021//2021 2019//2019 2018//2018
f 2021//2021 2018//2018 2022//2022
f 2021//2021 2022//2022 1557//1557
f 2021//2021 1557//1557 1556//1556
f 2021//2021 1556//1556 1534//1534
f 2021//2021 1534//1534 2000//2000
f 2021//2021 2000//2000 1996//1996
f 2021//2021 1996//1996 2020//2020
f 2023//2023 2024//2024 2025//2025
f 2023//2023 2025//2025 2026//2026
f 2023//2023 2026//2026 2027//2027
f 2023//2023 2027//2027 2028//2028
f 2023//2023 2028//2028 2029//2029
f 2023//2023 2029//2029 2030//2030
f 2023//2023 2030//2030 2031//2031
f 2023//2023 2031//2031 2024//2024
f 2032//2032 2028//2028 2027//2027
f 2032//2032 2027//2027 2033//2033
f 2032//2032 2033//2033 2034//2034
f 2032//2032 2034//2034 2035//2035
f 2032//2032 2035//2035 2036//2036
f 2032//2032 2036//2036 2037//2037
f 2032//2032 2037//2037 2029//2029
f 2032//2032 2029//2029 2028//2028
f 2038//2038 2035//2035 2034//2034
f 2038//2038 2034//2034 2039//2039
f 2038//2038 2039//2039 2040//2040
f 2038//2038 2040//2040 2041//2041
f 2038//2038 2041//2041 2042//2042
f 2038//2038 2042//2042 2043//2043
f 2038//2038 2043//2043 2036//2036
f 2038//2038 2036//2036 2035//2035
f 2044//2044 2041//2041 2040//2040
f 2044//2044 2040//2040 2045//2045
f 2044//2044 2045//2045 2046//2046
f 2044//2044 2046//2046 2047//2047
f 2044//2044 2048//2048 2049//2049
f 2044//2044 2049//2049 2050//2050
f 2044//2044 2050//2050 2042//2042
f 2044//2044 2042//2042 2041//2041
f 2051//2051 2047//2047 2046//2046
f 2051//2051 2046//2046 2052//2052
f 2051//2051 2052//2052 1578//1578
f 2051//2051 1578//1578 1577//1577
f 2051//2051 1577//1577 1585//1585
f 2051//2051 1585//1585 2053//2053
f 2051//2051 2053//2053 2049//2049
f 2051//2051 2049//2049 2047//2047
f 2055//2055 2056//2056 2058//2058
f 2055//2055 2058//2058 2059//2059
f 2055//2055 2059//2059 2060//2060
f 2055//2055 2060//2060 2061//2061
f 2055//2055 2061//2061 2027//2027
f 2055//2055 2027//2027 2026//2026
f 2055//2055 2026//2026 2025//2025
f 2055//2055 2025//2025 2057//2057
f 2062//2062 2061//2061 2060//2060
f 2062//2062 2060//2060 2063//2063
f 2062//2062 2063//2063 2064//2064
f 2062//2062 2064//2064 2065//2065
f 2062//2062 2065//2065 2034//2034
f 2062//2062 2034//2034 2033//2033
f 2062//2062 2033//2033 2027//2027
f 2062//2062 2027//2027 2061//2061
f 2066//2066 2065//2065 2064//2064
f 2066//2066 2064//2064 2067//2067
f 2066//2066 2067//2067 2068//2068
f 2066//2066 2068//2068 2069//2069
f 2066//2066 2069//2069 2040//2040
f 2066//2066 2040//2040 2039//2039
f 2066//2066 2039//2039 2034//2034
f 2066//2066 2034//2034 2065//2065
f 2070//2070 2069//2069 2068//2068
f 2070//2070 2068//2068 2071//2071
f 2070//2070 2071//2071 2072//2072
f 2070//2070 2072//2072 2073//2073
f 2070//2070 2073//2073 2046//2046
f 2070//2070 2046//2046 2045//2045
f 2070//2070 2045//2045 2040//2040
f 2070//2070 2040//2040 2069//2069
f 2075//2075 2074//2074 2072//2072
f 2075//2075 2072//2072 2076//2076
f 2075//2075 2076//2076 1613//1613
f 2075//2075 1613//1613 1612//1612
f 2075//2075 1612//1612 1578//1578
f 2075//2075 1578//1578 2052//2052
f 2075//2075 2052//2052 2046//2046
f 2075//2075 2046//2046 2073//2073
f 2077//2077 2078//2078 2079//2079
f 2077//2077 2079//2079 2081//2081
f 2077//2077 2081//2081 2082//2082
f 2077//2077 2082//2082 2084//2084
f 2077//2077 2085//2085 2060//2060
f 2077//2077 2060//2060 2059//2059
f 2077//2077 2059//2059 2058//2058
f 2077//2077 2058//2058 2078//2078
f 2086//2086 2084//2084 2082//2082
f 2086//2086 2082//2082 2087//2087
f 2086//2086 2087//2087 2088//2088
f 2086//2086 2088//2088 2089//2089
f 2086//2086 2089//2089 2064//2064
f 2086//2086 2064//2064 2063//2063
f 2086//2086 2063//2063 2060//2060
f 2086//2086 2060//2060 2084//2084
f 2090//2090 2089//2089 2088//2088
f 2090//2090 2088//2088 2091//2091
f 2090//2090 2092//2092 2093//2093
f 2090//2090 2093//2093 2094//2094
f 2090//2090 2094//2094 2068//2068
f 2090//2090 2068//2068 2067//2067
f 2090//2090 2067//2067 2064//2064
f 2090//2090 2064//2064 2089//2089
f 2095//2095 2094//2094 2093//2093
f 2095//2095 2093//2093 2096//2096
f 2095//2095 2096//2096 2098//2098
f 2095//2095 2098//2098 2099//2099
f 2095//2095 2099//2099 2072//2072
f 2095//2095 2072//2072 2071//2071
f 2095//2095 2071//2071 2068//2068
f 2095//2095 2068//2068 2094//2094
f 2100//2100 2099//2099 2098//2098
f 2100//2100 2098//2098 2101//2101
f 2100//2100 2101//2101 1634//1634
f 2100//2100 1634//1634 1633//1633
f 2100//2100 1633//1633 1613//1613
f 2100//2100 1613//1613 2076//2076
f 2100//2100 2076//2076 2072//2072
f 2100//2100 2072//2072 2099//2099
f 2102//2102 2103//2103 2104//2104
f 2102//2102 2104//2104 2105//2105
f 2102//2102 2105//2105 2106//2106
f 2102//2102 2106//2106 2107//2107
f 2102//2102 2107//2107 2083//2083
f 2102//2102 2083//2083 2081//2081
f 2102//2102 2081//2081 2079//2079
f 2102//2102 2079//2079 2103//2103
f 2108//2108 2107//2107 2106//2106
f 2108//2108 2106//2106 2109//2109
f 2108//2108 2109//2109 2110//2110
f 2108//2108 2110//2110 2111//2111
f 2108//2108 2111//2111 2088//2088
f 2108//2108 2088//2088 2087//2087
f 2108//2108 2087//2087 2082//2082
f 2108//2108 2082//2082 2107//2107
f 2112//2112 2111//2111 2110//2110
f 2112//2112 2110//2110 2113//2113
f 2112//2112 2113//2113 2114//2114
f 2112//2112 2114//2114 2116//2116
f 2112//2112 2116//2116 2093//2093
f 2112//2112 2093//2093 2091//2091
f 2112//2112 2092//2092 2088//2088
f 2112//2112 2088//2088 2111//2111
f 2117//2117 2116//2116 2114//2114
f 2117//2117 2114//2114 2119//2119
f 2118//2118 2119//2119 2120//2120
f 2118//2118 2120//2120 2121//2121
f 2117//2117 2121//2121 2098//2098
f 2117//2117 2098//2098 2097//2097
f 2118//2118 2096//2096 2093//2093
f 2118//2118 2093//2093 2116//2116
f 2122//2122 2121//2121 2120//2120
f 2122//2122 2120//2120 2123//2123
f 2122//2122 2123//2123 1654//1654
f 2122//2122 1654//1654 1653//1653
f 2122//2122 1653//1653 1634//1634
f 2122//2122 1634//1634 2101//2101
f 2122//2122 2101//2101 2098//2098
f 2122//2122 2098//2098 2121//2121
f 2124//2124 2125//2125 1909//1909
f 2124//2124 1909//1909 1908//1908
f 2124//2124 1908//1908 1907//1907
f 2124//2124 1907//1907 2126//2126
f 2124//2124 2126//2126 2106//2106
f 2124//2124 2106//2106 2105//2105
f 2124//2124 2105//2105 2104//2104
f 2124//2124 2104//2104 2125//2125
f 2127//2127 2126//2126 1907//1907
f 2127//2127 1907//1907 1915//1915
f 2127//2127 1915//1915 1914//1914
f 2127//2127 1914//1914 2128//2128
f 2127//2127 2128//2128 2110//2110
f 2127//2127 2110//2110 2109//2109
f 2127//2127 2109//2109 2106//2106
f 2127//2127 2106//2106 2126//2126
f 2129//2129 2128//2128 1914//1914
f 2129//2129 1914//1914 1921//1921
f 2130//2130 1921//1921 1920//1920
f 2130//2130 1920//1920 2131//2131
f 2129//2129 2131//2131 2115//2115
f 2129//2129 2115//2115 2113//2113
f 2129//2129 2113//2113 2110//2110
f 2129//2129 2110//2110 2128//2128
f 2132//2132 2131//2131 1920//1920
f 2132//2132 1920//1920 1927//1927
f 2132//2132 1927//1927 1926//1926
f 2132//2132 1926//1926 2133//2133
f 2132//2132 2133//2133 2120//2120
f 2132//2132 2120//2120 2119//2119
f 2132//2132 2119//2119 2114//2114
f 2132//2132 2114//2114 2131//2131
f 2134//2134 2133//2133 1926//1926
f 2134//2134 1926//1926 1930//1930
f 2134//2134 1930//1930 1467//1467
f 2134//2134 1467//1467 1678//1678
f 2134//2134 1678//1678 1654//1654
f 2134//2134 1654//1654 2123//2123
f 2134//2134 2123//2123 2120//2120
f 2134//2134 2120//2120 2133//2133
f 2135//2135 2137//2137 2138//2138
f 2135//2135 2138//2138 2139//2139
f 2136//2136 2139//2139 2140//2140
f 2136//2136 2140//2140 2141//2141
f 2136//2136 2141//2141 2142//2142
f 2136//2136 2142//2142 2143//2143
f 2136//2136 2143//2143 2144//2144
f 2136//2136 2144//2144 2137//2137
f 2145//2145 2141//2141 2140//2140
f 2145//2145 2140//2140 2146//2146
f 2145//2145 2146//2146 2147//2147
f 2145//2145 2147//2147 2148//2148
f 2145//2145 2148//2148 2149//2149
f 2145//2145 2149//2149 2150//2150
f 2145//2145 2150//2150 2142//2142
f 2145//2145 2142//2142 2141//2141
f 2151//2151 2148//2148 2147//2147
f 2151//2151 2147//2147 2152//2152
f 2151//2151 2152//2152 2153//2153
f 2151//2151 2153//2153 2154//2154
f 2151//2151 2154//2154 2155//2155
f 2151//2151 2155//2155 2156//2156
f 2151//2151 2156//2156 2149//2149
f 2151//2151 2149//2149 2148//2148
f 2158//2158 2154//2154 2153//2153
f 2158//2158 2153//2153 2159//2159
f 2158//2158 2159//2159 2160//2160
f 2158//2158 2160//2160 2161//2161
f 2158//2158 2161//2161 2162//2162
f 2158//2158 2162//2162 2163//2163
f 2158//2158 2163//2163 2155//2155
f 2158//2158 2155//2155 2154//2154
f 2164//2164 2161//2161 2160//2160
f 2164//2164 2160//2160 2165//2165
f 2164//2164 2165//2165 1692//1692
f 2164//2164 1692//1692 1691//1691
f 2164//2164 1691//1691 1699//1699
f 2164//2164 1699//1699 2166//2166
f 2164//2164 2166//2166 2162//2162
f 2164//2164 2162//2162 2161//2161
f 2167//2167 2168//2168 2169//2169
f 2167//2167 2169//2169 2172//2172
f 2167//2167 2172//2172 2173//2173
f 2167//2167 2173//2173 2174//2174
f 2167//2167 2174//2174 2140//2140
f 2167//2167 2140//2140 2139//2139
f 2167//2167 2139//2139 2138//2138
f 2167//2167 2138//2138 2168//2168
f 2175//2175 2174//2174 2173//2173
f 2175//2175 2173//2173 2176//2176
f 2175//2175 2176//2176 2177//2177
f 2175//2175 2177//2177 2178//2178
f 2175//2175 2178//2178 2147//2147
f 2175//2175 2147//2147 2146//2146
f 2175//2175 2146//2146 2140//2140
f 2175//2175 2140//2140 2174//2174
f 2179//2179 2178//2178 2177//2177
f 2179//2179 2177//2177 2180//2180
f 2179//2179 2180//2180 2181//2181
f 2179//2179 2181//2181 2182//2182
f 2179//2179 2182//2182 2153//2153
f 2179//2179 2153//2153 2152//2152
f 2179//2179 2152//2152 2147//2147
f 2179//2179 2147//2147 2178//2178
f 2183//2183 2182//2182 2181//2181
f 2183//2183 2181//2181 2184//2184
f 2183//2183 2184//2184 2185//2185
f 2183//2183 2185//2185 2186//2186
f 2183//2183 2186//2186 2160//2160
f 2183//2183 2160//2160 2159//2159
f 2183//2183 2159//2159 2153//2153
f 2183//2183 2153//2153 2182//2182
f 2187//2187 2186//2186 2185//2185
f 2187//2187 2185//2185 2188//2188
f 2187//2187 2188//2188 1725//1725
f 2187//2187 1725//1725 1724//1724
f 2187//2187 1724//1724 1692//1692
f 2187//2187 1692//1692 2165//2165
f 2187//2187 2165//2165 2160//2160
f 2187//2187 2160//2160 2186//2186
f 2189//2189 2190//2190 2191//2191
f 2189//2189 2191//2191 2192//2192
f 2189//2189 2192//2192 2193//2193
f 2189//2189 2193//2193 2196//2196
f 2189//2189 2197//2197 2173//2173
f 2189//2189 2173//2173 2172//2172
f 2189//2189 2172//2172 2170//2170
f 2189//2189 2170//2170 2190//2190
f 2198//2198 2196//2196 2194//2194
f 2198//2198 2194//2194 2199//2199
f 2198//2198 2199//2199 2200//2200
f 2198//2198 2200//2200 2201//2201
f 2198//2198 2201//2201 2177//2177
f 2198//2198 2177//2177 2176//2176
f 2198//2198 2176//2176 2173//2173
f 2198//2198 2173//2173 2196//2196
f 2202//2202 2201//2201 2200//2200
f 2202//2202 2200//2200 2203//2203
f 2202//2202 2204//2204 2205//2205
f 2202//2202 2205//2205 2206//2206
f 2202//2202 2207//2207 2181//2181
f 2202//2202 2181//2181 2180//2180
f 2202//2202 2180//2180 2177//2177
f 2202//2202 2177//2177 2201//2201
f 2208//2208 2206//2206 2205//2205
f 2208//2208 2205//2205 2209//2209
f 2208//2208 2210//2210 2211//2211
f 2208//2208 2211//2211 2212//2212
f 2208//2208 2212//2212 2185//2185
f 2208//2208 2185//2185 2184//2184
f 2208//2208 2184//2184 2181//2181
f 2208//2208 2181//2181 2206//2206
f 2213//2213 2212//2212 2211//2211
f 2213//2213 2211//2211 2214//2214
f 2213//2213 2214//2214 1747//1747
f 2213//2213 1747//1747 1746//1746
f 2213//2213 1746//1746 1725//1725
f 2213//2213 1725//1725 2188//2188
f 2213//2213 2188//2188 2185//2185
f 2213//2213 2185//2185 2212//2212
f 2215//2215 2216//2216 2217//2217
f 2215//2215 2217//2217 2218//2218
f 2215//2215 2218//2218 2219//2219
f 2215//2215 2219//2219 2220//2220
f 2215//2215 2220//2220 2193//2193
f 2215//2215 2193//2193 2192//2192
f 2215//2215 2192//2192 2191//2191
f 2215//2215 2191//2191 2216//2216
f 2221//2221 2220//2220 2219//2219
f 2221//2221 2219//2219 2222//2222
f 2221//2221 2222//2222 2223//2223
f 2221//2221 2223//2223 2224//2224
f 2221//2221 2224//2224 2200//2200
f 2221//2221 2200//2200 2199//2199
f 2221//2221 2199//2199 2195//2195
f 2221//2221 2195//2195 2220//2220
f 2225//2225 2224//2224 2223//2223
f 2225//2225 2223//2223 2226//2226
f 2225//2225 2226//2226 2227//2227
f 2225//2225 2227//2227 2230//2230
f 2225//2225 2230//2230 2205//2205
f 2225//2225 2205//2205 2204//2204
f 2225//2225 2204//2204 2200//2200
f 2225//2225 2200//2200 2224//2224
f 2231//2231 2230//2230 2227//2227
f 2231//2231 2227//2227 2232//2232
f 2231//2231 2232//2232 2233//2233
f 2231//2231 2233//2233 2234//2234
f 2231//2231 2234//2234 2211//2211
f 2231//2231 2211//2211 2210//2210
f 2231//2231 2209//2209 2205//2205
f 2231//2231 2205//2205 2230//2230
f 2235//2235 2234//2234 2233//2233
f 2235//2235 2233//2233 2236//2236
f 2235//2235 2236//2236 1767//1767
f 2235//2235 1767//1767 1766//1766
f 2235//2235 1766//1766 1747//1747
f 2235//2235 1747//1747 2214//2214
f 2235//2235 2214//2214 2211//2211
f 2235//2235 2211//2211 2234//2234
f 2237//2237 2238//2238 2031//2031
f 2237//2237 2031//2031 2030//2030
f 2237//2237 2030//2030 2029//2029
f 2237//2237 2029//2029 2239//2239
f 2237//2237 2239//2239 2219//2219
f 2237//2237 2219//2219 2218//2218
f 2237//2237 2218//2218 2217//2217
f 2237//2237 2217//2217 2238//2238
f 2240//2240 2239//2239 2029//2029
f 2240//2240 2029//2029 2037//2037
f 2240//2240 2037//2037 2036//2036
f 2240//2240 2036//2036 2241//2241
f 2240//2240 2241//2241 2223//2223
f 2240//2240 2223//2223 2222//2222
f 2240//2240 2222//2222 2219//2219
f 2240//2240 2219//2219 2239//2239
f 2242//2242 2241//2241 2036//2036
f 2242//2242 2036//2036 2043//2043
f 2243//2243 2043//2043 2042//2042
f 2243//2243 2042//2042 2244//2244
f 2242//2242 2244//2244 2228//2228
f 2242//2242 2228//2228 2226//2226
f 2242//2242 2226//2226 2223//2223
f 2242//2242 2223//2223 2241//2241
f 2245//2245 2244//2244 2042//2042
f 2245//2245 2042//2042 2050//2050
f 2245//2245 2050//2050 2049//2049
f 2245//2245 2049//2049 2246//2246
f 2245//2245 2246//2246 2233//2233
f 2245//2245 2233//2233 2232//2232
f 2245//2245 2232//2232 2229//2229
f 2245//2245 2229//2229 2244//2244
f 2248//2248 2246//2246 2049//2049
f 2248//2248 2049//2049 2053//2053
f 2248//2248 2054//2054 1585//1585
f 2248//2248 1585//1585 1791//1791
f 2248//2248 1791//1791 1767//1767
f 2248//2248 1767//1767 2236//2236
f 2248//2248 2236//2236 2233//2233
f 2248//2248 2233//2233 2247//2247
f 2249//2249 2250//2250 2251//2251
f 2249//2249 2251//2251 2252//2252
f 2249//2249 2252//2252 2253//2253
f 2249//2249 2253//2253 2254//2254
f 2249//2249 2254//2254 2005//2005
f 2249//2249 2005//2005 2004//2004
f 2249//2249 2004//2004 2003//2003
f 2249//2249 2003//2003 2250//2250
f 2255//2255 2254//2254 2253//2253
f 2255//2255 2253//2253 2256//2256
f 2255//2255 2256//2256 2257//2257
f 2255//2255 2257//2257 2258//2258
f 2255//2255 2258//2258 2009//2009
f 2255//2255 2009//2009 2008//2008
f 2255//2255 2008//2008 2005//2005
f 2255//2255 2005//2005 2254//2254
f 2259//2259 2258//2258 2257//2257
f 2259//2259 2257//2257 2260//2260
f 2259//2259 2260//2260 2261//2261
f 2259//2259 2261//2261 2262//2262
f 2259//2259 2262//2262 2014//2014
f 2259//2259 2014//2014 2013//2013
f 2259//2259 2013//2013 2009//2009
f 2259//2259 2009//2009 2258//2258
f 2263//2263 2262//2262 2261//2261
f 2263//2263 2261//2261 2264//2264
f 2263//2263 2264//2264 2265//2265
f 2263//2263 2265//2265 2266//2266
f 2263//2263 2267//2267 2018//2018
f 2263//2263 2018//2018 2017//2017
f 2263//2263 2017//2017 2014//2014
f 2263//2263 2014//2014 2262//2262
f 2268//2268 2266//2266 2265//2265
f 2268//2268 2265//2265 2269//2269
f 2268//2268 2269//2269 1803//1803
f 2268//2268 1803//1803 1802//1802
f 2268//2268 1802//1802 1557//1557
f 2268//2268 1557//1557 2022//2022
f 2268//2268 2022//2022 2018//2018
f 2268//2268 2018//2018 2266//2266
f 2270//2270 2271//2271 2272//2272
f 2270//2270 2272//2272 2273//2273
f 2270//2270 2273//2273 2274//2274
f 2270//2270 2274//2274 2275//2275
f 2270//2270 2275//2275 2253//2253
f 2270//2270 2253//2253 2252//2252
f 2270//2270 2252//2252 2251//2251
f 2270//2270 2251//2251 2271//2271
f 2276//2276 2275//2275 2274//2274
f 2276//2276 2274//2274 2277//2277
f 2276//2276 2277//2277 2278//2278
f 2276//2276 2278//2278 2279//2279
f 2276//2276 2279//2279 2257//2257
f 2276//2276 2257//2257 2256//2256
f 2276//2276 2256//2256 2253//2253
f 2276//2276 2253//2253 2275//2275
f 2280//2280 2279//2279 2278//2278
f 2280//2280 2278//2278 2281//2281
f 2280//2280 2281//2281 2282//2282
f 2280//2280 2282//2282 2283//2283
f 2280//2280 2283//2283 2261//2261
f 2280//2280 2261//2261 2260//2260
f 2280//2280 2260//2260 2257//2257
f 2280//2280 2257//2257 2279//2279
f 2284//2284 2283//2283 2282//2282
f 2284//2284 2282//2282 2285//2285
f 2284//2284 2285//2285 2286//2286
f 2284//2284 2286//2286 2287//2287
f 2284//2284 2288//2288 2265//2265
f 2284//2284 2265//2265 2264//2264
f 2284//2284 2264//2264 2261//2261
f 2284//2284 2261//2261 2283//2283
f 2289//2289 2287//2287 2286//2286
f 2289//2289 2286//2286 2290//2290
f 2289//2289 2290//2290 1825//1825
f 2289//2289 1825//1825 1824//1824
f 2289//2289 1824//1824 1803//1803
f 2289//2289 1803//1803 2269//2269
f 2289//2289 2269//2269 2265//2265
f 2289//2289 2265//2265 2287//2287
f 2291//2291 2292//2292 2293//2293
f 2291//2291 2293//2293 2294//2294
f 2291//2291 2294//2294 2295//2295
f 2291//2291 2295//2295 2296//2296
f 2291//2291 2296//2296 2274//2274
f 2291//2291 2274//2274 2273//2273
f 2291//2291 2273//2273 2272//2272
f 2291//2291 2272//2272 2292//2292
f 2298//2298 2297//2297 2295//2295
f 2298//2298 2295//2295 2299//2299
f 2298//2298 2299//2299 2300//2300
f 2298//2298 2300//2300 2301//2301
f 2298//2298 2301//2301 2278//2278
f 2298//2298 2278//2278 2277//2277
f 2298//2298 2277//2277 2274//2274
f 2298//2298 2274//2274 2297//2297
f 2302//2302 2301//2301 2300//2300
f 2302//2302 2300//2300 2303//2303
f 2302//2302 2304//2304 2306//2306
f 2302//2302 2306//2306 2307//2307
f 2302//2302 2307//2307 2282//2282
f 2302//2302 2282//2282 2281//2281
f 2302//2302 2281//2281 2278//2278
f 2302//2302 2278//2278 2301//2301
f 2308//2308 2307//2307 2306//2306
f 2308//2308 2306//2306 2309//2309
f 2308//2308 2310//2310 2311//2311
f 2308//2308 2311//2311 2312//2312
f 2308//2308 2312//2312 2286//2286
f 2308//2308 2286//2286 2285//2285
f 2308//2308 2285//2285 2282//2282
f 2308//2308 2282//2282 2307//2307
f 2313//2313 2312//2312 2311//2311
f 2313//2313 2311//2311 2314//2314
f 2313//2313 2314//2314 1848//1848
f 2313//2313 1848//1848 1847//1847
f 2313//2313 1847//1847 1825//1825
f 2313//2313 1825//1825 2290//2290
f 2313//2313 2290//2290 2286//2286
f 2313//2313 2286//2286 2312//2312
f 2315//2315 2316//2316 2317//2317
f 2315//2315 2317//2317 2318//2318
f 2315//2315 2318//2318 2319//2319
f 2315//2315 2319//2319 2320//2320
f 2315//2315 2320//2320 2295//2295
f 2315//2315 2295//2295 2294//2294
f 2315//2315 2294//2294 2293//2293
f 2315//2315 2293//2293 2316//2316
f 2321//2321 2320//2320 2319//2319
f 2321//2321 2319//2319 2322//2322
f 2321//2321 2322//2322 2323//2323
f 2321//2321 2323//2323 2324//2324
f 2321//2321 2324//2324 2300//2300
f 2321//2321 2300//2300 2299//2299
f 2321//2321 2299//2299 2295//2295
f 2321//2321 2295//2295 2320//2320
f 2325//2325 2324//2324 2323//2323
f 2325//2325 2323//2323 2326//2326
f 2325//2325 2326//2326 2327//2327
f 2325//2325 2327//2327 2328//2328
f 2325//2325 2328//2328 2306//2306
f 2325//2325 2306//2306 2305//2305
f 2325//2325 2305//2305 2300//2300
f 2325//2325 2300//2300 2324//2324
f 2329//2329 2328//2328 2327//2327
f 2329//2329 2327//2327 2330//2330
f 2329//2329 2330//2330 2331//2331
f 2329//2329 2331//2331 2332//2332
f 2329//2329 2332//2332 2311//2311
f 2329//2329 2311//2311 2309//2309
f 2329//2329 2309//2309 2306//2306
f 2329//2329 2306//2306 2328//2328
f 2333//2333 2332//2332 2331//2331
f 2333//2333 2331//2331 2334//2334
f 2333//2333 2334//2334 1868//1868
f 2333//2333 1868//1868 1867//1867
f 2333//2333 1867//1867 1848//1848
f 2333//2333 1848//1848 2314//2314
f 2333//2333 2314//2314 2311//2311
f 2333//2333 2311//2311 2332//2332
f 2335//2335 2336//2336 2144//2144
f 2335//2335 2144//2144 2143//2143
f 2335//2335 2143//2143 2142//2142
f 2335//2335 2142//2142 2337//2337
f 2335//2335 2337//2337 2319//2319
f 2335//2335 2319//2319 2318//2318
f 2335//2335 2318//2318 2317//2317
f 2335//2335 2317//2317 2336//2336
f 2338//2338 2337//2337 2142//2142
f 2338//2338 2142//2142 2150//2150
f 2338//2338 2150//2150 2149//2149
f 2338//2338 2149//2149 2339//2339
f 2338//2338 2339//2339 2323//2323
f 2338//2338 2323//2323 2322//2322
f 2338//2338 2322//2322 2319//2319
f 2338//2338 2319//2319 2337//2337
f 2340//2340 2339//2339 2149//2149
f 2340//2340 2149//2149 2157//2157
f 2340//2340 2156//2156 2155//2155
f 2340//2340 2155//2155 2341//2341
f 2340//2340 2341//2341 2327//2327
f 2340//2340 2327//2327 2326//2326
f 2340//2340 2326//2326 2323//2323
f 2340//2340 2323//2323 2339//2339
f 2342//2342 2341//2341 2155//2155
f 2342//2342 2155//2155 2163//2163
f 2342//2342 2163//2163 2162//2162
f 2342//2342 2162//2162 2343//2343
f 2342//2342 2343//2343 2331//2331
f 2342//2342 2331//2331 2330//2330
f 2342//2342 2330//2330 2327//2327
f 2342//2342 2327//2327 2341//2341
f 2344//2344 2343//2343 2162//2162
f 2344//2344 2162//2162 2166//2166
f 2344//2344 2166//2166 1699//1699
f 2344//2344 1699//1699 1891//1891
f 2344//2344 1891//1891 1868//1868
f 2344//2344 1868//1868 2334//2334
f 2344//2344 2334//2334 2331//2331
f 2344//2344 2331//2331 2343//2343
f 2345//2345 2346//2346 2347//2347
f 2345//2345 2347//2347 2348//2348
f 2345//2345 2348//2348 2349//2349
f 2345//2345 2349//2349 2350//2350
f 2345//2345 2351//2351 2353//2353
f 2345//2345 2353//2353 2355//2355
f 2345//2345 2355//2355 2356//2356
f 2345//2345 2356//2356 2346//2346
f 2358//2358 2352//2352 2349//2349
f 2358//2358 2349//2349 2359//2359
f 2358//2358 2359//2359 2360//2360
f 2358//2358 2360//2360 2361//2361
f 2358//2358 2361//2361 2362//2362
f 2358//2358 2362//2362 2363//2363
f 2358//2358 2363//2363 2353//2353
f 2358//2358 2353//2353 2352//2352
f 2365//2365 2361//2361 2360//2360
f 2365//2365 2360//2360 2366//2366
f 2365//2365 2366//2366 2367//2367
f 2365//2365 2367//2367 2368//2368
f 2365//2365 2368//2368 2369//2369
f 2365//2365 2369//2369 2370//2370
f 2365//2365 2370//2370 2362//2362
f 2365//2365 2362//2362 2361//2361
f 2371//2371 2368//2368 2367//2367
f 2371//2371 2367//2367 2372//2372
f 2371//2371 2372//2372 2373//2373
f 2371//2371 2373//2373 2374//2374
f 2371//2371 2374//2374 2375//2375
f 2371//2371 2375//2375 2376//2376
f 2371//2371 2376//2376 2369//2369
f 2371//2371 2369//2369 2368//2368
f 2377//2377 2374//2374 2373//2373
f 2377//2377 2373//2373 2378//2378
f 2377//2377 2378//2378 2379//2379
f 2377//2377 2379//2379 2380//2380
f 2377//2377 2380//2380 2381//2381
f 2377//2377 2381//2381 2382//2382
f 2377//2377 2382//2382 2375//2375
f 2377//2377 2375//2375 2374//2374
f 2383//2383 2384//2384 2385//2385
f 2383//2383 2385//2385 2387//2387
f 2383//2383 2387//2387 2388//2388
f 2383//2383 2388//2388 2389//2389
f 2383//2383 2389//2389 2349//2349
f 2383//2383 2349//2349 2348//2348
f 2383//2383 2348//2348 2347//2347
f 2383//2383 2347//2347 2384//2384
f 2390//2390 2389//2389 2388//2388
f 2390//2390 2388//2388 2393//2393
f 2391//2391 2393//2393 2395//2395
f 2391//2391 2395//2395 2397//2397
f 2392//2392 2397//2397 2360//2360
f 2392//2392 2360//2360 2359//2359
f 2392//2392 2359//2359 2349//2349
f 2392//2392 2349//2349 2389//2389
f 2398//2398 2397//2397 2396//2396
f 2398//2398 2396//2396 2399//2399
f 2398//2398 2399//2399 2400//2400
f 2398//2398 2400//2400 2401//2401
f 2398//2398 2401//2401 2367//2367
f 2398//2398 2367//2367 2366//2366
f 2398//2398 2366//2366 2360//2360
f 2398//2398 2360//2360 2397//2397
f 2402//2402 2401//2401 2400//2400
f 2402//2402 2400//2400 2403//2403
f 2402//2402 2403//2403 2404//2404
f 2402//2402 2404//2404 2405//2405
f 2402//2402 2406//2406 2373//2373
f 2402//2402 2373//2373 2372//2372
f 2402//2402 2372//2372 2367//2367
f 2402//2402 2367//2367 2401//2401
f 2407//2407 2406//2406 2404//2404
f 2407//2407 2404//2404 2408//2408
f 2407//2407 2409//2409 2411//2411
f 2407//2407 2411//2411 2412//2412
f 2407//2407 2412//2412 2379//2379
f 2407//2407 2379//2379 2378//2378
f 2407//2407 2378//2378 2373//2373
f 2407//2407 2373//2373 2406//2406
f 2413//2413 2415//2415 2417//2417
f 2413//2413 2417//2417 2419//2419
f 2413//2413 2419//2419 2421//2421
f 2413//2413 2421//2421 2423//2423
f 2414//2414 2424//2424 2388//2388
f 2414//2414 2388//2388 2387//2387
f 2414//2414 2387//2387 2386//2386
f 2414//2414 2386//2386 2415//2415
f 2425//2425 2424//2424 2422//2422
f 2425//2425 2422//2422 2427//2427
f 2426//2426 2427//2427 2428//2428
f 2426//2426 2428//2428 2429//2429
f 2426//2426 2429//2429 2396//2396
f 2426//2426 2396//2396 2394//2394
f 2426//2426 2393//2393 2388//2388
f 2426//2426 2388//2388 2423//2423
f 2430//2430 2429//2429 2428//2428
f 2430//2430 2428//2428 2431//2431
f 2430//2430 2431//2431 2432//2432
f 2430//2430 2432//2432 2433//2433
f 2430//2430 2433//2433 2400//2400
f 2430//2430 2400//2400 2399//2399
f 2430//2430 2399//2399 2395//2395
f 2430//2430 2395//2395 2429//2429
f 2434//2434 2433//2433 2432//2432
f 2434//2434 2432//2432 2435//2435
f 2434//2434 2435//2435 2436//2436
f 2434//2434 2436//2436 2437//2437
f 2434//2434 2437//2437 2404//2404
f 2434//2434 2404//2404 2403//2403
f 2434//2434 2403//2403 2400//2400
f 2434//2434 2400//2400 2433//2433
f 2439//2439 2437//2437 2436//2436
f 2439//2439 2436//2436 2440//2440
f 2439//2439 2440//2440 2441//2441
f 2439//2439 2441//2441 2442//2442
f 2439//2439 2443//2443 2411//2411
f 2439//2439 2411//2411 2410//2410
f 2439//2439 2408//2408 2404//2404
f 2439//2439 2404//2404 2438//2438
f 2444//2444 2445//2445 2446//2446
f 2444//2444 2446//2446 2447//2447
f 2444//2444 2447//2447 2449//2449
f 2444//2444 2449//2449 2450//2450
f 2444//2444 2450//2450 2422//2422
f 2444//2444 2422//2422 2420//2420
f 2444//2444 2420//2420 2418//2418
f 2444//2444 2418//2418 2445//2445
f 2452//2452 2451//2451 2449//2449
f 2452//2452 2449//2449 2453//2453
f 2452//2452 2453//2453 2454//2454
f 2452//2452 2454//2454 2455//2455
f 2452//2452 2455//2455 2428//2428
f 2452//2452 2428//2428 2427//2427
f 2452//2452 2427//2427 2422//2422
f 2452//2452 2422//2422 2450//2450
f 2456//2456 2455//2455 2454//2454
f 2456//2456 2454//2454 2457//2457
f 2456//2456 2457//2457 2458//2458
f 2456//2456 2458//2458 2459//2459
f 2456//2456 2460//2460 2432//2432
f 2456//2456 2432//2432 2431//2431
f 2456//2456 2431//2431 2428//2428
f 2456//2456 2428//2428 2455//2455
f 2461//2461 2460//2460 2458//2458
f 2461//2461 2458//2458 2462//2462
f 2461//2461 2463//2463 2464//2464
f 2461//2461 2464//2464 2465//2465
f 2461//2461 2465//2465 2436//2436
f 2461//2461 2436//2436 2435//2435
f 2461//2461 2435//2435 2432//2432
f 2461//2461 2432//2432 2460//2460
f 2466//2466 2465//2465 2464//2464
f 2466//2466 2464//2464 2467//2467
f 2466//2466 2467//2467 2468//2468
f 2466//2466 2468//2468 2469//2469
f 2466//2466 2469//2469 2441//2441
f 2466//2466 2441//2441 2440//2440
f 2466//2466 2440//2440 2436//2436
f 2466//2466 2436//2436 2465//2465
f 2470//2470 2471//2471 2473//2473
f 2470//2470 2473//2473 2474//2474
f 2470//2470 2474//2474 2475//2475
f 2470//2470 2475//2475 2476//2476
f 2470//2470 2477//2477 2449//2449
f 2470//2470 2449//2449 2447//2447
f 2470//2470 2448//2448 2446//2446
f 2470//2470 2446//2446 2471//2471
f 2478//2478 2477//2477 2475//2475
f 2478//2478 2475//2475 2479//2479
f 2478//2478 2479//2479 2480//2480
f 2478//2478 2480//2480 2481//2481
f 2478//2478 2481//2481 2454//2454
f 2478//2478 2454//2454 2453//2453
f 2478//2478 2453//2453 2449//2449
f 2478//2478 2449//2449 2477//2477
f 2482//2482 2481//2481 2480//2480
f 2482//2482 2480//2480 2483//2483
f 2482//2482 2483//2483 2484//2484
f 2482//2482 2484//2484 2485//2485
f 2482//2482 2485//2485 2458//2458
f 2482//2482 2458//2458 2457//2457
f 2482//2482 2457//2457 2454//2454
f 2482//2482 2454//2454 2481//2481
f 2486//2486 2485//2485 2484//2484
f 2486//2486 2484//2484 2487//2487
f 2486//2486 2487//2487 2488//2488
f 2486//2486 2488//2488 2489//2489
f 2486//2486 2489//2489 2464//2464
f 2486//2486 2464//2464 2463//2463
f 2486//2486 2463//2463 2458//2458
f 2486//2486 2458//2458 2485//2485
f 2490//2490 2489//2489 2488//2488
f 2490//2490 2488//2488 2491//2491
f 2490//2490 2491//2491 2492//2492
f 2490//2490 2492//2492 2493//2493
f 2490//2490 2493//2493 2468//2468
f 2490//2490 2468//2468 2467//2467
f 2490//2490 2467//2467 2464//2464
f 2490//2490 2464//2464 2489//2489
f 2494//2494 2495//2495 2496//2496
f 2494//2494 2496//2496 2498//2498
f 2494//2494 2498//2498 2499//2499
f 2494//2494 2499//2499 2501//2501
f 2494//2494 2501//2501 2475//2475
f 2494//2494 2475//2475 2474//2474
f 2494//2494 2474//2474 2473//2473
f 2494//2494 2473//2473 2495//2495
f 2502//2502 2501//2501 2499//2499
f 2502//2502 2499//2499 2503//2503
f 2502//2502 2503//2503 2504//2504
f 2502//2502 2504//2504 2505//2505
f 2502//2502 2505//2505 2480//2480
f 2502//2502 2480//2480 2479//2479
f 2502//2502 2479//2479 2475//2475
f 2502//2502 2475//2475 2501//2501
f 2506//2506 2505//2505 2504//2504
f 2506//2506 2504//2504 2507//2507
f 2506//2506 2507//2507 2508//2508
f 2506//2506 2508//2508 2509//2509
f 2506//2506 2509//2509 2484//2484
f 2506//2506 2484//2484 2483//2483
f 2506//2506 2483//2483 2480//2480
f 2506//2506 2480//2480 2505//2505
f 2510//2510 2509//2509 2508//2508
f 2510//2510 2508//2508 2511//2511
f 2510//2510 2512//2512 2513//2513
f 2510//2510 2513//2513 2515//2515
f 2510//2510 2515//2515 2488//2488
f 2510//2510 2488//2488 2487//2487
f 2510//2510 2487//2487 2484//2484
f 2510//2510 2484//2484 2509//2509
f 2516//2516 2515//2515 2514//2514
f 2516//2516 2514//2514 2518//2518
f 2517//2517 2518//2518 2519//2519
f 2517//2517 2519//2519 2520//2520
f 2517//2517 2520//2520 2492//2492
f 2517//2517 2492//2492 2491//2491
f 2517//2517 2491//2491 2488//2488
f 2517//2517 2488//2488 2515//2515
f 2521//2521 2522//2522 2523//2523
f 2521//2521 2523//2523 2524//2524
f 2521//2521 2524//2524 2525//2525
f 2521//2521 2525//2525 2526//2526
f 2521//2521 2526//2526 2500//2500
f 2521//2521 2500//2500 2498//2498
f 2521//2521 2498//2498 2496//2496
f 2521//2521 2496//2496 2522//2522
f 2527//2527 2526//2526 2525//2525
f 2527//2527 2525//2525 2528//2528
f 2527//2527 2528//2528 2530//2530
f 2527//2527 2530//2530 2531//2531
f 2527//2527 2531//2531 2504//2504
f 2527//2527 2504//2504 2503//2503
f 2527//2527 2503//2503 2499//2499
f 2527//2527 2499//2499 2526//2526
f 2532//2532 2531//2531 2530//2530
f 2532//2532 2530//2530 2535//2535
f 2533//2533 2535//2535 2536//2536
f 2533//2533 2536//2536 2537//2537
f 2532//2532 2537//2537 2508//2508
f 2532//2532 2508//2508 2507//2507
f 2534//2534 2507//2507 2504//2504
f 2534//2534 2504//2504 2531//2531
f 2539//2539 2538//2538 2536//2536
f 2539//2539 2536//2536 2540//2540
f 2539//2539 2541//2541 2543//2543
f 2539//2539 2543//2543 2544//2544
f 2539//2539 2544//2544 2514//2514
f 2539//2539 2514//2514 2511//2511
f 2539//2539 2511//2511 2508//2508
f 2539//2539 2508//2508 2537//2537
f 2545//2545 2544//2544 2543//2543
f 2545//2545 2543//2543 2546//2546
f 2545//2545 2546//2546 2547//2547
f 2545//2545 2547//2547 2548//2548
f 2545//2545 2548//2548 2519//2519
f 2545//2545 2519//2519 2518//2518
f 2545//2545 2518//2518 2514//2514
f 2545//2545 2514//2514 2544//2544
f 2549//2549 2551//2551 2553//2553
f 2549//2549 2553//2553 2555//2555
f 2550//2550 2556//2556 2557//2557
f 2550//2550 2557//2557 2558//2558
f 2550//2550 2558//2558 2525//2525
f 2550//2550 2525//2525 2524//2524
f 2550//2550 2524//2524 2523//2523
f 2550//2550 2523//2523 2552//2552
f 2559//2559 2558//2558 2557//2557
f 2559//2559 2557//2557 2561//2561
f 2560//2560 2561//2561 2562//2562
f 2560//2560 2562//2562 2563//2563
f 2560//2560 2563//2563 2530//2530
f 2560//2560 2530//2530 2529//2529
f 2559//2559 2528//2528 2525//2525
f 2559//2559 2525//2525 2558//2558
f 2564//2564 2563//2563 2562//2562
f 2564//2564 2562//2562 2567//2567
f 2565//2565 2567//2567 2568//2568
f 2565//2565 2568//2568 2570//2570
f 2566//2566 2571//2571 2536//2536
f 2566//2566 2536//2536 2535//2535
f 2564//2564 2535//2535 2530//2530
f 2564//2564 2530//2530 2563//2563
f 2572//2572 2570//2570 2568//2568
f 2572//2572 2568//2568 2573//2573
f 2572//2572 2574//2574 2575//2575
f 2572//2572 2575//2575 2576//2576
f 2572//2572 2576//2576 2543//2543
f 2572//2572 2543//2543 2542//2542
f 2572//2572 2542//2542 2536//2536
f 2572//2572 2536//2536 2570//2570
f 2577//2577 2576//2576 2575//2575
f 2577//2577 2575//2575 2578//2578
f 2577//2577 2579//2579 2582//2582
f 2577//2577 2582//2582 2584//2584
f 2577//2577 2584//2584 2547//2547
f 2577//2577 2547//2547 2546//2546
f 2577//2577 2546//2546 2543//2543
f 2577//2577 2543//2543 2576//2576
f 2585//2585 2586//2586 2587//2587
f 2585//2585 2587//2587 2588//2588
f 2585//2585 2589//2589 2590//2590
f 2585//2585 2590//2590 2593//2593
f 2585//2585 2594//2594 2557//2557
f 2585//2585 2557//2557 2556//2556
f 2585//2585 2556//2556 2554//2554
f 2585//2585 2554//2554 2586//2586
f 2595//2595 2593//2593 2591//2591
f 2595//2595 2591//2591 2597//2597
f 2596//2596 2597//2597 2598//2598
f 2596//2596 2598//2598 2599//2599
f 2595//2595 2599//2599 2562//2562
f 2595//2595 2562//2562 2561//2561
f 2595//2595 2561//2561 2557//2557
f 2595//2595 2557//2557 2593//2593
f 2600//2600 2599//2599 2598//2598
f 2600//2600 2598//2598 2602//2602
f 2600//2600 2602//2602 2603//2603
f 2600//2600 2603//2603 2604//2604
f 2600//2600 2604//2604 2568//2568
f 2600//2600 2568//2568 2567//2567
f 2601//2601 2567//2567 2562//2562
f 2601//2601 2562//2562 2599//2599
f 2605//2605 2604//2604 2603//2603
f 2605//2605 2603//2603 2606//2606
f 2605//2605 2606//2606 2607//2607
f 2605//2605 2607//2607 2609//2609
f 2605//2605 2609//2609 2575//2575
f 2605//2605 2575//2575 2574//2574
f 2605//2605 2573//2573 2569//2569
f 2605//2605 2569//2569 2604//2604
f 2611//2611 2609//2609 2607//2607
f 2611//2611 2607//2607 2612//2612
f 2611//2611 2612//2612 2613//2613
f 2611//2611 2613//2613 2614//2614
f 2611//2611 2614//2614 2583//2583
f 2611//2611 2583//2583 2580//2580
f 2611//2611 2581//2581 2575//2575
f 2611//2611 2575//2575 2610//2610
f 2615//2615 2616//2616 2356//2356
f 2615//2615 2356//2356 2355//2355
f 2615//2615 2355//2355 2354//2354
f 2615//2615 2354//2354 2618//2618
f 2615//2615 2618//2618 2592//2592
f 2615//2615 2592//2592 2588//2588
f 2615//2615 2588//2588 2587//2587
f 2615//2615 2587//2587 2616//2616
f 2620//2620 2618//2618 2353//2353
f 2620//2620 2353//2353 2364//2364
f 2620//2620 2363//2363 2362//2362
f 2620//2620 2362//2362 2622//2622
f 2620//2620 2622//2622 2598//2598
f 2620//2620 2598//2598 2597//2597
f 2621//2621 2597//2597 2590//2590
f 2621//2621 2590//2590 2619//2619
f 2623//2623 2622//2622 2362//2362
f 2623//2623 2362//2362 2370//2370
f 2623//2623 2370//2370 2369//2369
f 2623//2623 2369//2369 2624//2624
f 2623//2623 2624//2624 2603//2603
f 2623//2623 2603//2603 2602//2602
f 2623//2623 2602//2602 2598//2598
f 2623//2623 2598//2598 2622//2622
f 2625//2625 2624//2624 2369//2369
f 2625//2625 2369//2369 2376//2376
f 2625//2625 2376//2376 2375//2375
f 2625//2625 2375//2375 2626//2626
f 2625//2625 2626//2626 2608//2608
f 2625//2625 2608//2608 2606//2606
f 2625//2625 2606//2606 2603//2603
f 2625//2625 2603//2603 2624//2624
f 2627//2627 2626//2626 2375//2375
f 2627//2627 2375//2375 2382//2382
f 2627//2627 2382//2382 2381//2381
f 2627//2627 2381//2381 2628//2628
f 2627//2627 2628//2628 2613//2613
f 2627//2627 2613//2613 2612//2612
f 2627//2627 2612//2612 2607//2607
f 2627//2627 2607//2607 2626//2626
f 2629//2629 2630//2630 2631//2631
f 2629//2629 2631//2631 2632//2632
f 2629//2629 2632//2632 2633//2633
f 2629//2629 2633//2633 2634//2634
f 2629//2629 2634//2634 2635//2635
f 2629//2629 2635//2635 2636//2636
f 2629//2629 2637//2637 2638//2638
f 2629//2629 2638//2638 2630//2630
f 2639//2639 2634//2634 2633//2633
f 2639//2639 2633//2633 2640//2640
f 2639//2639 2640//2640 2641//2641
f 2639//2639 2641//2641 2642//2642
f 2639//2639 2643//2643 2646//2646
f 2639//2639 2646//2646 2647//2647
f 2639//2639 2647//2647 2635//2635
f 2639//2639 2635//2635 2634//2634
f 2648//2648 2644//2644 2641//2641
f 2648//2648 2641//2641 2649//2649
f 2648//2648 2649//2649 2650//2650
f 2648//2648 2650//2650 2651//2651
f 2648//2648 2652//2652 2654//2654
f 2648//2648 2654//2654 2656//2656
f 2648//2648 2656//2656 2646//2646
f 2648//2648 2646//2646 2645//2645
f 2657//2657 2653//2653 2650//2650
f 2657//2657 2650//2650 2658//2658
f 2657//2657 2658//2658 2660//2660
f 2657//2657 2660//2660 2661//2661
f 2657//2657 2661//2661 2662//2662
f 2657//2657 2662//2662 2664//2664
f 2657//2657 2664//2664 2654//2654
f 2657//2657 2654//2654 2653//2653
f 2666//2666 2661//2661 2660//2660
f 2666//2666 2660//2660 2667//2667
f 2666//2666 2667//2667 2347//2347
f 2666//2666 2347//2347 2346//2346
f 2666//2666 2346//2346 2357//2357
f 2666//2666 2357//2357 2668//2668
f 2666//2666 2668//2668 2662//2662
f 2666//2666 2662//2662 2661//2661
f 2669//2669 2670//2670 2672//2672
f 2669//2669 2672//2672 2673//2673
f 2669//2669 2673//2673 2674//2674
f 2669//2669 2674//2674 2675//2675
f 2669//2669 2675//2675 2633//2633
f 2669//2669 2633//2633 2632//2632
f 2669//2669 2632//2632 2631//2631
f 2669//2669 2631//2631 2671//2671
f 2676//2676 2675//2675 2674//2674
f 2676//2676 2674//2674 2677//2677
f 2676//2676 2677//2677 2678//2678
f 2676//2676 2678//2678 2679//2679
f 2676//2676 2679//2679 2641//2641
f 2676//2676 2641//2641 2640//2640
f 2676//2676 2640//2640 2633//2633
f 2676//2676 2633//2633 2675//2675
f 2680//2680 2679//2679 2678//2678
f 2680//2680 2678//2678 2681//2681
f 2680//2680 2681//2681 2682//2682
f 2680//2680 2682//2682 2683//2683
f 2680//2680 2683//2683 2650//2650
f 2680//2680 2650//2650 2649//2649
f 2680//2680 2649//2649 2641//2641
f 2680//2680 2641//2641 2679//2679
f 2684//2684 2683//2683 2682//2682
f 2684//2684 2682//2682 2685//2685
f 2684//2684 2685//2685 2686//2686
f 2684//2684 2686//2686 2687//2687
f 2684//2684 2687//2687 2660//2660
f 2684//2684 2660//2660 2659//2659
f 2684//2684 2658//2658 2650//2650
f 2684//2684 2650//2650 2683//2683
f 2688//2688 2687//2687 2686//2686
f 2688//2688 2686//2686 2689//2689
f 2688//2688 2689//2689 2386//2386
f 2688//2688 2386//2386 2384//2384
f 2688//2688 2384//2384 2347//2347
f 2688//2688 2347//2347 2667//2667
f 2688//2688 2667//2667 2660//2660
f 2688//2688 2660//2660 2687//2687
f 2690//2690 2692//2692 2693//2693
f 2690//2690 2693//2693 2694//2694
f 2691//2691 2694//2694 2695//2695
f 2691//2691 2695//2695 2696//2696
f 2691//2691 2696//2696 2674//2674
f 2691//2691 2674//2674 2673//2673
f 2691//2691 2673//2673 2672//2672
f 2691//2691 2672//2672 2692//2692
f 2697//2697 2696//2696 2695//2695
f 2697//2697 2695//2695 2698//2698
f 2697//2697 2698//2698 2699//2699
f 2697//2697 2699//2699 2700//2700
f 2697//2697 2700//2700 2678//2678
f 2697//2697 2678//2678 2677//2677
f 2697//2697 2677//2677 2674//2674
f 2697//2697 2674//2674 2696//2696
f 2702//2702 2700//2700 2699//2699
f 2702//2702 2699//2699 2704//2704
f 2702//2702 2704//2704 2705//2705
f 2702//2702 2705//2705 2706//2706
f 2702//2702 2706//2706 2682//2682
f 2702//2702 2682//2682 2681//2681
f 2703//2703 2681//2681 2678//2678
f 2703//2703 2678//2678 2701//2701
f 2707//2707 2706//2706 2705//2705
f 2707//2707 2705//2705 2709//2709
f 2708//2708 2710//2710 2711//2711
f 2708//2708 2711//2711 2713//2713
f 2707//2707 2713//2713 2686//2686
f 2707//2707 2686//2686 2685//2685
f 2707//2707 2685//2685 2682//2682
f 2707//2707 2682//2682 2706//2706
f 2714//2714 2713//2713 2711//2711
f 2714//2714 2711//2711 2717//2717
f 2715//2715 2718//2718 2418//2418
f 2715//2715 2418//2418 2415//2415
f 2716//2716 2416//2416 2386//2386
f 2716//2716 2386//2386 2689//2689
f 2716//2716 2689//2689 2686//2686
f 2716//2716 2686//2686 2713//2713
f 2719//2719 2720//2720 2721//2721
f 2719//2719 2721//2721 2722//2722
f 2719//2719 2722//2722 2723//2723
f 2719//2719 2723//2723 2724//2724
f 2719//2719 2724//2724 2695//2695
f 2719//2719 2695//2695 2694//2694
f 2719//2719 2694//2694 2693//2693
f 2719//2719 2693//2693 2720//2720
f 2726//2726 2725//2725 2723//2723
f 2726//2726 2723//2723 2727//2727
f 2726//2726 2727//2727 2728//2728
f 2726//2726 2728//2728 2729//2729
f 2726//2726 2729//2729 2699//2699
f 2726//2726 2699//2699 2698//2698
f 2726//2726 2698//2698 2695//2695
f 2726//2726 2695//2695 2725//2725
f 2730//2730 2729//2729 2728//2728
f 2730//2730 2728//2728 2731//2731
f 2730//2730 2731//2731 2732//2732
f 2730//2730 2732//2732 2733//2733
f 2730//2730 2733//2733 2705//2705
f 2730//2730 2705//2705 2704//2704
f 2730//2730 2704//2704 2699//2699
f 2730//2730 2699//2699 2729//2729
f 2734//2734 2733//2733 2732//2732
f 2734//2734 2732//2732 2736//2736
f 2734//2734 2736//2736 2737//2737
f 2734//2734 2737//2737 2738//2738
f 2735//2735 2738//2738 2711//2711
f 2735//2735 2711//2711 2709//2709
f 2734//2734 2709//2709 2705//2705
f 2734//2734 2705//2705 2733//2733
f 2739//2739 2738//2738 2737//2737
f 2739//2739 2737//2737 2740//2740
f 2739//2739 2740//2740 2446//2446
f 2739//2739 2446//2446 2445//2445
f 2739//2739 2445//2445 2418//2418
f 2739//2739 2418//2418 2717//2717
f 2739//2739 2717//2717 2712//2712
f 2739//2739 2712//2712 2738//2738
f 2741//2741 2742//2742 1586//1586
f 2741//2741 1586//1586 2743//2743
f 2741//2741 2743//2743 2744//2744
f 2741//2741 2744//2744 2745//2745
f 2741//2741 2745//2745 2723//2723
f 2741//2741 2723//2723 2722//2722
f 2741//2741 2722//2722 2721//2721
f 2741//2741 2721//2721 2742//2742
f 2746//2746 2745//2745 2744//2744
f 2746//2746 2744//2744 2747//2747
f 2746//2746 2747//2747 2748//2748
f 2746//2746 2748//2748 2749//2749
f 2746//2746 2749//2749 2728//2728
f 2746//2746 2728//2728 2727//2727
f 2746//2746 2727//2727 2723//2723
f 2746//2746 2723//2723 2745//2745
f 2750//2750 2749//2749 2748//2748
f 2750//2750 2748//2748 2751//2751
f 2750//2750 2752//2752 2753//2753
f 2750//2750 2753//2753 2754//2754
f 2750//2750 2754//2754 2732//2732
f 2750//2750 2732//2732 2731//2731
f 2750//2750 2731//2731 2728//2728
f 2750//2750 2728//2728 2749//2749
f 2755//2755 2754//2754 2753//2753
f 2755//2755 2753//2753 2756//2756
f 2755//2755 2756//2756 2757//2757
f 2755//2755 2757//2757 2758//2758
f 2755//2755 2758//2758 2737//2737
f 2755//2755 2737//2737 2736//2736
f 2755//2755 2736//2736 2732//2732
f 2755//2755 2732//2732 2754//2754
f 2759//2759 2758//2758 2757//2757
f 2759//2759 2757//2757 2760//2760
f 2759//2759 2760//2760 2473//2473
f 2759//2759 2473//2473 2471//2471
f 2759//2759 2472//2472 2446//2446
f 2759//2759 2446//2446 2740//2740
f 2759//2759 2740//2740 2737//2737
f 2759//2759 2737//2737 2758//2758
f 2761//2761 2763//2763 2764//2764
f 2761//2761 2764//2764 2765//2765
f 2762//2762 2765//2765 2766//2766
f 2762//2762 2766//2766 2767//2767
f 2761//2761 2767//2767 2744//2744
f 2761//2761 2744//2744 2743//2743
f 2762//2762 2743//2743 1587//1587
f 2762//2762 1587//1587 2763//2763
f 2769//2769 2768//2768 2766//2766
f 2769//2769 2766//2766 2770//2770
f 2769//2769 2770//2770 2771//2771
f 2769//2769 2771//2771 2772//2772
f 2769//2769 2772//2772 2748//2748
f 2769//2769 2748//2748 2747//2747
f 2769//2769 2747//2747 2744//2744
f 2769//2769 2744//2744 2767//2767
f 2773//2773 2772//2772 2771//2771
f 2773//2773 2771//2771 2774//2774
f 2773//2773 2774//2774 2775//2775
f 2773//2773 2775//2775 2776//2776
f 2773//2773 2776//2776 2753//2753
f 2773//2773 2753//2753 2751//2751
f 2773//2773 2751//2751 2748//2748
f 2773//2773 2748//2748 2772//2772
f 2777//2777 2776//2776 2775//2775
f 2777//2777 2775//2775 2778//2778
f 2777//2777 2778//2778 2779//2779
f 2777//2777 2779//2779 2780//2780
f 2777//2777 2780//2780 2757//2757
f 2777//2777 2757//2757 2756//2756
f 2777//2777 2756//2756 2753//2753
f 2777//2777 2753//2753 2776//2776
f 2781//2781 2780//2780 2779//2779
f 2781//2781 2779//2779 2782//2782
f 2781//2781 2782//2782 2496//2496
f 2781//2781 2496//2496 2495//2495
f 2781//2781 2495//2495 2473//2473
f 2781//2781 2473//2473 2760//2760
f 2781//2781 2760//2760 2757//2757
f 2781//2781 2757//2757 2780//2780
f 2783//2783 2784//2784 2785//2785
f 2783//2783 2785//2785 2786//2786
f 2783//2783 2786//2786 2787//2787
f 2783//2783 2787//2787 2788//2788
f 2783//2783 2789//2789 2766//2766
f 2783//2783 2766//2766 2765//2765
f 2783//2783 2765//2765 2764//2764
f 2783//2783 2764//2764 2784//2784
f 2791//2791 2788//2788 2787//2787
f 2791//2791 2787//2787 2792//2792
f 2791//2791 2792//2792 2793//2793
f 2791//2791 2793//2793 2796//2796
f 2791//2791 2796//2796 2771//2771
f 2791//2791 2771//2771 2770//2770
f 2791//2791 2770//2770 2766//2766
f 2791//2791 2766//2766 2790//2790
f 2797//2797 2796//2796 2794//2794
f 2797//2797 2794//2794 2798//2798
f 2797//2797 2798//2798 2799//2799
f 2797//2797 2799//2799 2800//2800
f 2797//2797 2800//2800 2775//2775
f 2797//2797 2775//2775 2774//2774
f 2797//2797 2774//2774 2771//2771
f 2797//2797 2771//2771 2796//2796
f 2801//2801 2800//2800 2799//2799
f 2801//2801 2799//2799 2802//2802
f 2801//2801 2802//2802 2803//2803
f 2801//2801 2803//2803 2805//2805
f 2801//2801 2805//2805 2779//2779
f 2801//2801 2779//2779 2778//2778
f 2801//2801 2778//2778 2775//2775
f 2801//2801 2775//2775 2800//2800
f 2806//2806 2805//2805 2803//2803
f 2806//2806 2803//2803 2807//2807
f 2806//2806 2807//2807 2523//2523
f 2806//2806 2523//2523 2522//2522
f 2806//2806 2522//2522 2497//2497
f 2806//2806 2497//2497 2782//2782
f 2806//2806 2782//2782 2779//2779
f 2806//2806 2779//2779 2805//2805
f 2809//2809 2810//2810 2811//2811
f 2809//2809 2811//2811 2812//2812
f 2809//2809 2812//2812 2813//2813
f 2809//2809 2813//2813 2815//2815
f 2809//2809 2816//2816 2787//2787
f 2809//2809 2787//2787 2786//2786
f 2809//2809 2786//2786 2785//2785
f 2809//2809 2785//2785 2810//2810
f 2817//2817 2816//2816 2814//2814
f 2817//2817 2814//2814 2818//2818
f 2817//2817 2819//2819 2820//2820
f 2817//2817 2820//2820 2821//2821
f 2817//2817 2822//2822 2794//2794
f 2817//2817 2794//2794 2792//2792
f 2817//2817 2792//2792 2787//2787
f 2817//2817 2787//2787 2816//2816
f 2824//2824 2823//2823 2820//2820
f 2824//2824 2820//2820 2826//2826
f 2825//2825 2827//2827 2828//2828
f 2825//2825 2828//2828 2829//2829
f 2824//2824 2830//2830 2799//2799
f 2824//2824 2799//2799 2798//2798
f 2825//2825 2798//2798 2795//2795
f 2825//2825 2795//2795 2822//2822
f 2831//2831 2829//2829 2828//2828
f 2831//2831 2828//2828 2834//2834
f 2832//2832 2834//2834 2836//2836
f 2832//2832 2836//2836 2838//2838
f 2831//2831 2838//2838 2803//2803
f 2831//2831 2803//2803 2802//2802
f 2833//2833 2802//2802 2799//2799
f 2833//2833 2799//2799 2830//2830
f 2840//2840 2839//2839 2836//2836
f 2840//2840 2836//2836 2842//2842
f 2841//2841 2843//2843 2554//2554
f 2841//2841 2554//2554 2552//2552
f 2841//2841 2552//2552 2523//2523
f 2841//2841 2523//2523 2807//2807
f 2841//2841 2808//2808 2804//2804
f 2841//2841 2804//2804 2838//2838
f 2844//2844 2845//2845 2846//2846
f 2844//2844 2846//2846 2847//2847
f 2844//2844 2848//2848 2850//2850
f 2844//2844 2850//2850 2851//2851
f 2844//2844 2851//2851 2814//2814
f 2844//2844 2814//2814 2812//2812
f 2844//2844 2812//2812 2811//2811
f 2844//2844 2811//2811 2845//2845
f 2852//2852 2851//2851 2850//2850
f 2852//2852 2850//2850 2853//2853
f 2852//2852 2853//2853 2854//2854
f 2852//2852 2854//2854 2855//2855
f 2852//2852 2855//2855 2820//2820
f 2852//2852 2820//2820 2819//2819
f 2852//2852 2819//2819 2814//2814
f 2852//2852 2814//2814 2851//2851
f 2856//2856 2855//2855 2854//2854
f 2856//2856 2854//2854 2857//2857
f 2856//2856 2857//2857 2859//2859
f 2856//2856 2859//2859 2860//2860
f 2856//2856 2860//2860 2828//2828
f 2856//2856 2828//2828 2827//2827
f 2856//2856 2827//2827 2820//2820
f 2856//2856 2820//2820 2855//2855
f 2861//2861 2860//2860 2859//2859
f 2861//2861 2859//2859 2863//2863
f 2861//2861 2864//2864 2866//2866
f 2861//2861 2866//2866 2868//2868
f 2862//2862 2868//2868 2836//2836
f 2862//2862 2836//2836 2835//2835
f 2861//2861 2834//2834 2828//2828
f 2861//2861 2828//2828 2860//2860
f 2869//2869 2868//2868 2867//2867
f 2869//2869 2867//2867 2870//2870
f 2869//2869 2870//2870 2587//2587
f 2869//2869 2587//2587 2586//2586
f 2869//2869 2586//2586 2554//2554
f 2869//2869 2554//2554 2843//2843
f 2869//2869 2843//2843 2837//2837
f 2869//2869 2837//2837 2868//2868
f 2871//2871 2872//2872 2638//2638
f 2871//2871 2638//2638 2636//2636
f 2871//2871 2637//2637 2635//2635
f 2871//2871 2635//2635 2873//2873
f 2871//2871 2873//2873 2850//2850
f 2871//2871 2850//2850 2849//2849
f 2871//2871 2848//2848 2846//2846
f 2871//2871 2846//2846 2872//2872
f 2874//2874 2873//2873 2635//2635
f 2874//2874 2635//2635 2647//2647
f 2874//2874 2647//2647 2646//2646
f 2874//2874 2646//2646 2875//2875
f 2874//2874 2875//2875 2854//2854
f 2874//2874 2854//2854 2853//2853
f 2874//2874 2853//2853 2850//2850
f 2874//2874 2850//2850 2873//2873
f 2876//2876 2875//2875 2646//2646
f 2876//2876 2646//2646 2656//2656
f 2876//2876 2656//2656 2654//2654
f 2876//2876 2654//2654 2877//2877
f 2876//2876 2877//2877 2859//2859
f 2876//2876 2859//2859 2857//2857
f 2876//2876 2858//2858 2854//2854
f 2876//2876 2854//2854 2875//2875
f 2878//2878 2877//2877 2655//2655
f 2878//2878 2655//2655 2665//2665
f 2878//2878 2664//2664 2662//2662
f 2878//2878 2662//2662 2879//2879
f 2878//2878 2879//2879 2866//2866
f 2878//2878 2866//2866 2863//2863
f 2878//2878 2865//2865 2859//2859
f 2878//2878 2859//2859 2877//2877
f 2880//2880 2879//2879 2663//2663
f 2880//2880 2663//2663 2668//2668
f 2881//2881 2668//2668 2356//2356
f 2881//2881 2356//2356 2616//2616
f 2881//2881 2617//2617 2587//2587
f 2881//2881 2587//2587 2870//2870
f 2881//2881 2870//2870 2866//2866
f 2881//2881 2866//2866 2879//2879
f 2882//2882 2883//2883 2884//2884
f 2882//2882 2884//2884 2885//2885
f 2882//2882 2885//2885 2886//2886
f 2882//2882 2886//2886 2887//2887
f 2882//2882 2887//2887 2888//2888
f 2882//2882 2888//2888 2889//2889
f 2882//2882 2889//2889 2144//2144
f 2882//2882 2144//2144 2883//2883
f 2890//2890 2887//2887 2886//2886
f 2890//2890 2886//2886 2891//2891
f 2890//2890 2891//2891 2892//2892
f 2890//2890 2892//2892 2893//2893
f 2890//2890 2893//2893 2894//2894
f 2890//2890 2894//2894 2895//2895
f 2890//2890 2895//2895 2888//2888
f 2890//2890 2888//2888 2887//2887
f 2896//2896 2893//2893 2892//2892
f 2896//2896 2892//2892 2897//2897
f 2896//2896 2897//2897 2898//2898
f 2896//2896 2898//2898 2899//2899
f 2896//2896 2899//2899 2900//2900
f 2896//2896 2900//2900 2901//2901
f 2896//2896 2902//2902 2894//2894
f 2896//2896 2894//2894 2893//2893
f 2903//2903 2899//2899 2898//2898
f 2903//2903 2898//2898 2904//2904
f 2903//2903 2904//2904 2905//2905
f 2903//2903 2905//2905 2906//2906
f 2903//2903 2906//2906 2907//2907
f 2903//2903 2907//2907 2908//2908
f 2903//2903 2908//2908 2900//2900
f 2903//2903 2900//2900 2899//2899
f 2909//2909 2906//2906 2905//2905
f 2909//2909 2905//2905 2910//2910
f 2909//2909 2910//2910 2911//2911
f 2909//2909 2911//2911 2912//2912
f 2909//2909 2912//2912 2907//2907
f 2909//2909 2907//2907 2906//2906
f 2913//2913 2914//2914 2293//2293
f 2913//2913 2293//2293 2915//2915
f 2913//2913 2915//2915 2916//2916
f 2913//2913 2916//2916 2917//2917
f 2913//2913 2917//2917 2886//2886
f 2913//2913 2886//2886 2885//2885
f 2913//2913 2885//2885 2884//2884
f 2913//2913 2884//2884 2914//2914
f 2918//2918 2917//2917 2916//2916
f 2918//2918 2916//2916 2919//2919
f 2918//2918 2919//2919 2920//2920
f 2918//2918 2920//2920 2921//2921
f 2918//2918 2921//2921 2892//2892
f 2918//2918 2892//2892 2891//2891
f 2918//2918 2891//2891 2886//2886
f 2918//2918 2886//2886 2917//2917
f 2922//2922 2921//2921 2920//2920
f 2922//2922 2920//2920 2923//2923
f 2922//2922 2923//2923 2924//2924
f 2922//2922 2924//2924 2925//2925
f 2922//2922 2925//2925 2898//2898
f 2922//2922 2898//2898 2897//2897
f 2922//2922 2897//2897 2892//2892
f 2922//2922 2892//2892 2921//2921
f 2926//2926 2925//2925 2924//2924
f 2926//2926 2924//2924 2928//2928
f 2926//2926 2928//2928 2929//2929
f 2926//2926 2929//2929 2930//2930
f 2926//2926 2930//2930 2905//2905
f 2926//2926 2905//2905 2904//2904
f 2927//2927 2904//2904 2898//2898
f 2927//2927 2898//2898 2925//2925
f 2931//2931 2930//2930 2929//2929
f 2931//2931 2929//2929 2932//2932
f 2931//2931 2932//2932 2911//2911
f 2931//2931 2911//2911 2910//2910
f 2931//2931 2910//2910 2905//2905
f 2931//2931 2905//2905 2930//2930
f 2933//2933 2292//2292 2272//2272
f 2933//2933 2272//2272 2934//2934
f 2933//2933 2934//2934 2935//2935
f 2933//2933 2935//2935 2936//2936
f 2933//2933 2936//2936 2916//2916
f 2933//2933 2916//2916 2915//2915
f 2933//2933 2915//2915 2293//2293
f 2933//2933 2293//2293 2292//2292
f 2937//2937 2936//2936 2935//2935
f 2937//2937 2935//2935 2938//2938
f 2937//2937 2938//2938 2939//2939
f 2937//2937 2939//2939 2940//2940
f 2937//2937 2940//2940 2920//2920
f 2937//2937 2920//2920 2919//2919
f 2937//2937 2919//2919 2916//2916
f 2937//2937 2916//2916 2936//2936
f 2941//2941 2940//2940 2939//2939
f 2941//2941 2939//2939 2942//2942
f 2941//2941 2942//2942 2943//2943
f 2941//2941 2943//2943 2944//2944
f 2941//2941 2944//2944 2924//2924
f 2941//2941 2924//2924 2923//2923
f 2941//2941 2923//2923 2920//2920
f 2941//2941 2920//2920 2940//2940
f 2945//2945 2944//2944 2943//2943
f 2945//2945 2943//2943 2946//2946
f 2945//2945 2946//2946 2947//2947
f 2945//2945 2947//2947 2948//2948
f 2945//2945 2948//2948 2929//2929
f 2945//2945 2929//2929 2928//2928
f 2945//2945 2928//2928 2924//2924
f 2945//2945 2924//2924 2944//2944
f 2949//2949 2948//2948 2947//2947
f 2949//2949 2947//2947 2950//2950
f 2949//2949 2950//2950 2911//2911
f 2949//2949 2911//2911 2932//2932
f 2949//2949 2932//2932 2929//2929
f 2949//2949 2929//2929 2948//2948
f 2951//2951 2952//2952 2953//2953
f 2951//2951 2953//2953 2954//2954
f 2951//2951 2955//2955 2956//2956
f 2951//2951 2956//2956 2957//2957
f 2951//2951 2957//2957 2935//2935
f 2951//2951 2935//2935 2934//2934
f 2951//2951 2934//2934 2272//2272
f 2951//2951 2272//2272 2952//2952
f 2958//2958 2957//2957 2956//2956
f 2958//2958 2956//2956 2959//2959
f 2958//2958 2959//2959 2960//2960
f 2958//2958 2960//2960 2961//2961
f 2958//2958 2961//2961 2939//2939
f 2958//2958 2939//2939 2938//2938
f 2958//2958 2938//2938 2935//2935
f 2958//2958 2935//2935 2957//2957
f 2962//2962 2961//2961 2960//2960
f 2962//2962 2960//2960 2963//2963
f 2962//2962 2963//2963 2964//2964
f 2962//2962 2964//2964 2966//2966
f 2962//2962 2966//2966 2943//2943
f 2962//2962 2943//2943 2942//2942
f 2962//2962 2942//2942 2939//2939
f 2962//2962 2939//2939 2961//2961
f 2967//2967 2966//2966 2964//2964
f 2967//2967 2964//2964 2968//2968
f 2967//2967 2968//2968 2969//2969
f 2967//2967 2969//2969 2970//2970
f 2967//2967 2970//2970 2947//2947
f 2967//2967 2947//2947 2946//2946
f 2967//2967 2946//2946 2943//2943
f 2967//2967 2943//2943 2966//2966
f 2971//2971 2970//2970 2969//2969
f 2971//2971 2969//2969 2972//2972
f 2971//2971 2972//2972 2911//2911
f 2971//2971 2911//2911 2950//2950
f 2971//2971 2950//2950 2947//2947
f 2971//2971 2947//2947 2970//2970
f 2973//2973 2974//2974 2003//2003
f 2973//2973 2003//2003 2975//2975
f 2973//2973 2975//2975 2976//2976
f 2973//2973 2976//2976 2977//2977
f 2973//2973 2977//2977 2956//2956
f 2973//2973 2956//2956 2955//2955
f 2973//2973 2955//2955 2953//2953
f 2973//2973 2953//2953 2974//2974
f 2978//2978 2977//2977 2976//2976
f 2978//2978 2976//2976 2979//2979
f 2978//2978 2979//2979 2980//2980
f 2978//2978 2980//2980 2981//2981
f 2978//2978 2981//2981 2960//2960
f 2978//2978 2960//2960 2959//2959
f 2978//2978 2959//2959 2956//2956
f 2978//2978 2956//2956 2977//2977
f 2982//2982 2981//2981 2980//2980
f 2982//2982 2980//2980 2983//2983
f 2982//2982 2983//2983 2985//2985
f 2982//2982 2985//2985 2986//2986
f 2982//2982 2986//2986 2965//2965
f 2982//2982 2965//2965 2963//2963
f 2982//2982 2963//2963 2960//2960
f 2982//2982 2960//2960 2981//2981
f 2987//2987 2986//2986 2985//2985
f 2987//2987 2985//2985 2988//2988
f 2987//2987 2988//2988 2989//2989
f 2987//2987 2989//2989 2990//2990
f 2987//2987 2990//2990 2969//2969
f 2987//2987 2969//2969 2968//2968
f 2987//2987 2968//2968 2965//2965
f 2987//2987 2965//2965 2986//2986
f 2991//2991 2990//2990 2989//2989
f 2991//2991 2989//2989 2992//2992
f 2991//2991 2992//2992 2911//2911
f 2991//2991 2911//2911 2972//2972
f 2991//2991 2972//2972 2969//2969
f 2991//2991 2969//2969 2990//2990
f 2993//2993 2994//2994 2995//2995
f 2993//2993 2995//2995 2997//2997
f 2993//2993 2997//2997 2998//2998
f 2993//2993 2998//2998 3000//3000
f 2993//2993 3000//3000 3001//3001
f 2993//2993 3001//3001 3002//3002
f 2993//2993 3002//3002 2031//2031
f 2993//2993 2031//2031 2994//2994
f 3003//3003 3000//3000 2998//2998
f 3003//3003 2998//2998 3004//3004
f 3003//3003 3004//3004 3005//3005
f 3003//3003 3005//3005 3006//3006
f 3003//3003 3006//3006 3007//3007
f 3003//3003 3007//3007 3008//3008
f 3003//3003 3008//3008 3001//3001
f 3003//3003 3001//3001 3000//3000
f 3009//3009 3006//3006 3005//3005
f 3009//3009 3005//3005 3010//3010
f 3009//3009 3010//3010 3011//3011
f 3009//3009 3011//3011 3012//3012
f 3009//3009 3012//3012 3013//3013
f 3009//3009 3013//3013 3014//3014
f 3009//3009 3014//3014 3007//3007
f 3009//3009 3007//3007 3006//3006
f 3015//3015 3012//3012 3011//3011
f 3015//3015 3011//3011 3016//3016
f 3015//3015 3016//3016 3017//3017
f 3015//3015 3017//3017 3018//3018
f 3015//3015 3018//3018 3019//3019
f 3015//3015 3019//3019 3020//3020
f 3015//3015 3020//3020 3013//3013
f 3015//3015 3013//3013 3012//3012
f 3021//3021 3018//3018 3017//3017
f 3021//3021 3017//3017 3022//3022
f 3021//3021 3022//3022 2911//2911
f 3021//3021 2911//2911 3023//3023
f 3021//3021 3023//3023 3019//3019
f 3021//3021 3019//3019 3018//3018
f 3024//3024 3025//3025 2191//2191
f 3024//3024 2191//2191 3026//3026
f 3024//3024 3026//3026 3027//3027
f 3024//3024 3027//3027 3028//3028
f 3024//3024 3028//3028 2999//2999
f 3024//3024 2999//2999 2997//2997
f 3024//3024 2997//2997 2996//2996
f 3024//3024 2996//2996 3025//3025
f 3029//3029 3028//3028 3027//3027
f 3029//3029 3027//3027 3030//3030
f 3029//3029 3030//3030 3031//3031
f 3029//3029 3031//3031 3032//3032
f 3029//3029 3032//3032 3005//3005
f 3029//3029 3005//3005 3004//3004
f 3029//3029 3004//3004 2999//2999
f 3029//3029 2999//2999 3028//3028
f 3033//3033 3032//3032 3031//3031
f 3033//3033 3031//3031 3034//3034
f 3033//3033 3034//3034 3035//3035
f 3033//3033 3035//3035 3036//3036
f 3033//3033 3036//3036 3011//3011
f 3033//3033 3011//3011 3010//3010
f 3033//3033 3010//3010 3005//3005
f 3033//3033 3005//3005 3032//3032
f 3037//3037 3036//3036 3035//3035
f 3037//3037 3035//3035 3038//3038
f 3037//3037 3038//3038 3039//3039
f 3037//3037 3039//3039 3040//3040
f 3037//3037 3040//3040 3017//3017
f 3037//3037 3017//3017 3016//3016
f 3037//3037 3016//3016 3011//3011
f 3037//3037 3011//3011 3036//3036
f 3041//3041 3040//3040 3039//3039
f 3041//3041 3039//3039 3042//3042
f 3041//3041 3042//3042 2911//2911
f 3041//3041 2911//2911 3022//3022
f 3041//3041 3022//3022 3017//3017
f 3041//3041 3017//3017 3040//3040
f 3043//3043 2190//2190 2171//2171
f 3043//3043 2171//2171 3045//3045
f 3044//3044 3045//3045 3046//3046
f 3044//3044 3046//3046 3047//3047
f 3043//3043 3047//3047 3027//3027
f 3043//3043 3027//3027 3026//3026
f 3043//3043 3026//3026 2191//2191
f 3043//3043 2191//2191 2190//2190
f 3048//3048 3047//3047 3046//3046
f 3048//3048 3046//3046 3049//3049
f 3048//3048 3049//3049 3050//3050
f 3048//3048 3050//3050 3051//3051
f 3048//3048 3051//3051 3031//3031
f 3048//3048 3031//3031 3030//3030
f 3048//3048 3030//3030 3027//3027
f 3048//3048 3027//3027 3047//3047
f 3052//3052 3051//3051 3050//3050
f 3052//3052 3050//3050 3053//3053
f 3052//3052 3053//3053 3054//3054
f 3052//3052 3054//3054 3055//3055
f 3052//3052 3055//3055 3035//3035
f 3052//3052 3035//3035 3034//3034
f 3052//3052 3034//3034 3031//3031
f 3052//3052 3031//3031 3051//3051
f 3056//3056 3055//3055 3054//3054
f 3056//3056 3054//3054 3057//3057
f 3056//3056 3057//3057 3058//3058
f 3056//3056 3058//3058 3059//3059
f 3056//3056 3059//3059 3039//3039
f 3056//3056 3039//3039 3038//3038
f 3056//3056 3038//3038 3035//3035
f 3056//3056 3035//3035 3055//3055
f 3060//3060 3059//3059 3058//3058
f 3060//3060 3058//3058 3061//3061
f 3060//3060 3061//3061 2911//2911
f 3060//3060 2911//2911 3042//3042
f 3060//3060 3042//3042 3039//3039
f 3060//3060 3039//3039 3059//3059
f 3062//3062 3063//3063 3064//3064
f 3062//3062 3064//3064 3065//3065
f 3062//3062 3065//3065 3067//3067
f 3062//3062 3067//3067 3068//3068
f 3062//3062 3068//3068 3046//3046
f 3062//3062 3046//3046 3045//3045
f 3062//3062 3045//3045 2171//2171
f 3062//3062 2171//2171 3063//3063
f 3069//3069 3068//3068 3067//3067
f 3069//3069 3067//3067 3070//3070
f 3069//3069 3070//3070 3071//3071
f 3069//3069 3071//3071 3072//3072
f 3069//3069 3072//3072 3050//3050
f 3069//3069 3050//3050 3049//3049
f 3069//3069 3049//3049 3046//3046
f 3069//3069 3046//3046 3068//3068
f 3073//3073 3072//3072 3071//3071
f 3073//3073 3071//3071 3074//3074
f 3073//3073 3074//3074 3075//3075
f 3073//3073 3075//3075 3077//3077
f 3073//3073 3077//3077 3054//3054
f 3073//3073 3054//3054 3053//3053
f 3073//3073 3053//3053 3050//3050
f 3073//3073 3050//3050 3072//3072
f 3078//3078 3077//3077 3075//3075
f 3078//3078 3075//3075 3079//3079
f 3078//3078 3079//3079 3080//3080
f 3078//3078 3080//3080 3081//3081
f 3078//3078 3081//3081 3058//3058
f 3078//3078 3058//3058 3057//3057
f 3078//3078 3057//3057 3054//3054
f 3078//3078 3054//3054 3077//3077
f 3082//3082 3081//3081 3080//3080
f 3082//3082 3080//3080 3083//3083
f 3082//3082 3083//3083 2911//2911
f 3082//3082 2911//2911 3061//3061
f 3082//3082 3061//3061 3058//3058
f 3082//3082 3058//3058 3081//3081
f 3084//3084 3086//3086 2144//2144
f 3084//3084 2144//2144 2889//2889
f 3084//3084 2889//2889 2888//2888
f 3084//3084 2888//2888 3087//3087
f 3085//3085 3087//3087 3067//3067
f 3085//3085 3067//3067 3065//3065
f 3084//3084 3066//3066 3064//3064
f 3084//3084 3064//3064 3086//3086
f 3088//3088 3087//3087 2888//2888
f 3088//3088 2888//2888 2895//2895
f 3088//3088 2895//2895 2894//2894
f 3088//3088 2894//2894 3089//3089
f 3088//3088 3090//3090 3071//3071
f 3088//3088 3071//3071 3070//3070
f 3088//3088 3070//3070 3067//3067
f 3088//3088 3067//3067 3087//3087
f 3091//3091 3090//3090 2894//2894
f 3091//3091 2894//2894 2901//2901
f 3091//3091 2901//2901 2900//2900
f 3091//3091 2900//2900 3092//3092
f 3091//3091 3092//3092 3076//3076
f 3091//3091 3076//3076 3074//3074
f 3091//3091 3074//3074 3071//3071
f 3091//3091 3071//3071 3090//3090
f 3093//3093 3092//3092 2900//2900
f 3093//3093 2900//2900 2908//2908
f 3093//3093 2908//2908 2907//2907
f 3093//3093 2907//2907 3094//3094
f 3093//3093 3094//3094 3080//3080
f 3093//3093 3080//3080 3079//3079
f 3093//3093 3079//3079 3076//3076
f 3093//3093 3076//3076 3092//3092
f 3095//3095 3094//3094 2907//2907
f 3095//3095 2907//2907 2912//2912
f 3095//3095 2912//2912 2911//2911
f 3095//3095 2911//2911 3083//3083
f 3095//3095 3083//3083 3080//3080
f 3095//3095 3080//3080 3094//3094
f 3096//3096 3097//3097 3098//3098
f 3096//3096 3098//3098 3099//3099
f 3096//3096 3099//3099 3100//3100
f 3096//3096 3100//3100 3101//3101
f 3096//3096 3101//3101 3102//3102
f 3096//3096 3102//3102 3103//3103
f 3096//3096 3103//3103 1909//1909
f 3096//3096 1909//1909 3097//3097
f 3104//3104 3101//3101 3100//3100
f 3104//3104 3100//3100 3105//3105
f 3104//3104 3105//3105 3106//3106
f 3104//3104 3106//3106 3107//3107
f 3104//3104 3107//3107 3108//3108
f 3104//3104 3108//3108 3109//3109
f 3104//3104 3109//3109 3102//3102
f 3104//3104 3102//3102 3101//3101
f 3110//3110 3107//3107 3106//3106
f 3110//3110 3106//3106 3111//3111
f 3110//3110 3111//3111 3112//3112
f 3110//3110 3112//3112 3113//3113
f 3110//3110 3113//3113 3114//3114
f 3110//3110 3114//3114 3115//3115
f 3110//3110 3115//3115 3108//3108
f 3110//3110 3108//3108 3107//3107
f 3116//3116 3113//3113 3112//3112
f 3116//3116 3112//3112 3117//3117
f 3116//3116 3117//3117 3118//3118
f 3116//3116 3118//3118 3119//3119
f 3116//3116 3119//3119 3120//3120
f 3116//3116 3120//3120 3121//3121
f 3116//3116 3121//3121 3114//3114
f 3116//3116 3114//3114 3113//3113
f 3122//3122 3119//3119 3118//3118
f 3122//3122 3118//3118 3123//3123
f 3122//3122 3123//3123 2911//2911
f 3122//3122 2911//2911 3124//3124
f 3122//3122 3124//3124 3120//3120
f 3122//3122 3120//3120 3119//3119
f 3125//3125 3126//3126 2080//2080
f 3125//3125 2080//2080 3127//3127
f 3125//3125 3127//3127 3128//3128
f 3125//3125 3128//3128 3129//3129
f 3125//3125 3129//3129 3100//3100
f 3125//3125 3100//3100 3099//3099
f 3125//3125 3099//3099 3098//3098
f 3125//3125 3098//3098 3126//3126
f 3130//3130 3129//3129 3128//3128
f 3130//3130 3128//3128 3131//3131
f 3130//3130 3131//3131 3132//3132
f 3130//3130 3132//3132 3133//3133
f 3130//3130 3133//3133 3106//3106
f 3130//3130 3106//3106 3105//3105
f 3130//3130 3105//3105 3100//3100
f 3130//3130 3100//3100 3129//3129
f 3134//3134 3133//3133 3132//3132
f 3134//3134 3132//3132 3135//3135
f 3134//3134 3135//3135 3136//3136
f 3134//3134 3136//3136 3137//3137
f 3134//3134 3137//3137 3112//3112
f 3134//3134 3112//3112 3111//3111
f 3134//3134 3111//3111 3106//3106
f 3134//3134 3106//3106 3133//3133
f 3138//3138 3137//3137 3136//3136
f 3138//3138 3136//3136 3139//3139
f 3138//3138 3139//3139 3140//3140
f 3138//3138 3140//3140 3141//3141
f 3138//3138 3141//3141 3118//3118
f 3138//3138 3118//3118 3117//3117
f 3138//3138 3117//3117 3112//3112
f 3138//3138 3112//3112 3137//3137
f 3142//3142 3141//3141 3140//3140
f 3142//3142 3140//3140 3143//3143
f 3142//3142 3143//3143 2911//2911
f 3142//3142 2911//2911 3123//3123
f 3142//3142 3123//3123 3118//3118
f 3142//3142 3118//3118 3141//3141
f 3144//3144 2078//2078 2058//2058
f 3144//3144 2058//2058 3145//3145
f 3144//3144 3145//3145 3146//3146
f 3144//3144 3146//3146 3147//3147
f 3144//3144 3147//3147 3128//3128
f 3144//3144 3128//3128 3127//3127
f 3144//3144 3127//3127 2079//2079
f 3144//3144 2079//2079 2078//2078
f 3148//3148 3147//3147 3146//3146
f 3148//3148 3146//3146 3149//3149
f 3148//3148 3149//3149 3150//3150
f 3148//3148 3150//3150 3151//3151
f 3148//3148 3151//3151 3132//3132
f 3148//3148 3132//3132 3131//3131
f 3148//3148 3131//3131 3128//3128
f 3148//3148 3128//3128 3147//3147
f 3152//3152 3151//3151 3150//3150
f 3152//3152 3150//3150 3153//3153
f 3152//3152 3153//3153 3154//3154
f 3152//3152 3154//3154 3155//3155
f 3152//3152 3155//3155 3136//3136
f 3152//3152 3136//3136 3135//3135
f 3152//3152 3135//3135 3132//3132
f 3152//3152 3132//3132 3151//3151
f 3156//3156 3155//3155 3154//3154
f 3156//3156 3154//3154 3157//3157
f 3156//3156 3157//3157 3158//3158
f 3156//3156 3158//3158 3159//3159
f 3156//3156 3159//3159 3140//3140
f 3156//3156 3140//3140 3139//3139
f 3156//3156 3139//3139 3136//3136
f 3156//3156 3136//3136 3155//3155
f 3160//3160 3159//3159 3158//3158
f 3160//3160 3158//3158 3161//3161
f 3160//3160 3161//3161 2911//2911
f 3160//3160 2911//2911 3143//3143
f 3160//3160 3143//3143 3140//3140
f 3160//3160 3140//3140 3159//3159
f 3162//3162 3163//3163 3164//3164
f 3162//3162 3164//3164 3165//3165
f 3162//3162 3166//3166 3167//3167
f 3162//3162 3167//3167 3168//3168
f 3162//3162 3168//3168 3146//3146
f 3162//3162 3146//3146 3145//3145
f 3162//3162 3145//3145 2058//2058
f 3162//3162 2058//2058 3163//3163
f 3169//3169 3168//3168 3167//3167
f 3169//3169 3167//3167 3170//3170
f 3169//3169 3170//3170 3171//3171
f 3169//3169 3171//3171 3172//3172
f 3169//3169 3172//3172 3150//3150
f 3169//3169 3150//3150 3149//3149
f 3169//3169 3149//3149 3146//3146
f 3169//3169 3146//3146 3168//3168
f 3173//3173 3172//3172 3171//3171
f 3173//3173 3171//3171 3174//3174
f 3173//3173 3174//3174 3175//3175
f 3173//3173 3175//3175 3177//3177
f 3173//3173 3177//3177 3154//3154
f 3173//3173 3154//3154 3153//3153
f 3173//3173 3153//3153 3150//3150
f 3173//3173 3150//3150 3172//3172
f 3178//3178 3177//3177 3175//3175
f 3178//3178 3175//3175 3179//3179
f 3178//3178 3179//3179 3180//3180
f 3178//3178 3180//3180 3181//3181
f 3178//3178 3181//3181 3158//3158
f 3178//3178 3158//3158 3157//3157
f 3178//3178 3157//3157 3154//3154
f 3178//3178 3154//3154 3177//3177
f 3182//3182 3181//3181 3180//3180
f 3182//3182 3180//3180 3183//3183
f 3182//3182 3183//3183 2911//2911
f 3182//3182 2911//2911 3161//3161
f 3182//3182 3161//3161 3158//3158
f 3182//3182 3158//3158 3181//3181
f 3184//3184 3186//3186 2031//2031
f 3184//3184 2031//2031 3002//3002
f 3185//3185 3002//3002 3001//3001
f 3185//3185 3001//3001 3187//3187
f 3185//3185 3187//3187 3167//3167
f 3185//3185 3167//3167 3166//3166
f 3184//3184 3165//3165 3164//3164
f 3184//3184 3164//3164 3186//3186
f 3188//3188 3187//3187 3001//3001
f 3188//3188 3001//3001 3008//3008
f 3188//3188 3008//3008 3007//3007
f 3188//3188 3007//3007 3189//3189
f 3188//3188 3189//3189 3171//3171
f 3188//3188 3171//3171 3170//3170
f 3188//3188 3170//3170 3167//3167
f 3188//3188 3167//3167 3187//3187
f 3190//3190 3189//3189 3007//3007
f 3190//3190 3007//3007 3014//3014
f 3190//3190 3014//3014 3013//3013
f 3190//3190 3013//3013 3191//3191
f 3190//3190 3191//3191 3176//3176
f 3190//3190 3176//3176 3174//3174
f 3190//3190 3174//3174 3171//3171
f 3190//3190 3171//3171 3189//3189
f 3192//3192 3191//3191 3013//3013
f 3192//3192 3013//3013 3020//3020
f 3192//3192 3020//3020 3019//3019
f 3192//3192 3019//3019 3193//3193
f 3192//3192 3193//3193 3180//3180
f 3192//3192 3180//3180 3179//3179
f 3192//3192 3179//3179 3176//3176
f 3192//3192 3176//3176 3191//3191
f 3194//3194 3193//3193 3019//3019
f 3194//3194 3019//3019 3023//3023
f 3194//3194 3023//3023 2911//2911
f 3194//3194 2911//2911 3183//3183
f 3194//3194 3183//3183 3180//3180
f 3194//3194 3180//3180 3193//3193
f 3195//3195 3196//3196 3197//3197
f 3195//3195 3197//3197 3198//3198
f 3195//3195 3198//3198 3199//3199
f 3195//3195 3199//3199 3200//3200
f 3195//3195 3200//3200 2976//2976
f 3195//3195 2976//2976 2975//2975
f 3195//3195 2975//2975 2003//2003
f 3195//3195 2003//2003 3196//3196
f 3201//3201 3200//3200 3199//3199
f 3201//3201 3199//3199 3202//3202
f 3201//3201 3202//3202 3203//3203
f 3201//3201 3203//3203 3204//3204
f 3201//3201 3204//3204 2980//2980
f 3201//3201 2980//2980 2979//2979
f 3201//3201 2979//2979 2976//2976
f 3201//3201 2976//2976 3200//3200
f 3205//3205 3204//3204 3203//3203
f 3205//3205 3203//3203 3206//3206
f 3205//3205 3206//3206 3207//3207
f 3205//3205 3207//3207 3208//3208
f 3205//3205 3208//3208 2985//2985
f 3205//3205 2985//2985 2983//2983
f 3205//3205 2984//2984 2980//2980
f 3205//3205 2980//2980 3204//3204
f 3209//3209 3208//3208 3207//3207
f 3209//3209 3207//3207 3210//3210
f 3209//3209 3210//3210 3211//3211
f 3209//3209 3211//3211 3212//3212
f 3209//3209 3212//3212 2989//2989
f 3209//3209 2989//2989 2988//2988
f 3209//3209 2988//2988 2985//2985
f 3209//3209 2985//2985 3208//3208
f 3213//3213 3212//3212 3211//3211
f 3213//3213 3211//3211 3214//3214
f 3213//3213 3214//3214 2911//2911
f 3213//3213 2911//2911 2992//2992
f 3213//3213 2992//2992 2989//2989
f 3213//3213 2989//2989 3212//3212
f 3215//3215 3216//3216 1955//1955
f 3215//3215 1955//1955 3217//3217
f 3215//3215 3217//3217 3218//3218
f 3215//3215 3218//3218 3219//3219
f 3215//3215 3219//3219 3199//3199
f 3215//3215 3199//3199 3198//3198
f 3215//3215 3198//3198 3197//3197
f 3215//3215 3197//3197 3216//3216
f 3220//3220 3219//3219 3218//3218
f 3220//3220 3218//3218 3221//3221
f 3220//3220 3222//3222 3223//3223
f 3220//3220 3223//3223 3224//3224
f 3220//3220 3224//3224 3203//3203
f 3220//3220 3203//3203 3202//3202
f 3220//3220 3202//3202 3199//3199
f 3220//3220 3199//3199 3219//3219
f 3225//3225 3224//3224 3223//3223
f 3225//3225 3223//3223 3226//3226
f 3225//3225 3226//3226 3227//3227
f 3225//3225 3227//3227 3228//3228
f 3225//3225 3228//3228 3207//3207
f 3225//3225 3207//3207 3206//3206
f 3225//3225 3206//3206 3203//3203
f 3225//3225 3203//3203 3224//3224
f 3229//3229 3228//3228 3227//3227
f 3229//3229 3227//3227 3230//3230
f 3229//3229 3230//3230 3231//3231
f 3229//3229 3231//3231 3232//3232
f 3229//3229 3232//3232 3211//3211
f 3229//3229 3211//3211 3210//3210
f 3229//3229 3210//3210 3207//3207
f 3229//3229 3207//3207 3228//3228
f 3233//3233 3232//3232 3231//3231
f 3233//3233 3231//3231 3234//3234
f 3233//3233 3234//3234 2911//2911
f 3233//3233 2911//2911 3214//3214
f 3233//3233 3214//3214 3211//3211
f 3233//3233 3211//3211 3232//3232
f 3235//3235 1954//1954 1934//1934
f 3235//3235 1934//1934 3236//3236
f 3235//3235 3236//3236 3237//3237
f 3235//3235 3237//3237 3238//3238
f 3235//3235 3238//3238 3218//3218
f 3235//3235 3218//3218 3217//3217
f 3235//3235 3217//3217 1955//1955
f 3235//3235 1955//1955 1954//1954
f 3239//3239 3238//3238 3237//3237
f 3239//3239 3237//3237 3240//3240
f 3239//3239 3240//3240 3241//3241
f 3239//3239 3241//3241 3242//3242
f 3239//3239 3242//3242 3223//3223
f 3239//3239 3223//3223 3222//3222
f 3239//3239 3222//3222 3218//3218
f 3239//3239 3218//3218 3238//3238
f 3243//3243 3242//3242 3241//3241
f 3243//3243 3241//3241 3244//3244
f 3243//3243 3244//3244 3245//3245
f 3243//3243 3245//3245 3246//3246
f 3243//3243 3246//3246 3227//3227
f 3243//3243 3227//3227 3226//3226
f 3243//3243 3226//3226 3223//3223
f 3243//3243 3223//3223 3242//3242
f 3247//3247 3246//3246 3245//3245
f 3247//3247 3245//3245 3248//3248
f 3247//3247 3248//3248 3249//3249
f 3247//3247 3249//3249 3250//3250
f 3247//3247 3250//3250 3231//3231
f 3247//3247 3231//3231 3230//3230
f 3247//3247 3230//3230 3227//3227
f 3247//3247 3227//3227 3246//3246
f 3251//3251 3250//3250 3249//3249
f 3251//3251 3249//3249 3252//3252
f 3251//3251 3252//3252 2911//2911
f 3251//3251 2911//2911 3234//3234
f 3251//3251 3234//3234 3231//3231
f 3251//3251 3231//3231 3250//3250
f 3253//3253 3254//3254 3255//3255
f 3253//3253 3255//3255 3256//3256
f 3253//3253 3257//3257 3258//3258
f 3253//3253 3258//3258 3259//3259
f 3253//3253 3259//3259 3237//3237
f 3253//3253 3237//3237 3236//3236
f 3253//3253 3236//3236 1934//1934
f 3253//3253 1934//1934 3254//3254
f 3260//3260 3259//3259 3258//3258
f 3260//3260 3258//3258 3261//3261
f 3260//3260 3261//3261 3262//3262
f 3260//3260 3262//3262 3263//3263
f 3260//3260 3263//3263 3241//3241
f 3260//3260 3241//3241 3240//3240
f 3260//3260 3240//3240 3237//3237
f 3260//3260 3237//3237 3259//3259
f 3264//3264 3263//3263 3262//3262
f 3264//3264 3262//3262 3265//3265
f 3264//3264 3265//3265 3266//3266
f 3264//3264 3266//3266 3268//3268
f 3264//3264 3268//3268 3245//3245
f 3264//3264 3245//3245 3244//3244
f 3264//3264 3244//3244 3241//3241
f 3264//3264 3241//3241 3263//3263
f 3269//3269 3268//3268 3266//3266
f 3269//3269 3266//3266 3270//3270
f 3269//3269 3270//3270 3271//3271
f 3269//3269 3271//3271 3272//3272
f 3269//3269 3272//3272 3249//3249
f 3269//3269 3249//3249 3248//3248
f 3269//3269 3248//3248 3245//3245
f 3269//3269 3245//3245 3268//3268
f 3273//3273 3272//3272 3271//3271
f 3273//3273 3271//3271 3274//3274
f 3273//3273 3274//3274 2911//2911
f 3273//3273 2911//2911 3252//3252
f 3273//3273 3252//3252 3249//3249
f 3273//3273 3249//3249 3272//3272
f 3276//3276 3278//3278 1909//1909
f 3276//3276 1909//1909 3103//3103
f 3277//3277 3103//3103 3102//3102
f 3277//3277 3102//3102 3279//3279
f 3276//3276 3279//3279 3258//3258
f 3276//3276 3258//3258 3257//3257
f 3276//3276 3256//3256 3255//3255
f 3276//3276 3255//3255 3278//3278
f 3280//3280 3279//3279 3102//3102
f 3280//3280 3102//3102 3109//3109
f 3280//3280 3109//3109 3108//3108
f 3280//3280 3108//3108 3281//3281
f 3280//3280 3281//3281 3262//3262
f 3280//3280 3262//3262 3261//3261
f 3280//3280 3261//3261 3258//3258
f 3280//3280 3258//3258 3279//3279
f 3282//3282 3281//3281 3108//3108
f 3282//3282 3108//3108 3115//3115
f 3282//3282 3115//3115 3114//3114
f 3282//3282 3114//3114 3283//3283
f 3282//3282 3283//3283 3266//3266
f 3282//3282 3266//3266 3265//3265
f 3282//3282 3265//3265 3262//3262
f 3282//3282 3262//3262 3281//3281
f 3284//3284 3283//3283 3114//3114
f 3284//3284 3114//3114 3121//3121
f 3284//3284 3121//3121 3120//3120
f 3284//3284 3120//3120 3285//3285
f 3284//3284 3285//3285 3271//3271
f 3284//3284 3271//3271 3270//3270
f 3284//3284 3270//3270 3267//3267
f 3284//3284 3267//3267 3283//3283
f 3286//3286 3285//3285 3120//3120
f 3286//3286 3120//3120 3124//3124
f 3286//3286 3124//3124 2911//2911
f 3286//3286 2911//2911 3275//3275
f 3286//3286 3274//3274 3271//3271
f 3286//3286 3271//3271 3285//3285
f 3287//3287 3288//3288 3289//3289
f 3287//3287 3289//3289 3290//3290
f 3287//3287 3290//3290 3291//3291
f 3287//3287 3291//3291 3292//3292
f 3287//3287 3292//3292 3293//3293
f 3287//3287 3293//3293 3295//3295
f 3287//3287 3295//3295 3296//3296
f 3287//3287 3296//3296 3288//3288
f 3297//3297 3292//3292 3291//3291
f 3297//3297 3291//3291 3299//3299
f 3297//3297 3299//3299 3301//3301
f 3297//3297 3301//3301 3302//3302
f 3298//3298 3302//3302 3303//3303
f 3298//3298 3303//3303 3304//3304
f 3297//3297 3304//3304 3294//3294
f 3297//3297 3294//3294 3292//3292
f 3305//3305 3302//3302 3301//3301
f 3305//3305 3301//3301 3306//3306
f 3305//3305 3306//3306 3307//3307
f 3305//3305 3307//3307 3308//3308
f 3305//3305 3308//3308 3309//3309
f 3305//3305 3309//3309 3310//3310
f 3305//3305 3310//3310 3303//3303
f 3305//3305 3303//3303 3302//3302
f 3311//3311 3308//3308 3307//3307
f 3311//3311 3307//3307 3312//3312
f 3311//3311 3312//3312 3313//3313
f 3311//3311 3313//3313 3314//3314
f 3311//3311 3314//3314 3315//3315
f 3311//3311 3315//3315 3317//3317
f 3311//3311 3317//3317 3309//3309
f 3311//3311 3309//3309 3308//3308
f 3318//3318 3314//3314 3313//3313
f 3318//3318 3313//3313 3320//3320
f 3318//3318 3321//3321 3322//3322
f 3318//3318 3322//3322 3323//3323
f 3319//3319 3323//3323 3324//3324
f 3319//3319 3324//3324 3325//3325
f 3318//3318 3325//3325 3315//3315
f 3318//3318 3315//3315 3314//3314
f 3326//3326 3327//3327 3328//3328
f 3326//3326 3328//3328 3329//3329
f 3326//3326 3329//3329 3330//3330
f 3326//3326 3330//3330 3331//3331
f 3326//3326 3331//3331 3291//3291
f 3326//3326 3291//3291 3290//3290
f 3326//3326 3290//3290 3289//3289
f 3326//3326 3289//3289 3327//3327
f 3332//3332 3331//3331 3330//3330
f 3332//3332 3330//3330 3333//3333
f 3332//3332 3333//3333 3334//3334
f 3332//3332 3334//3334 3335//3335
f 3332//3332 3335//3335 3301//3301
f 3332//3332 3301//3301 3299//3299
f 3332//3332 3300//3300 3291//3291
f 3332//3332 3291//3291 3331//3331
f 3336//3336 3335//3335 3334//3334
f 3336//3336 3334//3334 3337//3337
f 3336//3336 3337//3337 3338//3338
f 3336//3336 3338//3338 3339//3339
f 3336//3336 3339//3339 3307//3307
f 3336//3336 3307//3307 3306//3306
f 3336//3336 3306//3306 3301//3301
f 3336//3336 3301//3301 3335//3335
f 3340//3340 3339//3339 3338//3338
f 3340//3340 3338//3338 3341//3341
f 3340//3340 3341//3341 3342//3342
f 3340//3340 3342//3342 3343//3343
f 3340//3340 3343//3343 3313//3313
f 3340//3340 3313//3313 3312//3312
f 3340//3340 3312//3312 3307//3307
f 3340//3340 3307//3307 3339//3339
f 3344//3344 3343//3343 3342//3342
f 3344//3344 3342//3342 3346//3346
f 3345//3345 3346//3346 3347//3347
f 3345//3345 3347//3347 3348//3348
f 3345//3345 3349//3349 3322//3322
f 3345//3345 3322//3322 3321//3321
f 3345//3345 3320//3320 3313//3313
f 3345//3345 3313//3313 3343//3343
f 3350//3350 3351//3351 3352//3352
f 3350//3350 3352//3352 3353//3353
f 3350//3350 3353//3353 3354//3354
f 3350//3350 3354//3354 3355//3355
f 3350//3350 3356//3356 3330//3330
f 3350//3350 3330//3330 3329//3329
f 3350//3350 3329//3329 3328//3328
f 3350//3350 3328//3328 3351//3351
f 3357//3357 3356//3356 3354//3354
f 3357//3357 3354//3354 3358//3358
f 3357//3357 3359//3359 3360//3360
f 3357//3357 3360//3360 3361//3361
f 3357//3357 3361//3361 3334//3334
f 3357//3357 3334//3334 3333//3333
f 3357//3357 3333//3333 3330//3330
f 3357//3357 3330//3330 3356//3356
f 3362//3362 3361//3361 3360//3360
f 3362//3362 3360//3360 3363//3363
f 3362//3362 3364//3364 3365//3365
f 3362//3362 3365//3365 3366//3366
f 3362//3362 3366//3366 3338//3338
f 3362//3362 3338//3338 3337//3337
f 3362//3362 3337//3337 3334//3334
f 3362//3362 3334//3334 3361//3361
f 3368//3368 3366//3366 3365//3365
f 3368//3368 3365//3365 3369//3369
f 3368//3368 3369//3369 3370//3370
f 3368//3368 3370//3370 3372//3372
f 3368//3368 3373//3373 3342//3342
f 3368//3368 3342//3342 3341//3341
f 3368//3368 3341//3341 3338//3338
f 3368//3368 3338//3338 3367//3367
f 3374//3374 3373//3373 3370//3370
f 3374//3374 3370//3370 3375//3375
f 3374//3374 3375//3375 3376//3376
f 3374//3374 3376//3376 3377//3377
f 3374//3374 3377//3377 3347//3347
f 3374//3374 3347//3347 3346//3346
f 3374//3374 3346//3346 3342//3342
f 3374//3374 3342//3342 3373//3373
f 3378//3378 3379//3379 3380//3380
f 3378//3378 3380//3380 3381//3381
f 3378//3378 3381//3381 3382//3382
f 3378//3378 3382//3382 3383//3383
f 3378//3378 3383//3383 3354//3354
f 3378//3378 3354//3354 3353//3353
f 3378//3378 3353//3353 3352//3352
f 3378//3378 3352//3352 3379//3379
f 3384//3384 3383//3383 3382//3382
f 3384//3384 3382//3382 3385//3385
f 3384//3384 3385//3385 3386//3386
f 3384//3384 3386//3386 3387//3387
f 3384//3384 3387//3387 3360//3360
f 3384//3384 3360//3360 3359//3359
f 3384//3384 3359//3359 3354//3354
f 3384//3384 3354//3354 3383//3383
f 3388//3388 3387//3387 3386//3386
f 3388//3388 3386//3386 3389//3389
f 3388//3388 3389//3389 3390//3390
f 3388//3388 3390//3390 3391//3391
f 3388//3388 3391//3391 3365//3365
f 3388//3388 3365//3365 3364//3364
f 3388//3388 3364//3364 3360//3360
f 3388//3388 3360//3360 3387//3387
f 3392//3392 3391//3391 3390//3390
f 3392//3392 3390//3390 3393//3393
f 3392//3392 3393//3393 3394//3394
f 3392//3392 3394//3394 3395//3395
f 3392//3392 3395//3395 3371//3371
f 3392//3392 3371//3371 3369//3369
f 3392//3392 3369//3369 3365//3365
f 3392//3392 3365//3365 3391//3391
f 3396//3396 3395//3395 3394//3394
f 3396//3396 3394//3394 3397//3397
f 3396//3396 3397//3397 3398//3398
f 3396//3396 3398//3398 3399//3399
f 3396//3396 3399//3399 3376//3376
f 3396//3396 3376//3376 3375//3375
f 3396//3396 3375//3375 3371//3371
f 3396//3396 3371//3371 3395//3395
f 3400//3400 3401//3401 3402//3402
f 3400//3400 3402//3402 3403//3403
f 3400//3400 3403//3403 3404//3404
f 3400//3400 3404//3404 3405//3405
f 3400//3400 3405//3405 3382//3382
f 3400//3400 3382//3382 3381//3381
f 3400//3400 3381//3381 3380//3380
f 3400//3400 3380//3380 3401//3401
f 3406//3406 3405//3405 3404//3404
f 3406//3406 3404//3404 3407//3407
f 3406//3406 3407//3407 3408//3408
f 3406//3406 3408//3408 3409//3409
f 3406//3406 3410//3410 3386//3386
f 3406//3406 3386//3386 3385//3385
f 3406//3406 3385//3385 3382//3382
f 3406//3406 3382//3382 3405//3405
f 3411//3411 3409//3409 3408//3408
f 3411//3411 3408//3408 3412//3412
f 3411//3411 3412//3412 3413//3413
f 3411//3411 3413//3413 3414//3414
f 3411//3411 3414//3414 3390//3390
f 3411//3411 3390//3390 3389//3389
f 3411//3411 3389//3389 3386//3386
f 3411//3411 3386//3386 3410//3410
f 3415//3415 3414//3414 3413//3413
f 3415//3415 3413//3413 3416//3416
f 3415//3415 3416//3416 3417//3417
f 3415//3415 3417//3417 3418//3418
f 3415//3415 3418//3418 3394//3394
f 3415//3415 3394//3394 3393//3393
f 3415//3415 3393//3393 3390//3390
f 3415//3415 3390//3390 3414//3414
f 3419//3419 3418//3418 3417//3417
f 3419//3419 3417//3417 3420//3420
f 3419//3419 3420//3420 3421//3421
f 3419//3419 3421//3421 3422//3422
f 3419//3419 3422//3422 3398//3398
f 3419//3419 3398//3398 3397//3397
f 3419//3419 3397//3397 3394//3394
f 3419//3419 3394//3394 3418//3418
f 3423//3423 3424//3424 3425//3425
f 3423//3423 3425//3425 3426//3426
f 3423//3423 3426//3426 3427//3427
f 3423//3423 3427//3427 3428//3428
f 3423//3423 3428//3428 3404//3404
f 3423//3423 3404//3404 3403//3403
f 3423//3423 3403//3403 3402//3402
f 3423//3423 3402//3402 3424//3424
f 3429//3429 3428//3428 3427//3427
f 3429//3429 3427//3427 3430//3430
f 3429//3429 3430//3430 3431//3431
f 3429//3429 3431//3431 3432//3432
f 3429//3429 3432//3432 3408//3408
f 3429//3429 3408//3408 3407//3407
f 3429//3429 3407//3407 3404//3404
f 3429//3429 3404//3404 3428//3428
f 3433//3433 3432//3432 3431//3431
f 3433//3433 3431//3431 3435//3435
f 3433//3433 3435//3435 3436//3436
f 3433//3433 3436//3436 3437//3437
f 3433//3433 3437//3437 3413//3413
f 3433//3433 3413//3413 3412//3412
f 3434//3434 3412//3412 3408//3408
f 3434//3434 3408//3408 3432//3432
f 3438//3438 3437//3437 3436//3436
f 3438//3438 3436//3436 3439//3439
f 3438//3438 3439//3439 3440//3440
f 3438//3438 3440//3440 3441//3441
f 3438//3438 3441//3441 3417//3417
f 3438//3438 3417//3417 3416//3416
f 3438//3438 3416//3416 3413//3413
f 3438//3438 3413//3413 3437//3437
f 3442//3442 3441//3441 3440//3440
f 3442//3442 3440//3440 3443//3443
f 3442//3442 3443//3443 3444//3444
f 3442//3442 3444//3444 3445//3445
f 3442//3442 3445//3445 3421//3421
f 3442//3442 3421//3421 3420//3420
f 3442//3442 3420//3420 3417//3417
f 3442//3442 3417//3417 3441//3441
f 3446//3446 3447//3447 3448//3448
f 3446//3446 3448//3448 3449//3449
f 3446//3446 3449//3449 3450//3450
f 3446//3446 3450//3450 3451//3451
f 3446//3446 3452//3452 3427//3427
f 3446//3446 3427//3427 3426//3426
f 3446//3446 3426//3426 3425//3425
f 3446//3446 3425//3425 3447//3447
f 3453//3453 3452//3452 3450//3450
f 3453//3453 3450//3450 3454//3454
f 3453//3453 3455//3455 3456//3456
f 3453//3453 3456//3456 3458//3458
f 3453//3453 3458//3458 3431//3431
f 3453//3453 3431//3431 3430//3430
f 3453//3453 3430//3430 3427//3427
f 3453//3453 3427//3427 3452//3452
f 3459//3459 3458//3458 3457//3457
f 3459//3459 3457//3457 3460//3460
f 3459//3459 3461//3461 3462//3462
f 3459//3459 3462//3462 3463//3463
f 3459//3459 3463//3463 3436//3436
f 3459//3459 3436//3436 3435//3435
f 3459//3459 3435//3435 3431//3431
f 3459//3459 3431//3431 3458//3458
f 3464//3464 3463//3463 3462//3462
f 3464//3464 3462//3462 3465//3465
f 3464//3464 3465//3465 3466//3466
f 3464//3464 3466//3466 3469//3469
f 3464//3464 3469//3469 3440//3440
f 3464//3464 3440//3440 3439//3439
f 3464//3464 3439//3439 3436//3436
f 3464//3464 3436//3436 3463//3463
f 3470//3470 3469//3469 3467//3467
f 3470//3470 3467//3467 3472//3472
f 3471//3471 3472//3472 3473//3473
f 3471//3471 3473//3473 3474//3474
f 3470//3470 3474//3474 3444//3444
f 3470//3470 3444//3444 3443//3443
f 3470//3470 3443//3443 3440//3440
f 3470//3470 3440//3440 3469//3469
f 3475//3475 3476//3476 3477//3477
f 3475//3475 3477//3477 3479//3479
f 3475//3475 3479//3479 3480//3480
f 3475//3475 3480//3480 3481//3481
f 3475//3475 3481//3481 3450//3450
f 3475//3475 3450//3450 3449//3449
f 3475//3475 3449//3449 3448//3448
f 3475//3475 3448//3448 3476//3476
f 3482//3482 3481//3481 3480//3480
f 3482//3482 3480//3480 3483//3483
f 3482//3482 3483//3483 3484//3484
f 3482//3482 3484//3484 3485//3485
f 3482//3482 3485//3485 3457//3457
f 3482//3482 3457//3457 3455//3455
f 3482//3482 3455//3455 3450//3450
f 3482//3482 3450//3450 3481//3481
f 3487//3487 3486//3486 3484//3484
f 3487//3487 3484//3484 3488//3488
f 3487//3487 3488//3488 3489//3489
f 3487//3487 3489//3489 3490//3490
f 3487//3487 3490//3490 3462//3462
f 3487//3487 3462//3462 3461//3461
f 3487//3487 3461//3461 3457//3457
f 3487//3487 3457//3457 3485//3485
f 3491//3491 3490//3490 3489//3489
f 3491//3491 3489//3489 3492//3492
f 3491//3491 3492//3492 3493//3493
f 3491//3491 3493//3493 3494//3494
f 3491//3491 3494//3494 3467//3467
f 3491//3491 3467//3467 3465//3465
f 3491//3491 3465//3465 3462//3462
f 3491//3491 3462//3462 3490//3490
f 3495//3495 3494//3494 3493//3493
f 3495//3495 3493//3493 3496//3496
f 3495//3495 3496//3496 3497//3497
f 3495//3495 3497//3497 3498//3498
f 3495//3495 3498//3498 3473//3473
f 3495//3495 3473//3473 3472//3472
f 3495//3495 3472//3472 3468//3468
f 3495//3495 3468//3468 3494//3494
f 3499//3499 3500//3500 3501//3501
f 3499//3499 3501//3501 3502//3502
f 3499//3499 3502//3502 3503//3503
f 3499//3499 3503//3503 3504//3504
f 3499//3499 3504//3504 3480//3480
f 3499//3499 3480//3480 3479//3479
f 3499//3499 3479//3479 3478//3478
f 3499//3499 3478//3478 3500//3500
f 3505//3505 3504//3504 3503//3503
f 3505//3505 3503//3503 3506//3506
f 3505//3505 3506//3506 3507//3507
f 3505//3505 3507//3507 3508//3508
f 3505//3505 3508//3508 3484//3484
f 3505//3505 3484//3484 3483//3483
f 3505//3505 3483//3483 3480//3480
f 3505//3505 3480//3480 3504//3504
f 3509//3509 3508//3508 3507//3507
f 3509//3509 3507//3507 3510//3510
f 3509//3509 3510//3510 3511//3511
f 3509//3509 3511//3511 3512//3512
f 3509//3509 3512//3512 3489//3489
f 3509//3509 3489//3489 3488//3488
f 3509//3509 3488//3488 3484//3484
f 3509//3509 3484//3484 3508//3508
f 3513//3513 3512//3512 3511//3511
f 3513//3513 3511//3511 3514//3514
f 3513//3513 3514//3514 3515//3515
f 3513//3513 3515//3515 3516//3516
f 3513//3513 3516//3516 3493//3493
f 3513//3513 3493//3493 3492//3492
f 3513//3513 3492//3492 3489//3489
f 3513//3513 3489//3489 3512//3512
f 3517//3517 3516//3516 3515//3515
f 3517//3517 3515//3515 3520//3520
f 3517//3517 3520//3520 3521//3521
f 3517//3517 3521//3521 3522//3522
f 3518//3518 3522//3522 3497//3497
f 3518//3518 3497//3497 3496//3496
f 3519//3519 3496//3496 3493//3493
f 3519//3519 3493//3493 3516//3516
f 3523//3523 3524//3524 3296//3296
f 3523//3523 3296//3296 3295//3295
f 3523//3523 3295//3295 3293//3293
f 3523//3523 3293//3293 3525//3525
f 3523//3523 3525//3525 3503//3503
f 3523//3523 3503//3503 3502//3502
f 3523//3523 3502//3502 3501//3501
f 3523//3523 3501//3501 3524//3524
f 3526//3526 3525//3525 3293//3293
f 3526//3526 3293//3293 3304//3304
f 3526//3526 3304//3304 3303//3303
f 3526//3526 3303//3303 3527//3527
f 3526//3526 3528//3528 3507//3507
f 3526//3526 3507//3507 3506//3506
f 3526//3526 3506//3506 3503//3503
f 3526//3526 3503//3503 3525//3525
f 3529//3529 3528//3528 3303//3303
f 3529//3529 3303//3303 3310//3310
f 3529//3529 3310//3310 3309//3309
f 3529//3529 3309//3309 3530//3530
f 3529//3529 3530//3530 3511//3511
f 3529//3529 3511//3511 3510//3510
f 3529//3529 3510//3510 3507//3507
f 3529//3529 3507//3507 3527//3527
f 3531//3531 3530//3530 3309//3309
f 3531//3531 3309//3309 3317//3317
f 3531//3531 3317//3317 3316//3316
f 3531//3531 3316//3316 3532//3532
f 3531//3531 3532//3532 3515//3515
f 3531//3531 3515//3515 3514//3514
f 3531//3531 3514//3514 3511//3511
f 3531//3531 3511//3511 3530//3530
f 3533//3533 3532//3532 3316//3316
f 3533//3533 3316//3316 3325//3325
f 3533//3533 3325//3325 3324//3324
f 3533//3533 3324//3324 3534//3534
f 3533//3533 3534//3534 3521//3521
f 3533//3533 3521//3521 3520//3520
f 3533//3533 3520//3520 3515//3515
f 3533//3533 3515//3515 3532//3532
f 3535//3535 3536//3536 3537//3537
f 3535//3535 3537//3537 3538//3538
f 3535//3535 3538//3538 3539//3539
f 3535//3535 3539//3539 3540//3540
f 3535//3535 3540//3540 3541//3541
f 3535//3535 3541//3541 3542//3542
f 3535//3535 3542//3542 3543//3543
f 3535//3535 3543//3543 3536//3536
f 3544//3544 3540//3540 3539//3539
f 3544//3544 3539//3539 3545//3545
f 3544//3544 3546//3546 3547//3547
f 3544//3544 3547//3547 3549//3549
f 3544//3544 3550//3550 3551//3551
f 3544//3544 3551//3551 3552//3552
f 3544//3544 3552//3552 3541//3541
f 3544//3544 3541//3541 3540//3540
f 3553//3553 3550//3550 3548//3548
f 3553//3553 3548//3548 3556//3556
f 3554//3554 3556//3556 3557//3557
f 3554//3554 3557//3557 3559//3559
f 3555//3555 3560//3560 3562//3562
f 3555//3555 3562//3562 3564//3564
f 3555//3555 3565//3565 3551//3551
f 3555//3555 3551//3551 3550//3550
f 3566//3566 3561//3561 3558//3558
f 3566//3566 3558//3558 3568//3568
f 3566//3566 3568//3568 3569//3569
f 3566//3566 3569//3569 3571//3571
f 3566//3566 3571//3571 3572//3572
f 3566//3566 3572//3572 3573//3573
f 3567//3567 3573//3573 3563//3563
f 3567//3567 3563//3563 3561//3561
f 3574//3574 3571//3571 3570//3570
f 3574//3574 3570//3570 3575//3575
f 3574//3574 3575//3575 3289//3289
f 3574//3574 3289//3289 3288//3288
f 3574//3574 3288//3288 3296//3296
f 3574//3574 3296//3296 3576//3576
f 3574//3574 3576//3576 3572//3572
f 3574//3574 3572//3572 3571//3571
f 3577//3577 3578//3578 3579//3579
f 3577//3577 3579//3579 3580//3580
f 3577//3577 3580//3580 3582//3582
f 3577//3577 3582//3582 3583//3583
f 3577//3577 3583//3583 3539//3539
f 3577//3577 3539//3539 3538//3538
f 3577//3577 3538//3538 3537//3537
f 3577//3577 3537//3537 3578//3578
f 3585//3585 3584//3584 3582//3582
f 3585//3585 3582//3582 3586//3586
f 3585//3585 3587//3587 3588//3588
f 3585//3585 3588//3588 3591//3591
f 3585//3585 3591//3591 3548//3548
f 3585//3585 3548//3548 3545//3545
f 3585//3585 3545//3545 3539//3539
f 3585//3585 3539//3539 3583//3583
f 3593//3593 3592//3592 3589//3589
f 3593//3593 3589//3589 3595//3595
f 3593//3593 3595//3595 3597//3597
f 3593//3593 3597//3597 3600//3600
f 3594//3594 3601//3601 3558//3558
f 3594//3594 3558//3558 3556//3556
f 3594//3594 3556//3556 3548//3548
f 3594//3594 3548//3548 3591//3591
f 3602//3602 3601//3601 3598//3598
f 3602//3602 3598//3598 3603//3603
f 3602//3602 3603//3603 3604//3604
f 3602//3602 3604//3604 3605//3605
f 3602//3602 3605//3605 3569//3569
f 3602//3602 3569//3569 3568//3568
f 3602//3602 3568//3568 3558//3558
f 3602//3602 3558//3558 3601//3601
f 3606//3606 3605//3605 3604//3604
f 3606//3606 3604//3604 3607//3607
f 3606//3606 3607//3607 3328//3328
f 3606//3606 3328//3328 3327//3327
f 3606//3606 3327//3327 3289//3289
f 3606//3606 3289//3289 3575//3575
f 3606//3606 3575//3575 3569//3569
f 3606//3606 3569//3569 3605//3605
f 3608//3608 3610//3610 3611//3611
f 3608//3608 3611//3611 3612//3612
f 3609//3609 3613//3613 3615//3615
f 3609//3609 3615//3615 3616//3616
f 3608//3608 3617//3617 3582//3582
f 3608//3608 3582//3582 3581//3581
f 3608//3608 3580//3580 3579//3579
f 3608//3608 3579//3579 3610//3610
f 3618//3618 3616//3616 3615//3615
f 3618//3618 3615//3615 3620//3620
f 3619//3619 3621//3621 3622//3622
f 3619//3619 3622//3622 3623//3623
f 3619//3619 3623//3623 3590//3590
f 3619//3619 3590//3590 3586//3586
f 3619//3619 3586//3586 3582//3582
f 3619//3619 3582//3582 3617//3617
f 3624//3624 3623//3623 3622//3622
f 3624//3624 3622//3622 3625//3625
f 3624//3624 3625//3625 3627//3627
f 3624//3624 3627//3627 3629//3629
f 3624//3624 3629//3629 3598//3598
f 3624//3624 3598//3598 3596//3596
f 3624//3624 3595//3595 3590//3590
f 3624//3624 3590//3590 3623//3623
f 3630//3630 3629//3629 3628//3628
f 3630//3630 3628//3628 3631//3631
f 3630//3630 3631//3631 3632//3632
f 3630//3630 3632//3632 3633//3633
f 3630//3630 3634//3634 3604//3604
f 3630//3630 3604//3604 3603//3603
f 3630//3630 3603//3603 3599//3599
f 3630//3630 3599//3599 3629//3629
f 3636//3636 3634//3634 3632//3632
f 3636//3636 3632//3632 3637//3637
f 3636//3636 3637//3637 3352//3352
f 3636//3636 3352//3352 3351//3351
f 3636//3636 3351//3351 3328//3328
f 3636//3636 3328//3328 3607//3607
f 3636//3636 3607//3607 3604//3604
f 3636//3636 3604//3604 3635//3635
f 3638//3638 3639//3639 3640//3640
f 3638//3638 3640//3640 3641//3641
f 3638//3638 3642//3642 3644//3644
f 3638//3638 3644//3644 3645//3645
f 3638//3638 3646//3646 3615//3615
f 3638//3638 3615//3615 3614//3614
f 3638//3638 3614//3614 3611//3611
f 3638//3638 3611//3611 3639//3639
f 3647//3647 3646//3646 3644//3644
f 3647//3647 3644//3644 3648//3648
f 3647//3647 3648//3648 3649//3649
f 3647//3647 3649//3649 3651//3651
f 3647//3647 3651//3651 3622//3622
f 3647//3647 3622//3622 3621//3621
f 3647//3647 3621//3621 3615//3615
f 3647//3647 3615//3615 3646//3646
f 3653//3653 3651//3651 3649//3649
f 3653//3653 3649//3649 3654//3654
f 3653//3653 3654//3654 3655//3655
f 3653//3653 3655//3655 3656//3656
f 3653//3653 3657//3657 3628//3628
f 3653//3653 3628//3628 3625//3625
f 3653//3653 3626//3626 3622//3622
f 3653//3653 3622//3622 3652//3652
f 3659//3659 3658//3658 3655//3655
f 3659//3659 3655//3655 3661//3661
f 3660//3660 3662//3662 3663//3663
f 3660//3660 3663//3663 3664//3664
f 3660//3660 3664//3664 3632//3632
f 3660//3660 3632//3632 3631//3631
f 3660//3660 3631//3631 3628//3628
f 3660//3660 3628//3628 3656//3656
f 3665//3665 3664//3664 3663//3663
f 3665//3665 3663//3663 3666//3666
f 3665//3665 3666//3666 3380//3380
f 3665//3665 3380//3380 3379//3379
f 3665//3665 3379//3379 3352//3352
f 3665//3665 3352//3352 3637//3637
f 3665//3665 3637//3637 3632//3632
f 3665//3665 3632//3632 3664//3664
f 3667//3667 3670//3670 3671//3671
f 3667//3667 3671//3671 3672//3672
f 3668//3668 3672//3672 3673//3673
f 3668//3668 3673//3673 3674//3674
f 3669//3669 3674//3674 3644//3644
f 3669//3669 3644//3644 3643//3643
f 3667//3667 3643//3643 3640//3640
f 3667//3667 3640//3640 3670//3670
f 3675//3675 3674//3674 3673//3673
f 3675//3675 3673//3673 3677//3677
f 3676//3676 3677//3677 3678//3678
f 3676//3676 3678//3678 3680//3680
f 3676//3676 3680//3680 3650//3650
f 3676//3676 3650//3650 3648//3648
f 3676//3676 3648//3648 3644//3644
f 3676//3676 3644//3644 3674//3674
f 3681//3681 3680//3680 3678//3678
f 3681//3681 3678//3678 3682//3682
f 3681//3681 3682//3682 3683//3683
f 3681//3681 3683//3683 3684//3684
f 3681//3681 3684//3684 3655//3655
f 3681//3681 3655//3655 3654//3654
f 3681//3681 3654//3654 3650//3650
f 3681//3681 3650//3650 3680//3680
f 3685//3685 3684//3684 3683//3683
f 3685//3685 3683//3683 3686//3686
f 3685//3685 3686//3686 3687//3687
f 3685//3685 3687//3687 3688//3688
f 3685//3685 3689//3689 3663//3663
f 3685//3685 3663//3663 3662//3662
f 3685//3685 3662//3662 3655//3655
f 3685//3685 3655//3655 3684//3684
f 3690//3690 3688//3688 3687//3687
f 3690//3690 3687//3687 3691//3691
f 3690//3690 3691//3691 3402//3402
f 3690//3690 3402//3402 3401//3401
f 3690//3690 3401//3401 3380//3380
f 3690//3690 3380//3380 3666//3666
f 3690//3690 3666//3666 3663//3663
f 3690//3690 3663//3663 3689//3689
f 3692//3692 3693//3693 3694//3694
f 3692//3692 3694//3694 3695//3695
f 3692//3692 3695//3695 3696//3696
f 3692//3692 3696//3696 3698//3698
f 3692//3692 3698//3698 3673//3673
f 3692//3692 3673//3673 3672//3672
f 3692//3692 3672//3672 3671//3671
f 3692//3692 3671//3671 3693//3693
f 3699//3699 3698//3698 3697//3697
f 3699//3699 3697//3697 3700//3700
f 3699//3699 3701//3701 3702//3702
f 3699//3699 3702//3702 3704//3704
f 3699//3699 3704//3704 3679//3679
f 3699//3699 3679//3679 3677//3677
f 3699//3699 3677//3677 3673//3673
f 3699//3699 3673//3673 3698//3698
f 3705//3705 3704//3704 3702//3702
f 3705//3705 3702//3702 3707//3707
f 3706//3706 3707//3707 3709//3709
f 3706//3706 3709//3709 3710//3710
f 3705//3705 3710//3710 3683//3683
f 3705//3705 3683//3683 3682//3682
f 3705//3705 3682//3682 3678//3678
f 3705//3705 3678//3678 3704//3704
f 3711//3711 3710//3710 3709//3709
f 3711//3711 3709//3709 3712//3712
f 3711//3711 3712//3712 3713//3713
f 3711//3711 3713//3713 3714//3714
f 3711//3711 3714//3714 3687//3687
f 3711//3711 3687//3687 3686//3686
f 3711//3711 3686//3686 3683//3683
f 3711//3711 3683//3683 3710//3710
f 3715//3715 3714//3714 3713//3713
f 3715//3715 3713//3713 3716//3716
f 3715//3715 3716//3716 3425//3425
f 3715//3715 3425//3425 3424//3424
f 3715//3715 3424//3424 3402//3402
f 3715//3715 3402//3402 3691//3691
f 3715//3715 3691//3691 3687//3687
f 3715//3715 3687//3687 3714//3714
f 3717//3717 3718//3718 3719//3719
f 3717//3717 3719//3719 3720//3720
f 3717//3717 3720//3720 3721//3721
f 3717//3717 3721//3721 3723//3723
f 3717//3717 3724//3724 3697//3697
f 3717//3717 3697//3697 3695//3695
f 3717//3717 3695//3695 3694//3694
f 3717//3717 3694//3694 3718//3718
f 3725//3725 3723//3723 3721//3721
f 3725//3725 3721//3721 3727//3727
f 3726//3726 3728//3728 3730//3730
f 3726//3726 3730//3730 3733//3733
f 3725//3725 3734//3734 3702//3702
f 3725//3725 3702//3702 3701//3701
f 3725//3725 3701//3701 3697//3697
f 3725//3725 3697//3697 3723//3723
f 3736//3736 3734//3734 3731//3731
f 3736//3736 3731//3731 3738//3738
f 3736//3736 3739//3739 3741//3741
f 3736//3736 3741//3741 3743//3743
f 3736//3736 3743//3743 3709//3709
f 3736//3736 3709//3709 3707//3707
f 3737//3737 3708//3708 3703//3703
f 3737//3737 3703//3703 3735//3735
f 3745//3745 3743//3743 3742//3742
f 3745//3745 3742//3742 3746//3746
f 3745//3745 3747//3747 3749//3749
f 3745//3745 3749//3749 3750//3750
f 3745//3745 3751//3751 3713//3713
f 3745//3745 3713//3713 3712//3712
f 3745//3745 3712//3712 3709//3709
f 3745//3745 3709//3709 3744//3744
f 3753//3753 3751//3751 3749//3749
f 3753//3753 3749//3749 3755//3755
f 3754//3754 3755//3755 3448//3448
f 3754//3754 3448//3448 3447//3447
f 3753//3753 3447//3447 3425//3425
f 3753//3753 3425//3425 3716//3716
f 3753//3753 3716//3716 3713//3713
f 3753//3753 3713//3713 3752//3752
f 3756//3756 3758//3758 3759//3759
f 3756//3756 3759//3759 3761//3761
f 3757//3757 3761//3761 3762//3762
f 3757//3757 3762//3762 3764//3764
f 3756//3756 3764//3764 3722//3722
f 3756//3756 3722//3722 3720//3720
f 3756//3756 3720//3720 3719//3719
f 3756//3756 3719//3719 3758//3758
f 3766//3766 3765//3765 3762//3762
f 3766//3766 3762//3762 3768//3768
f 3767//3767 3768//3768 3769//3769
f 3767//3767 3769//3769 3770//3770
f 3766//3766 3770//3770 3731//3731
f 3766//3766 3731//3731 3727//3727
f 3766//3766 3729//3729 3721//3721
f 3766//3766 3721//3721 3764//3764
f 3771//3771 3770//3770 3769//3769
f 3771//3771 3769//3769 3772//3772
f 3771//3771 3773//3773 3774//3774
f 3771//3771 3774//3774 3776//3776
f 3771//3771 3777//3777 3742//3742
f 3771//3771 3742//3742 3738//3738
f 3771//3771 3740//3740 3732//3732
f 3771//3771 3732//3732 3770//3770
f 3779//3779 3778//3778 3774//3774
f 3779//3779 3774//3774 3781//3781
f 3779//3779 3781//3781 3782//3782
f 3779//3779 3782//3782 3784//3784
f 3779//3779 3784//3784 3749//3749
f 3779//3779 3749//3749 3746//3746
f 3780//3780 3748//3748 3742//3742
f 3780//3780 3742//3742 3777//3777
f 3786//3786 3785//3785 3783//3783
f 3786//3786 3783//3783 3788//3788
f 3787//3787 3788//3788 3477//3477
f 3787//3787 3477//3477 3476//3476
f 3786//3786 3476//3476 3448//3448
f 3786//3786 3448//3448 3755//3755
f 3786//3786 3755//3755 3749//3749
f 3786//3786 3749//3749 3785//3785
f 3789//3789 3790//3790 3791//3791
f 3789//3789 3791//3791 3792//3792
f 3789//3789 3792//3792 3793//3793
f 3789//3789 3793//3793 3794//3794
f 3789//3789 3794//3794 3762//3762
f 3789//3789 3762//3762 3761//3761
f 3789//3789 3761//3761 3760//3760
f 3789//3789 3760//3760 3790//3790
f 3795//3795 3794//3794 3793//3793
f 3795//3795 3793//3793 3796//3796
f 3795//3795 3796//3796 3797//3797
f 3795//3795 3797//3797 3798//3798
f 3795//3795 3798//3798 3769//3769
f 3795//3795 3769//3769 3768//3768
f 3795//3795 3768//3768 3763//3763
f 3795//3795 3763//3763 3794//3794
f 3799//3799 3798//3798 3797//3797
f 3799//3799 3797//3797 3800//3800
f 3799//3799 3800//3800 3801//3801
f 3799//3799 3801//3801 3803//3803
f 3799//3799 3804//3804 3775//3775
f 3799//3799 3775//3775 3773//3773
f 3799//3799 3773//3773 3769//3769
f 3799//3799 3769//3769 3798//3798
f 3805//3805 3803//3803 3802//3802
f 3805//3805 3802//3802 3807//3807
f 3805//3805 3807//3807 3808//3808
f 3805//3805 3808//3808 3809//3809
f 3805//3805 3809//3809 3782//3782
f 3805//3805 3782//3782 3781//3781
f 3806//3806 3781//3781 3774//3774
f 3806//3806 3774//3774 3803//3803
f 3811//3811 3809//3809 3808//3808
f 3811//3811 3808//3808 3812//3812
f 3811//3811 3812//3812 3501//3501
f 3811//3811 3501//3501 3500//3500
f 3811//3811 3500//3500 3477//3477
f 3811//3811 3477//3477 3788//3788
f 3811//3811 3788//3788 3782//3782
f 3811//3811 3782//3782 3810//3810
f 3813//3813 3814//3814 3543//3543
f 3813//3813 3543//3543 3542//3542
f 3813//3813 3542//3542 3541//3541
f 3813//3813 3541//3541 3815//3815
f 3813//3813 3815//3815 3793//3793
f 3813//3813 3793//3793 3792//3792
f 3813//3813 3792//3792 3791//3791
f 3813//3813 3791//3791 3814//3814
f 3816//3816 3815//3815 3541//3541
f 3816//3816 3541//3541 3552//3552
f 3816//3816 3552//3552 3551//3551
f 3816//3816 3551//3551 3817//3817
f 3816//3816 3817//3817 3797//3797
f 3816//3816 3797//3797 3796//3796
f 3816//3816 3796//3796 3793//3793
f 3816//3816 3793//3793 3815//3815
f 3818//3818 3817//3817 3551//3551
f 3818//3818 3551//3551 3565//3565
f 3818//3818 3565//3565 3563//3563
f 3818//3818 3563//3563 3819//3819
f 3818//3818 3819//3819 3802//3802
f 3818//3818 3802//3802 3800//3800
f 3818//3818 3800//3800 3797//3797
f 3818//3818 3797//3797 3817//3817
f 3820//3820 3819//3819 3562//3562
f 3820//3820 3562//3562 3573//3573
f 3820//3820 3573//3573 3572//3572
f 3820//3820 3572//3572 3821//3821
f 3820//3820 3821//3821 3808//3808
f 3820//3820 3808//3808 3807//3807
f 3820//3820 3807//3807 3802//3802
f 3820//3820 3802//3802 3819//3819
f 3822//3822 3821//3821 3572//3572
f 3822//3822 3572//3572 3576//3576
f 3822//3822 3576//3576 3296//3296
f 3822//3822 3296//3296 3524//3524
f 3822//3822 3524//3524 3501//3501
f 3822//3822 3501//3501 3812//3812
f 3822//3822 3812//3812 3808//3808
f 3822//3822 3808//3808 3821//3821
